TF	binding_mass	weighted_mass	n_targets	log2_weight_change	top_cluster	top_organ	atlas_informed	symbol
AT1G01060	1823.7232	1606.3907	3450	-0.183		(not in atlas set)	False	LHY
AT1G01250	251.9488	233.4509	503	-0.1096		(not in atlas set)	False	
AT1G01720	1657.2625	1452.0064	3270	-0.1906		(not in atlas set)	False	ANAC002
AT1G02230	1475.8634	1304.0841	2879	-0.1784		(not in atlas set)	False	ANAC004
AT1G02250	1292.5	1130.1363	2585	-0.1935		(not in atlas set)	False	anac005
AT1G03800	2136.7421	1968.6516	4127	-0.1181		(not in atlas set)	False	ATERF10
AT1G03840	1073.0622	975.6138	2163	-0.1372		(not in atlas set)	False	MGP
AT1G04880	608.0116	516.103	1222	-0.236	flower_9	flower	True	
AT1G06180	926.8351	825.3339	1866	-0.1671		(not in atlas set)	False	ATMYB13
AT1G06280	2564.6673	2341.7598	4955	-0.1311		(not in atlas set)	False	LBD2
AT1G06850	1268.5112	1139.2112	2564	-0.155		(not in atlas set)	False	AtbZIP52
AT1G08010	1085.5	1008.5906	2171	-0.1059		(not in atlas set)	False	GATA11
AT1G08320	1878.031	1682.7952	3530	-0.1583		(not in atlas set)	False	bZIP21
AT1G09540	1448.7062	1301.2365	2869	-0.1548	silique_7	silique	True	ATMYB61
AT1G10720	63.0	55.5238	126	-0.1792		(not in atlas set)	False	
AT1G12260	1417.0	1217.0093	2834	-0.2193		(not in atlas set)	False	ANAC007
AT1G12610	806.5579	733.9393	1619	-0.1359		(not in atlas set)	False	DDF1
AT1G12630	1903.948	1739.5445	3648	-0.1302		(not in atlas set)	False	
AT1G13260	697.5	630.3693	1395	-0.1458		(not in atlas set)	False	EDF4
AT1G13300	260.5	238.9866	521	-0.1239	seedling_15d_15	seedling_15d	True	HRS1
AT1G13400	366.5	348.8883	733	-0.0708		(not in atlas set)	False	JGL
AT1G14580	563.2441	520.9027	1142	-0.1125		(not in atlas set)	False	
AT1G14687	1353.5	1190.1264	2707	-0.1854		(not in atlas set)	False	AtHB32
AT1G16490	1608.4312	1430.2647	3209	-0.1693		(not in atlas set)	False	ATMYB58
AT1G17950	34.5	32.0354	69	-0.1038		(not in atlas set)	False	ATMYB52
AT1G18330	1347.5	1180.4146	2695	-0.1908		(not in atlas set)	False	EPR1
AT1G18570	185.5	164.1728	371	-0.1752		(not in atlas set)	False	AtMYB51
AT1G18960	66.0	59.6719	132	-0.1431		(not in atlas set)	False	
AT1G19000	1577.6657	1436.2539	3113	-0.1354		(not in atlas set)	False	
AT1G19040	275.5	229.2957	551	-0.2638		(not in atlas set)	False	
AT1G19210	2363.0189	2132.1855	4500	-0.1482	seedling_15d_17	seedling_15d	True	
AT1G19790	1097.2469	1002.4215	2218	-0.1303		(not in atlas set)	False	SRS7
AT1G20910	1359.5	1205.8493	2719	-0.1729		(not in atlas set)	False	
AT1G20980	731.5	645.266	1463	-0.1807		(not in atlas set)	False	ATSPL14
AT1G21910	256.0	234.1416	512	-0.1282	seedling_15d_14	seedling_15d	True	DREB26
AT1G22070	207.5	190.0327	415	-0.1262		(not in atlas set)	False	TGA3
AT1G22810	1474.5	1349.6645	2949	-0.1275		(not in atlas set)	False	
AT1G23810	125.0	114.3155	250	-0.1278		(not in atlas set)	False	
AT1G24250	629.5	556.391	1259	-0.1778	flower_9	flower	True	
AT1G25340	1239.322	1120.157	2479	-0.1457	flower_2	flower	True	AtMYB116
AT1G25550	989.0	908.7919	1978	-0.1219		(not in atlas set)	False	
AT1G25580	860.0	796.9106	1720	-0.1098		(not in atlas set)	False	ANAC008
AT1G26960	1775.8615	1542.6329	3450	-0.203		(not in atlas set)	False	AtHB23
AT1G27360	127.5	115.4468	255	-0.1421		(not in atlas set)	False	SPL11
AT1G27730	1023.5	953.511	2047	-0.1021	seedling_15d_14	seedling_15d	True	STZ
AT1G28160	1761.4725	1633.7816	3525	-0.1085		(not in atlas set)	False	
AT1G28370	2050.7477	1897.5212	3969	-0.112		(not in atlas set)	False	ATERF11
AT1G28470	1906.5196	1677.6667	3542	-0.1844		(not in atlas set)	False	ANAC010
AT1G29280	1917.649	1720.6825	3722	-0.1563		(not in atlas set)	False	ATWRKY65
AT1G29860	1465.5	1313.4731	2931	-0.1579		(not in atlas set)	False	ATWRKY71
AT1G30210	17.0	16.3112	34	-0.0563		(not in atlas set)	False	ATTCP24
AT1G30490	1281.0	1129.1392	2562	-0.1819		(not in atlas set)	False	ATHB9
AT1G30650	1689.7327	1521.7779	3361	-0.1509	seedling_15d_15	seedling_15d	True	AR411
AT1G31140	1392.5	1254.6875	2785	-0.1502		(not in atlas set)	False	AGL63
AT1G32150	1640.0	1483.2248	3280	-0.1449		(not in atlas set)	False	AtbZIP68
AT1G32240	212.1778	184.4978	424	-0.2007		(not in atlas set)	False	KAN2
AT1G32510	81.0	66.2679	162	-0.2857		(not in atlas set)	False	ANAC011
AT1G32870	1384.7558	1169.5478	2770	-0.2435		(not in atlas set)	False	ANAC013
AT1G33240	1813.9914	1617.9581	3551	-0.1649		(not in atlas set)	False	AT-GTL1
AT1G34180	1487.5567	1264.4741	2919	-0.2342		(not in atlas set)	False	anac016
AT1G34190	1430.5	1246.7449	2861	-0.1982		(not in atlas set)	False	anac017
AT1G34370	304.5225	264.9885	615	-0.1999		(not in atlas set)	False	AtSTOP1
AT1G34670	1412.01	1241.5445	2874	-0.1855	seedling_15d_13	seedling_15d	True	AtMYB93
AT1G36060	1097.5916	991.4053	2174	-0.1467	silique_5	silique	True	
AT1G43700	378.6396	335.5739	765	-0.1737		(not in atlas set)	False	SUE3
AT1G44830	565.0	516.0624	1130	-0.1305		(not in atlas set)	False	
AT1G45249	934.5	842.8877	1869	-0.1487		(not in atlas set)	False	ABF2
AT1G46264	61.5	54.7931	123	-0.1638		(not in atlas set)	False	AT-HSFB4
AT1G47655	1452.0252	1322.3558	2874	-0.1349		(not in atlas set)	False	
AT1G47870	13.0	12.1684	26	-0.0883		(not in atlas set)	False	ATE2F2
AT1G49010	1729.3973	1582.1845	3410	-0.1283		(not in atlas set)	False	
AT1G49560	1611.6294	1492.9313	3241	-0.1103		(not in atlas set)	False	
AT1G50640	1611.8803	1482.0099	3155	-0.1211		(not in atlas set)	False	ATERF3
AT1G51220	1322.8642	1202.7162	2709	-0.1373		(not in atlas set)	False	AtWIP5
AT1G51600	97.0	87.0523	194	-0.1544		(not in atlas set)	False	GATA28
AT1G51700	1403.6974	1284.7435	2798	-0.1277		(not in atlas set)	False	ADOF1
AT1G52150	1284.5	1134.6447	2569	-0.1788		(not in atlas set)	False	ATHB-15
AT1G52880	1577.8891	1365.7681	3182	-0.2081		(not in atlas set)	False	ANAC018
AT1G53170	2747.7896	2530.147	5221	-0.119		(not in atlas set)	False	ATERF-8
AT1G53230	329.0	293.3401	658	-0.165		(not in atlas set)	False	TCP3
AT1G54330	1381.5	1152.6086	2763	-0.2611		(not in atlas set)	False	ANAC020
AT1G55110	1342.5	1220.7965	2685	-0.137		(not in atlas set)	False	AtIDD7
AT1G60920	32.0	29.5085	64	-0.1133		(not in atlas set)	False	AGL55
AT1G62300	1428.7629	1289.8009	2859	-0.1475	seedling_15d_15	seedling_15d	True	ATWRKY6
AT1G63030	128.5	116.1647	257	-0.1444	stem_11	stem	True	ddf2
AT1G63040	25.0	23.2372	50	-0.1013		(not in atlas set)	False	
AT1G64620	2005.8834	1835.2879	3903	-0.1282		(not in atlas set)	False	
AT1G65620	196.0	180.3207	392	-0.1197		(not in atlas set)	False	AS2
AT1G65910	1386.0	1161.8891	2772	-0.2543		(not in atlas set)	False	anac028
AT1G66370	272.0	244.6685	544	-0.1522		(not in atlas set)	False	AtMYB113
AT1G66420	11.0	10.3138	22	-0.085		(not in atlas set)	False	
AT1G67260	31.5	30.4325	63	-0.0482	rosette_30d_8	rosette_30d	True	TCP1
AT1G68320	1302.649	1172.5621	2612	-0.1517		(not in atlas set)	False	AtMYB62
AT1G68550	1921.8076	1774.3225	3820	-0.1151		(not in atlas set)	False	CRF10
AT1G68670	610.5	558.2719	1221	-0.1288		(not in atlas set)	False	
AT1G69010	1508.5	1347.4704	3017	-0.1627		(not in atlas set)	False	BIM2
AT1G69180	1451.1368	1285.1968	2881	-0.1751	flower_2	flower	True	CRC
AT1G69490	1434.683	1232.6469	2879	-0.2188	silique_16	silique	True	ANAC029
AT1G69560	298.2539	266.3584	603	-0.1626		(not in atlas set)	False	ATMYB105
AT1G69570	1883.8026	1729.6136	3655	-0.1231		(not in atlas set)	False	
AT1G69690	292.5865	266.7521	587	-0.1329		(not in atlas set)	False	AtTCP15
AT1G69780	1438.5991	1269.402	2834	-0.1804		(not in atlas set)	False	ATHB13
AT1G70910	18.0	17.1345	36	-0.0673		(not in atlas set)	False	DEP
AT1G70920	1108.7174	994.2234	2218	-0.1571	silique_14	silique	True	ATHB18
AT1G71450	2389.3105	2176.0146	4601	-0.1348		(not in atlas set)	False	
AT1G71696	1427.0	1272.0637	2854	-0.1657		(not in atlas set)	False	SOL1
AT1G72010	596.5	536.5525	1193	-0.1525		(not in atlas set)	False	
AT1G72360	233.5228	222.9175	468	-0.0668		(not in atlas set)	False	AtERF73
AT1G72740	1814.5623	1663.0279	3569	-0.1257		(not in atlas set)	False	
AT1G73730	57.5	51.4343	115	-0.1579		(not in atlas set)	False	AtEIL3
AT1G74370	22.0	19.8607	44	-0.1408		(not in atlas set)	False	
AT1G74480	1401.4607	1299.1726	2832	-0.1093		(not in atlas set)	False	AtRKD2
AT1G74650	1546.4664	1386.7153	3103	-0.1572	silique_9	silique	True	ATMYB31
AT1G74840	1168.105	1064.6043	2354	-0.1337		(not in atlas set)	False	
AT1G75080	317.5	280.9032	635	-0.1761		(not in atlas set)	False	BZR1
AT1G75240	1847.3295	1630.6808	3614	-0.1799		(not in atlas set)	False	AtHB33
AT1G75390	310.0	287.4754	620	-0.1085		(not in atlas set)	False	AtbZIP44
AT1G75490	861.0444	785.3898	1688	-0.1325		(not in atlas set)	False	
AT1G76110	700.8502	591.115	1397	-0.2453		(not in atlas set)	False	
AT1G76420	1514.328	1280.7929	3036	-0.2415		(not in atlas set)	False	ANAC031
AT1G76870	132.5	121.1165	265	-0.1286		(not in atlas set)	False	
AT1G76880	153.5	142.0186	307	-0.1114		(not in atlas set)	False	
AT1G76890	1776.9596	1588.0455	3531	-0.1621		(not in atlas set)	False	AT-GT2
AT1G77200	2132.0132	1935.8585	3938	-0.1392		(not in atlas set)	False	
AT1G77640	241.0	218.5825	482	-0.1402	seedling_15d_14	seedling_15d	True	
AT1G78700	1577.9899	1407.1059	3155	-0.1652		(not in atlas set)	False	BEH4
AT1G79180	732.5	651.7829	1465	-0.1682	silique_4	silique	True	ATMYB63
AT1G79580	1926.2735	1651.9691	3619	-0.2215		(not in atlas set)	False	ANAC033
AT1G80840	187.0	168.5431	374	-0.1491	stem_0	stem	True	ATWRKY40
AT2G01060	1263.0	1168.0487	2526	-0.1127		(not in atlas set)	False	
AT2G01818	428.5	376.3128	857	-0.1869		(not in atlas set)	False	
AT2G01930	1902.1503	1742.2095	3715	-0.1266		(not in atlas set)	False	ATBPC1
AT2G01940	1564.4345	1419.2322	3022	-0.1404		(not in atlas set)	False	ATIDD15
AT2G02070	1367.0	1246.8068	2734	-0.1327		(not in atlas set)	False	AtIDD5
AT2G02080	1434.5	1306.3855	2869	-0.1349		(not in atlas set)	False	AtIDD4
AT2G02540	1753.8542	1551.132	3497	-0.1771		(not in atlas set)	False	ATHB21
AT2G02820	2263.8942	2048.3296	4395	-0.1443		(not in atlas set)	False	AtMYB88
AT2G03340	434.5	387.7781	869	-0.1637		(not in atlas set)	False	WRKY3
AT2G03500	1381.1647	1252.8865	2758	-0.1405		(not in atlas set)	False	
AT2G04038	1354.2033	1235.2542	2708	-0.1325		(not in atlas set)	False	AtbZIP48
AT2G06200	873.0	797.6873	1746	-0.13		(not in atlas set)	False	AtGRF6
AT2G15660	234.5	207.7928	469	-0.1737	silique_23	silique	True	AGL95
AT2G15740	1254.5	1179.1493	2509	-0.0893		(not in atlas set)	False	
AT2G17410	158.5	142.4957	317	-0.1525		(not in atlas set)	False	
AT2G17900	73.5	64.7771	147	-0.1797		(not in atlas set)	False	ASHR1
AT2G17950	488.1605	439.7522	978	-0.1503		(not in atlas set)	False	PGA6
AT2G18060	1424.5	1214.8061	2849	-0.2296		(not in atlas set)	False	ANAC037
AT2G18160	1471.7034	1342.4056	2961	-0.1326		(not in atlas set)	False	ATBZIP2
AT2G18350	1747.2743	1529.8515	3464	-0.1916		(not in atlas set)	False	AtHB24
AT2G18380	1656.9467	1541.8947	3317	-0.1038		(not in atlas set)	False	GATA20
AT2G20110	1901.1262	1697.2567	3616	-0.1636		(not in atlas set)	False	
AT2G20400	1245.4364	1126.6286	2496	-0.1445		(not in atlas set)	False	
AT2G21900	70.5	65.2713	141	-0.1096	silique_14	silique	True	ATWRKY59
AT2G22430	1401.6031	1253.2968	2771	-0.1612		(not in atlas set)	False	ATHB6
AT2G22540	1933.6014	1745.2349	3865	-0.1478		(not in atlas set)	False	AGL22
AT2G23290	1397.0	1254.681	2794	-0.1549		(not in atlas set)	False	AtMYB70
AT2G23320	2062.7015	1848.4611	3915	-0.1581		(not in atlas set)	False	AtWRKY15
AT2G23340	1607.376	1455.6976	3188	-0.1429		(not in atlas set)	False	DEAR3
AT2G24430	1495.9924	1268.0016	2982	-0.2384	seedling_9d_14	seedling_9d	True	ANAC038
AT2G24570	167.1428	151.938	340	-0.1367		(not in atlas set)	False	ATWRKY17
AT2G26960	963.5844	869.7951	1922	-0.1476		(not in atlas set)	False	AtMYB81
AT2G28810	1967.3513	1805.6165	3816	-0.1237	seed_425d_15	seed_425d	True	
AT2G28920	472.5	417.2957	945	-0.1788		(not in atlas set)	False	
AT2G30250	1885.075	1681.0937	3699	-0.1651		(not in atlas set)	False	ATWRKY25
AT2G30340	1190.781	1084.6682	2393	-0.1345		(not in atlas set)	False	LBD13
AT2G30590	233.0	209.5669	466	-0.1522		(not in atlas set)	False	WRKY21
AT2G31230	1711.0	1571.9292	3422	-0.1222		(not in atlas set)	False	ATERF15
AT2G31460	51.0	43.1446	102	-0.2363		(not in atlas set)	False	
AT2G32460	1302.4404	1181.2059	2616	-0.1408	stem_15	stem	True	ATM1
AT2G33550	1118.3888	1022.1556	2248	-0.1297		(not in atlas set)	False	
AT2G33710	1773.0	1639.0125	3546	-0.1133		(not in atlas set)	False	
AT2G33810	276.4652	243.9095	565	-0.1801		(not in atlas set)	False	SPL3
AT2G35530	1724.8431	1569.9319	3430	-0.1357		(not in atlas set)	False	AtbZIP16
AT2G35700	1630.0	1491.8316	3260	-0.1277		(not in atlas set)	False	ATERF38
AT2G36270	1772.8009	1611.8525	3561	-0.1372		(not in atlas set)	False	ABI5
AT2G38090	20.0	17.9322	40	-0.1495		(not in atlas set)	False	
AT2G38300	227.5	207.5013	455	-0.1321		(not in atlas set)	False	
AT2G38340	1767.1644	1603.112	3425	-0.1405		(not in atlas set)	False	DREB19
AT2G38470	1488.0	1324.0104	2976	-0.1683	rosette_21d_6	rosette_21d	True	ATWRKY33
AT2G38880	83.5	76.5324	167	-0.1242		(not in atlas set)	False	ATHAP3
AT2G39900	46.5	41.9193	93	-0.1463	seedling_15d_15	seedling_15d	True	WLIM2a
AT2G40260	1608.9244	1447.7565	3168	-0.1522		(not in atlas set)	False	
AT2G40740	1558.5	1409.2363	3117	-0.1451		(not in atlas set)	False	ATWRKY55
AT2G41690	319.6623	290.7739	638	-0.1362		(not in atlas set)	False	AT-HSFB3
AT2G41835	86.0	78.0217	172	-0.1388		(not in atlas set)	False	
AT2G42200	1730.9196	1559.0741	3289	-0.1508		(not in atlas set)	False	AtSPL9
AT2G42430	1411.5184	1288.7221	2833	-0.1312		(not in atlas set)	False	ASL18
AT2G42590	417.1712	380.2668	838	-0.1333		(not in atlas set)	False	GF14 MU
AT2G43000	1655.5	1482.3155	3311	-0.1593		(not in atlas set)	False	ANAC042
AT2G44840	1642.9341	1501.5963	3243	-0.1297		(not in atlas set)	False	ATERF13
AT2G44940	1403.8981	1274.9944	2815	-0.1388		(not in atlas set)	False	
AT2G45410	1844.7217	1684.3373	3635	-0.1311		(not in atlas set)	False	LBD19
AT2G45420	1872.1851	1704.6735	3657	-0.1352	silique_15	silique	True	LBD18
AT2G45650	214.5	195.7152	429	-0.1316		(not in atlas set)	False	AGL6
AT2G45680	192.1702	174.8103	384	-0.1359		(not in atlas set)	False	TCP9
AT2G46130	516.3703	469.5441	1076	-0.1369	silique_13	silique	True	ATWRKY43
AT2G46400	41.2205	34.9435	80	-0.2322		(not in atlas set)	False	ATWRKY46
AT2G46590	1961.5274	1788.5186	3828	-0.1331		(not in atlas set)	False	DAG2
AT2G46680	1302.5	1183.3524	2605	-0.1383		(not in atlas set)	False	ATHB-7
AT2G46770	1617.5208	1391.4939	3117	-0.217		(not in atlas set)	False	ANAC043
AT2G47070	1392.8109	1239.4154	2765	-0.1682		(not in atlas set)	False	SPL1
AT2G48100	14.5	13.9143	29	-0.0556		(not in atlas set)	False	
AT3G01220	1413.2569	1257.1352	2829	-0.1688		(not in atlas set)	False	ATHB20
AT3G01470	384.4576	343.213	781	-0.1633		(not in atlas set)	False	ATHB-1
AT3G01530	1483.7998	1328.6412	2963	-0.1592		(not in atlas set)	False	ATMYB57
AT3G01970	1632.8744	1465.4766	3242	-0.1559		(not in atlas set)	False	ATWRKY45
AT3G02150	136.5644	123.4626	283	-0.1444		(not in atlas set)	False	PTF1
AT3G02940	1740.3289	1543.5511	3494	-0.173	silique_13	silique	True	AtMYB107
AT3G02990	204.5693	182.961	427	-0.1602		(not in atlas set)	False	ATHSFA1E
AT3G03200	1624.1801	1382.2945	3212	-0.2325		(not in atlas set)	False	anac045
AT3G03660	126.5	113.9418	253	-0.1496		(not in atlas set)	False	WOX11
AT3G04030	1889.3188	1718.9231	3694	-0.1363		(not in atlas set)	False	MYR2
AT3G04060	1419.5	1204.1423	2839	-0.2372		(not in atlas set)	False	anac046
AT3G04070	303.0	261.7388	606	-0.2104		(not in atlas set)	False	anac047
AT3G06490	637.5	575.2662	1275	-0.148		(not in atlas set)	False	AtMYB108
AT3G06740	1134.5	1022.0084	2269	-0.1505		(not in atlas set)	False	GATA15
AT3G07220	24.0	19.9543	48	-0.2547		(not in atlas set)	False	AtFHA2
AT3G08500	1246.2432	1122.7885	2504	-0.1504		(not in atlas set)	False	AtMYB83
AT3G09230	51.5	47.4064	103	-0.1171		(not in atlas set)	False	AtMYB1
AT3G09600	1904.6381	1695.3113	3672	-0.1679		(not in atlas set)	False	LCL5
AT3G09735	1311.5	1183.0308	2623	-0.1486		(not in atlas set)	False	
AT3G10030	757.2172	687.0922	1534	-0.14		(not in atlas set)	False	
AT3G10113	1274.5	1139.7688	2549	-0.1611		(not in atlas set)	False	
AT3G10480	1596.6151	1324.6882	2937	-0.2692		(not in atlas set)	False	ANAC050
AT3G10500	1354.5	1134.7454	2709	-0.2552		(not in atlas set)	False	ANAC053
AT3G10580	1434.2228	1289.6585	2878	-0.1532		(not in atlas set)	False	
AT3G10800	623.0	561.1787	1246	-0.1505		(not in atlas set)	False	BZIP28
AT3G11020	891.8375	800.6455	1754	-0.1554		(not in atlas set)	False	DREB2
AT3G11280	583.5955	535.1685	1173	-0.1248	rosette_21d_8	rosette_21d	True	
AT3G11440	1495.3956	1345.5972	3019	-0.1522		(not in atlas set)	False	ATMYB65
AT3G12130	1287.5	1191.5417	2575	-0.1117		(not in atlas set)	False	
AT3G12250	1797.9032	1608.7336	3600	-0.1603		(not in atlas set)	False	BZIP45
AT3G12720	1317.5	1175.6838	2635	-0.1642	seedling_15d_16	seedling_15d	True	ATMYB67
AT3G12730	1416.3823	1291.3348	2828	-0.1332		(not in atlas set)	False	
AT3G12820	440.9338	392.8935	895	-0.166		(not in atlas set)	False	AtMYB10
AT3G12910	44.5	40.3389	89	-0.1384		(not in atlas set)	False	
AT3G13040	53.5	47.809	107	-0.1591		(not in atlas set)	False	
AT3G13350	221.0	199.5215	442	-0.1468		(not in atlas set)	False	
AT3G13810	1147.3549	1040.1373	2265	-0.1414		(not in atlas set)	False	AtIDD11
AT3G15170	900.6593	747.035	1810	-0.2695		(not in atlas set)	False	ANAC054
AT3G15210	2475.0194	2279.5604	4692	-0.1186	seedling_15d_14	seedling_15d	True	ATERF-4
AT3G15270	1895.6975	1689.9714	3557	-0.1656		(not in atlas set)	False	SPL5
AT3G16280	1415.9167	1291.5435	2855	-0.1325		(not in atlas set)	False	
AT3G17730	1445.9716	1213.6602	2885	-0.2525		(not in atlas set)	False	anac057
AT3G18400	1857.6839	1562.2645	3549	-0.2497	silique_13	silique	True	anac058
AT3G18990	1563.039	1405.8053	3095	-0.1529		(not in atlas set)	False	REM39
AT3G20310	2336.7876	2140.989	4439	-0.1262		(not in atlas set)	False	ATERF-7
AT3G20770	591.4389	508.9704	1193	-0.2163	flower_11	flower	True	AtEIN3
AT3G20840	162.6674	154.4486	329	-0.0743		(not in atlas set)	False	PLT1
AT3G21175	448.2463	411.6538	892	-0.1226		(not in atlas set)	False	GATA24
AT3G21890	1456.5	1336.1571	2913	-0.1243	seed_3d_9	seed_3d	True	BBX31
AT3G22780	74.0	66.2801	148	-0.1567		(not in atlas set)	False	ATTSO1
AT3G22830	1297.5	1170.0351	2595	-0.1491		(not in atlas set)	False	AT-HSFA6B
AT3G23210	267.5	238.018	535	-0.1678		(not in atlas set)	False	bHLH34
AT3G23220	587.7156	550.1293	1173	-0.0952		(not in atlas set)	False	ESE1
AT3G23240	1035.9628	961.0554	2066	-0.1082		(not in atlas set)	False	ATERF1
AT3G23250	155.5	137.6999	311	-0.1742	seedling_9d_17	seedling_9d	True	ATMYB15
AT3G24050	840.9123	776.1278	1679	-0.1155		(not in atlas set)	False	GATA1
AT3G24120	2276.9999	2089.3563	4343	-0.124		(not in atlas set)	False	
AT3G24520	1706.5301	1552.0135	3390	-0.1368		(not in atlas set)	False	AT-HSFC1
AT3G25990	615.7057	562.1558	1239	-0.131		(not in atlas set)	False	
AT3G26620	928.724	848.7518	1842	-0.1298		(not in atlas set)	False	LBD23
AT3G26790	556.5	462.8121	1113	-0.2654	silique_18	silique	True	FUS3
AT3G27010	277.4982	252.3726	563	-0.1364		(not in atlas set)	False	AT-TCP20
AT3G27785	1192.9291	1031.4586	2388	-0.2096	silique_15	silique	True	ATMYB118
AT3G28910	667.6114	597.893	1351	-0.1589		(not in atlas set)	False	ATMYB30
AT3G28920	1966.6961	1730.6224	3768	-0.1844		(not in atlas set)	False	AtHB34
AT3G30210	584.0	520.066	1168	-0.167		(not in atlas set)	False	ATMYB121
AT3G30530	89.0462	83.1135	186	-0.0983		(not in atlas set)	False	ATBZIP42
AT3G42860	767.5	693.2583	1535	-0.1466		(not in atlas set)	False	
AT3G44480	1513.9242	1388.244	2990	-0.1249		(not in atlas set)	False	cog1
AT3G45150	234.961	206.4646	471	-0.1857		(not in atlas set)	False	TCP16
AT3G45170	190.0	177.2029	380	-0.1001		(not in atlas set)	False	GATA14
AT3G45610	1928.9233	1763.9317	3732	-0.1289	silique_15	silique	True	DOF6
AT3G46070	61.0	56.6339	122	-0.1054		(not in atlas set)	False	
AT3G46590	538.9946	503.6215	1095	-0.0977		(not in atlas set)	False	ATTRP2
AT3G47500	1728.4385	1583.7043	3361	-0.1261		(not in atlas set)	False	CDF3
AT3G47600	208.5	184.317	417	-0.177		(not in atlas set)	False	ATMYB94
AT3G47620	37.5	35.3327	75	-0.0836		(not in atlas set)	False	AtTCP14
AT3G48160	128.9897	122.246	246	-0.0769		(not in atlas set)	False	DEL1
AT3G49530	1362.5	1189.4961	2725	-0.1958		(not in atlas set)	False	ANAC062
AT3G49930	36.0	32.3829	72	-0.1484		(not in atlas set)	False	
AT3G50060	1419.135	1272.7458	2835	-0.157		(not in atlas set)	False	MYB77
AT3G50260	2212.4409	1994.4356	4132	-0.1496	seedling_15d_14	seedling_15d	True	ATERF#011
AT3G50410	1307.0	1212.3978	2614	-0.1083		(not in atlas set)	False	OBP1
AT3G50700	563.3264	518.9886	1129	-0.118		(not in atlas set)	False	AtIDD2
AT3G51080	157.0	142.925	314	-0.1346		(not in atlas set)	False	GATA6
AT3G51470	191.0	163.1637	382	-0.226		(not in atlas set)	False	
AT3G52440	2072.6681	1891.364	4058	-0.132		(not in atlas set)	False	
AT3G53200	1403.3867	1252.0459	2866	-0.1645		(not in atlas set)	False	AtMYB27
AT3G55370	2360.0445	2144.9134	4563	-0.1378		(not in atlas set)	False	OBP3
AT3G56850	1685.9533	1534.28	3360	-0.1359		(not in atlas set)	False	AREB3
AT3G57230	182.9829	167.1543	379	-0.1298		(not in atlas set)	False	AGL16
AT3G57600	177.0	158.871	354	-0.155		(not in atlas set)	False	
AT3G57920	1233.2276	1106.9152	2471	-0.1558		(not in atlas set)	False	SPL15
AT3G58630	302.6934	284.0331	634	-0.0915		(not in atlas set)	False	
AT3G60490	1374.3375	1248.206	2755	-0.1388		(not in atlas set)	False	
AT3G60530	567.5	530.991	1135	-0.0958		(not in atlas set)	False	GATA4
AT3G60580	1075.5	997.485	2151	-0.1085		(not in atlas set)	False	
AT3G61120	83.0	74.012	166	-0.1633		(not in atlas set)	False	AGL13
AT3G61150	1409.4982	1230.6739	2835	-0.1956		(not in atlas set)	False	HD-GL2-1
AT3G61250	298.5	265.1596	597	-0.1703		(not in atlas set)	False	AtMYB17
AT3G62420	1669.5	1515.1974	3339	-0.1398		(not in atlas set)	False	ATBZIP53
AT4G00250	1178.5	1080.3188	2357	-0.1254		(not in atlas set)	False	
AT4G00730	1421.12	1230.426	2852	-0.2077		(not in atlas set)	False	AHDP
AT4G01250	1452.0	1300.1797	2904	-0.1592		(not in atlas set)	False	AtWRKY22
AT4G01280	1972.3395	1755.1219	3789	-0.1682		(not in atlas set)	False	
AT4G01500	389.0	348.7331	778	-0.1572		(not in atlas set)	False	NGA4
AT4G01540	2458.71	2224.2515	4857	-0.1445		(not in atlas set)	False	ANAC068
AT4G01550	1231.5	1078.208	2463	-0.1916		(not in atlas set)	False	ANAC069
AT4G01680	1250.5	1120.8136	2501	-0.1578		(not in atlas set)	False	AtMYB55
AT4G01720	171.7196	155.3083	349	-0.144		(not in atlas set)	False	AtWRKY47
AT4G04450	174.0311	159.0836	349	-0.1288	rosette_21d_15	rosette_21d	True	AtWRKY42
AT4G05100	785.0	695.4627	1570	-0.1745		(not in atlas set)	False	AtMYB74
AT4G06746	765.4196	691.8112	1528	-0.1457		(not in atlas set)	False	DEAR5
AT4G10350	1401.0	1198.2368	2802	-0.2254		(not in atlas set)	False	ANAC070
AT4G11660	945.0449	852.3595	1900	-0.1488		(not in atlas set)	False	AT-HSFB2B
AT4G12670	24.3227	24.0499	50	-0.0156		(not in atlas set)	False	
AT4G14410	45.5	39.6497	91	-0.194		(not in atlas set)	False	bHLH104
AT4G14770	1658.6387	1485.6181	3276	-0.1588		(not in atlas set)	False	ATTCX2
AT4G16750	1794.9689	1641.8164	3583	-0.1286		(not in atlas set)	False	
AT4G17460	60.3684	55.1593	121	-0.128		(not in atlas set)	False	HAT1
AT4G17785	307.3166	274.9025	630	-0.1603		(not in atlas set)	False	MYB39
AT4G17980	1745.0076	1498.7642	3424	-0.2193		(not in atlas set)	False	anac071
AT4G18170	1521.093	1352.9882	3032	-0.1688		(not in atlas set)	False	ATWRKY28
AT4G18450	244.5	229.3251	489	-0.0921		(not in atlas set)	False	
AT4G18770	1429.0	1233.9912	2858	-0.2115		(not in atlas set)	False	AtMYB98
AT4G18890	300.7375	269.9774	603	-0.1551		(not in atlas set)	False	BEH3
AT4G22070	1037.7135	938.5863	2077	-0.1447	seedling_15d_15	seedling_15d	True	ATWRKY31
AT4G23550	1667.0828	1492.2062	3314	-0.1598		(not in atlas set)	False	ATWRKY29
AT4G24020	245.5	228.9599	491	-0.1002		(not in atlas set)	False	NLP7
AT4G24240	53.0	51.7312	106	-0.0343		(not in atlas set)	False	ATWRKY7
AT4G24470	283.5	260.2788	567	-0.1228		(not in atlas set)	False	GATA25
AT4G25470	1611.2608	1457.2025	3130	-0.1449		(not in atlas set)	False	ATCBF2
AT4G25480	1911.2943	1743.0136	3760	-0.1329		(not in atlas set)	False	ATCBF3
AT4G25490	1867.8584	1703.6085	3618	-0.1327		(not in atlas set)	False	ATCBF1
AT4G26030	1251.5	1108.5456	2503	-0.1748		(not in atlas set)	False	
AT4G26640	696.5	620.6056	1393	-0.1662		(not in atlas set)	False	AtWRKY20
AT4G27900	73.0	64.4742	146	-0.1766		(not in atlas set)	False	
AT4G27950	873.9113	810.0615	1752	-0.1093		(not in atlas set)	False	CRF4
AT4G28110	64.0	55.5278	128	-0.2015		(not in atlas set)	False	AtMYB41
AT4G28140	317.4666	289.3617	649	-0.1333		(not in atlas set)	False	
AT4G28500	1426.8947	1265.2114	2809	-0.1734	silique_4	silique	True	ANAC073
AT4G29230	1217.0	1073.4163	2434	-0.181	silique_4	silique	True	anac075
AT4G30080	84.0	80.316	168	-0.0639		(not in atlas set)	False	ARF16
AT4G31060	1851.7993	1692.6649	3593	-0.1296		(not in atlas set)	False	
AT4G31550	402.5	359.9928	805	-0.1606		(not in atlas set)	False	ATWRKY11
AT4G31800	1900.6105	1711.2814	3705	-0.1513	silique_14	silique	True	ATWRKY18
AT4G32730	1919.515	1682.0225	3911	-0.1904		(not in atlas set)	False	ATMYB3R-1
AT4G32800	629.0	571.9516	1258	-0.1369		(not in atlas set)	False	
AT4G34410	1914.6105	1759.8299	3841	-0.1215	stem_4	stem	True	RRTF1
AT4G34590	419.5	375.3231	839	-0.1601		(not in atlas set)	False	ATB2
AT4G36160	2075.8488	1798.8314	4198	-0.2065		(not in atlas set)	False	ANAC076
AT4G36620	142.7528	132.2059	296	-0.1099		(not in atlas set)	False	GATA19
AT4G36740	1679.5846	1490.3851	3243	-0.1723		(not in atlas set)	False	ATHB40
AT4G36780	1582.7665	1417.1129	3167	-0.1594		(not in atlas set)	False	BEH2
AT4G37180	1576.3308	1445.9414	3070	-0.1245		(not in atlas set)	False	
AT4G37260	1393.5	1245.9681	2787	-0.1613		(not in atlas set)	False	ATMYB73
AT4G37790	31.5	28.7324	63	-0.1284		(not in atlas set)	False	HAT22
AT4G38000	2275.9012	2065.6521	4421	-0.1398		(not in atlas set)	False	DOF4.7
AT4G38170	2353.018	2114.6189	4653	-0.154		(not in atlas set)	False	FRS9
AT4G38620	162.0	143.6865	324	-0.1719	silique_7	silique	True	ATMYB4
AT4G38910	86.7393	78.3824	178	-0.1444		(not in atlas set)	False	ATBPC5
AT5G02460	2157.8776	1976.9744	4195	-0.1263		(not in atlas set)	False	
AT5G02840	725.5	654.1488	1451	-0.1491		(not in atlas set)	False	LCL1
AT5G03150	629.5	579.0231	1259	-0.1204		(not in atlas set)	False	JKD
AT5G03790	1706.2707	1508.5979	3318	-0.1775		(not in atlas set)	False	ATHB51
AT5G04390	1011.5	942.2921	2023	-0.1021		(not in atlas set)	False	
AT5G04410	1603.0429	1345.8492	2999	-0.2521		(not in atlas set)	False	anac078
AT5G05550	2541.8599	2363.2335	4887	-0.1051		(not in atlas set)	False	
AT5G05790	953.0	887.1672	1906	-0.1032		(not in atlas set)	False	
AT5G06100	1368.0	1228.3973	2736	-0.1552		(not in atlas set)	False	ATMYB33
AT5G06839	1417.2423	1272.8116	2837	-0.155		(not in atlas set)	False	bZIP65
AT5G06950	1478.5	1312.1031	2957	-0.1721		(not in atlas set)	False	AHBP-1B
AT5G06960	829.5	741.7567	1659	-0.1611		(not in atlas set)	False	OBF5
AT5G07100	245.7101	221.2277	489	-0.1508		(not in atlas set)	False	WRKY26
AT5G07680	294.5	246.7166	589	-0.2545	silique_22	silique	True	ANAC079
AT5G08070	50.502	45.8871	102	-0.1354		(not in atlas set)	False	TCP17
AT5G08130	336.7695	309.9421	684	-0.1194		(not in atlas set)	False	BIM1
AT5G08330	697.6689	626.9446	1397	-0.154		(not in atlas set)	False	AtTCP11
AT5G08520	1801.8267	1647.7593	3633	-0.1289		(not in atlas set)	False	
AT5G08750	284.0	252.5568	568	-0.1687		(not in atlas set)	False	
AT5G09410	956.5	834.3385	1913	-0.1969		(not in atlas set)	False	CAMTA1
AT5G10030	1795.8128	1608.7053	3548	-0.1586		(not in atlas set)	False	OBF4
AT5G10140	201.7641	178.5036	424	-0.1758		(not in atlas set)	False	AGL25
AT5G10280	333.6546	296.7211	687	-0.1687		(not in atlas set)	False	ATMYB64
AT5G10510	120.0	112.612	240	-0.0909		(not in atlas set)	False	AIL6
AT5G11260	1694.0	1527.9916	3388	-0.1487		(not in atlas set)	False	HY5
AT5G13080	2036.142	1831.8888	3940	-0.1524		(not in atlas set)	False	ATWRKY75
AT5G13180	1608.35	1363.0715	3190	-0.2386		(not in atlas set)	False	ANAC083
AT5G13790	657.839	594.9976	1329	-0.1446		(not in atlas set)	False	AGL15
AT5G13910	224.5	209.4247	449	-0.0998	seedling_15d_18	seedling_15d	True	LEP
AT5G14340	82.0	71.0754	164	-0.2036		(not in atlas set)	False	AtMYB40
AT5G14960	336.3265	312.165	668	-0.1072		(not in atlas set)	False	DEL2
AT5G15830	1597.0	1445.5641	3194	-0.1436		(not in atlas set)	False	AtbZIP3
AT5G16600	30.0	27.7657	60	-0.1079		(not in atlas set)	False	AtMYB43
AT5G16820	1519.2735	1379.2227	2940	-0.1394		(not in atlas set)	False	ATHSF3
AT5G17300	2065.6524	1829.4648	4006	-0.1751		(not in atlas set)	False	RVE1
AT5G17800	1272.4421	1142.5136	2570	-0.1553	silique_6	silique	True	AtMYB56
AT5G18090	50.5	45.8792	101	-0.1356		(not in atlas set)	False	
AT5G18270	1567.758	1348.8019	3077	-0.2169	silique_18	silique	True	ANAC087
AT5G18450	881.0	796.9411	1762	-0.1445		(not in atlas set)	False	
AT5G18560	1037.7313	964.515	2101	-0.1055		(not in atlas set)	False	PUCHI
AT5G22500	364.2811	337.8423	730	-0.1084	seedling_15d_16	seedling_15d	True	FAR1
AT5G22890	75.5	64.9103	151	-0.215		(not in atlas set)	False	STOP2
AT5G22990	1949.5	1807.8943	3899	-0.1087		(not in atlas set)	False	
AT5G23930	1714.0	1569.1716	3428	-0.1273		(not in atlas set)	False	
AT5G24110	1245.6444	1126.2459	2496	-0.1452		(not in atlas set)	False	ATWRKY30
AT5G25190	2128.7718	1958.4231	4201	-0.1203		(not in atlas set)	False	ESE3
AT5G25390	139.5	130.3062	279	-0.0976		(not in atlas set)	False	SHN3
AT5G25475	72.0	66.2492	144	-0.1184		(not in atlas set)	False	
AT5G25830	1049.7639	979.0392	2114	-0.1005		(not in atlas set)	False	GATA12
AT5G26170	1888.587	1704.0415	3675	-0.1483		(not in atlas set)	False	ATWRKY50
AT5G29000	1273.0	1150.3843	2546	-0.146		(not in atlas set)	False	PHL1
AT5G38800	20.0	19.7421	40	-0.0178		(not in atlas set)	False	AtbZIP43
AT5G38860	64.0	60.9777	128	-0.0687		(not in atlas set)	False	BIM3
AT5G39610	1464.8942	1238.7909	2964	-0.2417		(not in atlas set)	False	ANAC092
AT5G39820	274.0	239.5634	548	-0.193		(not in atlas set)	False	anac094
AT5G40330	61.0	55.8382	122	-0.1254		(not in atlas set)	False	ATMYB23
AT5G41570	1963.2586	1764.9998	3842	-0.1535	silique_13	silique	True	ATWRKY24
AT5G42520	88.0	81.8924	176	-0.1026		(not in atlas set)	False	ATBPC6
AT5G42820	27.0	24.9696	54	-0.1086		(not in atlas set)	False	ATU2AF35B
AT5G43840	237.6463	212.9424	470	-0.1577		(not in atlas set)	False	AT-HSFA6A
AT5G44160	291.5471	270.5811	591	-0.1073		(not in atlas set)	False	AtIDD8
AT5G44210	913.9944	850.0552	1784	-0.1045		(not in atlas set)	False	ATERF-9
AT5G45300	958.0184	852.2599	1924	-0.1686		(not in atlas set)	False	BAM8
AT5G45580	1898.6543	1732.8344	3689	-0.1318		(not in atlas set)	False	
AT5G46350	951.5	858.6218	1903	-0.148	rosette_30d_15	rosette_30d	True	ATWRKY8
AT5G46590	583.5	490.867	1167	-0.2489		(not in atlas set)	False	anac096
AT5G47220	697.1577	646.5015	1386	-0.1087		(not in atlas set)	False	ATERF-2
AT5G47230	508.9076	474.9784	996	-0.0993		(not in atlas set)	False	ATERF-5
AT5G47370	1808.2012	1588.7094	3580	-0.1866		(not in atlas set)	False	HAT2
AT5G47390	1333.2183	1206.9257	2681	-0.1435		(not in atlas set)	False	MYBH
AT5G47660	1316.8509	1191.9467	2644	-0.1437		(not in atlas set)	False	
AT5G48670	20.0	18.5283	40	-0.1048		(not in atlas set)	False	AGL80
AT5G49300	34.5	30.5083	69	-0.1721		(not in atlas set)	False	GATA16
AT5G50570	305.5	270.0333	611	-0.1774		(not in atlas set)	False	SPL13
AT5G51990	1986.8024	1801.4768	3742	-0.1412		(not in atlas set)	False	CBF4
AT5G52170	114.5	97.327	229	-0.2322		(not in atlas set)	False	HDG7
AT5G52660	1678.0653	1507.6452	3277	-0.1544		(not in atlas set)	False	
AT5G52830	1583.5736	1416.7748	3089	-0.1605		(not in atlas set)	False	ATWRKY27
AT5G53950	705.5	585.0241	1411	-0.2697		(not in atlas set)	False	ANAC098
AT5G54230	1686.3157	1498.085	3379	-0.1706		(not in atlas set)	False	AtMYB49
AT5G56110	1961.8461	1730.6696	3889	-0.1808		(not in atlas set)	False	AtMYB103
AT5G56840	1809.008	1608.2066	3507	-0.1696		(not in atlas set)	False	
AT5G56930	89.0	79.991	178	-0.1522		(not in atlas set)	False	EMB1789
AT5G58620	35.0	31.4993	70	-0.1476		(not in atlas set)	False	TZF9
AT5G58850	1817.0734	1579.135	3451	-0.2024		(not in atlas set)	False	ATMYB119
AT5G58900	1499.9734	1355.8714	2992	-0.1456		(not in atlas set)	False	
AT5G59990	178.3511	161.9081	373	-0.1387		(not in atlas set)	False	
AT5G60130	1418.2155	1268.8595	2847	-0.1604		(not in atlas set)	False	
AT5G60850	2054.4733	1881.1382	4003	-0.1271		(not in atlas set)	False	OBP4
AT5G61270	55.0	51.1009	110	-0.1041		(not in atlas set)	False	PIF7
AT5G61600	550.0905	513.4186	1095	-0.0993		(not in atlas set)	False	ERF104
AT5G61620	1760.4783	1591.8261	3463	-0.1452		(not in atlas set)	False	
AT5G62000	1288.5	1160.6878	2577	-0.1506		(not in atlas set)	False	ARF1-BP
AT5G62165	50.0	46.8647	100	-0.0915		(not in atlas set)	False	AGL42
AT5G62320	1143.1114	1009.3044	2331	-0.1794		(not in atlas set)	False	ATMYB99
AT5G62380	1492.7321	1280.2372	2970	-0.2214		(not in atlas set)	False	ANAC101
AT5G62470	652.6911	591.8957	1307	-0.1408		(not in atlas set)	False	ATMYB96
AT5G62940	1443.0	1320.1911	2886	-0.1282		(not in atlas set)	False	DOF5.6
AT5G63090	537.0	493.4973	1074	-0.1216	rosette_30d_11	rosette_30d	True	LOB
AT5G63260	1905.0009	1731.1814	3697	-0.138		(not in atlas set)	False	
AT5G64060	1337.5104	1150.7044	2676	-0.2169		(not in atlas set)	False	anac103
AT5G64750	1902.7985	1754.581	3673	-0.1169		(not in atlas set)	False	ABR1
AT5G65130	867.605	782.9356	1716	-0.148		(not in atlas set)	False	
AT5G65210	1448.0	1299.2939	2896	-0.1562		(not in atlas set)	False	TGA1
AT5G65310	1914.4105	1715.8841	3701	-0.1579		(not in atlas set)	False	ATHB-5
AT5G65410	1765.8523	1548.1914	3434	-0.1897		(not in atlas set)	False	ATHB25
AT5G65510	783.2188	735.2943	1563	-0.091		(not in atlas set)	False	AIL7
AT5G66300	923.5	784.5005	1847	-0.2351		(not in atlas set)	False	ANAC105
AT5G66700	2117.3568	1886.2767	4127	-0.1666		(not in atlas set)	False	ATHB53
AT5G66730	1392.0	1258.8865	2784	-0.1449		(not in atlas set)	False	ENY
AT5G66940	1869.2579	1718.2699	3696	-0.1214		(not in atlas set)	False	
AT5G67000	61.5	53.9928	123	-0.1846		(not in atlas set)	False	
AT5G67190	1893.7583	1724.0251	3615	-0.1354		(not in atlas set)	False	DEAR2
AT5G67300	243.5	220.7087	487	-0.1412		(not in atlas set)	False	ATMYB44
AT5G67450	335.0	314.5764	670	-0.0905		(not in atlas set)	False	AZF1
AT5G67580	1636.2277	1494.1221	3274	-0.131		(not in atlas set)	False	ATTBP3
