gene_set	cluster	organ	mean_scaled_expression	z	p_empirical	n_genes_tested
sog1_dependent	flower_0	flower	0.0153	-0.601	0.67832	18
sog1_dependent	flower_1	flower	0.0133	-0.536	0.65834	18
sog1_dependent	flower_10	flower	0.0177	-0.91	0.85015	18
sog1_dependent	flower_11	flower	0.1432	3.189	0.00799	18
sog1_dependent	flower_12	flower	0.1931	8.72	0.001	18
sog1_dependent	flower_2	flower	0.0195	-1.019	0.92208	18
sog1_dependent	flower_3	flower	0.022	-0.425	0.50749	18
sog1_dependent	flower_4	flower	0.0234	-0.495	0.61239	18
sog1_dependent	flower_5	flower	0.0141	-0.116	0.38861	18
sog1_dependent	flower_6	flower	0.0172	-0.041	0.35964	18
sog1_dependent	flower_7	flower	0.0515	-0.986	0.84615	18
sog1_dependent	flower_8	flower	0.0186	-0.593	0.67932	18
sog1_dependent	flower_9	flower	0.1089	1.87	0.06593	18
sog1_dependent	rosette_21d_0	rosette_21d	0.0135	-0.438	0.54545	18
sog1_dependent	rosette_21d_1	rosette_21d	0.0085	-0.474	0.59041	18
sog1_dependent	rosette_21d_10	rosette_21d	0.0155	-1.076	0.88611	18
sog1_dependent	rosette_21d_11	rosette_21d	0.0334	-0.585	0.65934	18
sog1_dependent	rosette_21d_12	rosette_21d	0.0207	-0.277	0.50949	18
sog1_dependent	rosette_21d_13	rosette_21d	0.0128	-0.649	0.68531	18
sog1_dependent	rosette_21d_14	rosette_21d	0.018	-0.677	0.72927	18
sog1_dependent	rosette_21d_15	rosette_21d	0.0125	-0.577	0.7013	18
sog1_dependent	rosette_21d_16	rosette_21d	0.0144	-0.521	0.65734	18
sog1_dependent	rosette_21d_17	rosette_21d	0.0372	0.847	0.15984	18
sog1_dependent	rosette_21d_2	rosette_21d	0.0148	-0.372	0.56144	18
sog1_dependent	rosette_21d_3	rosette_21d	0.0088	-0.879	0.83017	18
sog1_dependent	rosette_21d_4	rosette_21d	0.0122	-0.934	0.85015	18
sog1_dependent	rosette_21d_5	rosette_21d	0.0141	-0.589	0.7043	18
sog1_dependent	rosette_21d_6	rosette_21d	0.021	-0.376	0.51648	18
sog1_dependent	rosette_21d_7	rosette_21d	0.023	-0.942	0.82917	18
sog1_dependent	rosette_21d_8	rosette_21d	0.0118	-0.695	0.74326	18
sog1_dependent	rosette_21d_9	rosette_21d	0.0116	-0.56	0.65634	18
sog1_dependent	rosette_30d_0	rosette_30d	0.0069	-0.259	0.44156	18
sog1_dependent	rosette_30d_1	rosette_30d	0.0099	-0.368	0.52847	18
sog1_dependent	rosette_30d_10	rosette_30d	0.0728	4.461	0.003	18
sog1_dependent	rosette_30d_11	rosette_30d	0.0173	-0.736	0.76224	18
sog1_dependent	rosette_30d_12	rosette_30d	0.0164	-0.18	0.42158	18
sog1_dependent	rosette_30d_13	rosette_30d	0.0163	-0.269	0.50749	18
sog1_dependent	rosette_30d_14	rosette_30d	0.0105	-0.335	0.56344	18
sog1_dependent	rosette_30d_15	rosette_30d	0.011	-0.499	0.64236	18
sog1_dependent	rosette_30d_16	rosette_30d	0.1702	5.295	0.001	18
sog1_dependent	rosette_30d_2	rosette_30d	0.0113	-0.33	0.43556	18
sog1_dependent	rosette_30d_3	rosette_30d	0.0136	-0.273	0.46653	18
sog1_dependent	rosette_30d_4	rosette_30d	0.0182	0.04	0.33467	18
sog1_dependent	rosette_30d_5	rosette_30d	0.0095	-0.376	0.51349	18
sog1_dependent	rosette_30d_6	rosette_30d	0.0097	-0.735	0.75025	18
sog1_dependent	rosette_30d_7	rosette_30d	0.0166	-0.401	0.57243	18
sog1_dependent	rosette_30d_8	rosette_30d	0.0113	-0.259	0.46354	18
sog1_dependent	rosette_30d_9	rosette_30d	0.0142	-0.574	0.5954	18
sog1_dependent	seed_3d_0	seed_3d	0.0205	-0.494	0.65135	18
sog1_dependent	seed_3d_1	seed_3d	0.0438	0.785	0.15185	18
sog1_dependent	seed_3d_10	seed_3d	0.062	1.778	0.06394	18
sog1_dependent	seed_3d_11	seed_3d	0.0568	-0.411	0.61938	18
sog1_dependent	seed_3d_12	seed_3d	0.0356	0.345	0.3007	18
sog1_dependent	seed_3d_13	seed_3d	0.0598	-0.605	0.69331	18
sog1_dependent	seed_3d_14	seed_3d	0.0276	0.033	0.40859	18
sog1_dependent	seed_3d_15	seed_3d	0.0942	4.054	0.003	18
sog1_dependent	seed_3d_16	seed_3d	0.0296	-0.151	0.47053	18
sog1_dependent	seed_3d_17	seed_3d	0.0496	0.122	0.34266	18
sog1_dependent	seed_3d_2	seed_3d	0.015	-0.2	0.4995	18
sog1_dependent	seed_3d_3	seed_3d	0.0183	-0.449	0.59341	18
sog1_dependent	seed_3d_4	seed_3d	0.0356	-0.562	0.66833	18
sog1_dependent	seed_3d_5	seed_3d	0.0607	-0.46	0.63736	18
sog1_dependent	seed_3d_6	seed_3d	0.0327	-0.205	0.48651	18
sog1_dependent	seed_3d_7	seed_3d	0.027	-0.157	0.47353	18
sog1_dependent	seed_3d_8	seed_3d	0.1378	2.631	0.01798	18
sog1_dependent	seed_3d_9	seed_3d	0.038	-0.034	0.37862	18
sog1_dependent	seed_425d_0	seed_425d	0.0166	-0.739	0.77123	18
sog1_dependent	seed_425d_1	seed_425d	0.0351	-0.423	0.61938	18
sog1_dependent	seed_425d_10	seed_425d	0.0731	0.284	0.35365	18
sog1_dependent	seed_425d_11	seed_425d	0.0484	-0.784	0.78521	18
sog1_dependent	seed_425d_12	seed_425d	0.0159	-0.922	0.83616	18
sog1_dependent	seed_425d_13	seed_425d	0.0308	-0.565	0.67932	18
sog1_dependent	seed_425d_14	seed_425d	0.0263	-1.03	0.85015	18
sog1_dependent	seed_425d_15	seed_425d	0.0257	-0.82	0.81019	18
sog1_dependent	seed_425d_16	seed_425d	0.0211	-0.859	0.8032	18
sog1_dependent	seed_425d_2	seed_425d	0.0283	-0.829	0.79121	18
sog1_dependent	seed_425d_3	seed_425d	0.0392	-0.246	0.54545	18
sog1_dependent	seed_425d_4	seed_425d	0.0214	-0.606	0.7023	18
sog1_dependent	seed_425d_5	seed_425d	0.117	0.742	0.22677	18
sog1_dependent	seed_425d_6	seed_425d	0.0232	-0.833	0.8022	18
sog1_dependent	seed_425d_7	seed_425d	0.0244	-0.692	0.72627	18
sog1_dependent	seed_425d_8	seed_425d	0.0271	-0.614	0.70529	18
sog1_dependent	seed_425d_9	seed_425d	0.0213	-0.353	0.58342	18
sog1_dependent	seedling_15d_0	seedling_15d	0.0169	0.674	0.2028	18
sog1_dependent	seedling_15d_1	seedling_15d	0.0181	0.556	0.24975	18
sog1_dependent	seedling_15d_10	seedling_15d	0.0186	-0.468	0.62138	18
sog1_dependent	seedling_15d_11	seedling_15d	0.0168	0.566	0.23477	18
sog1_dependent	seedling_15d_12	seedling_15d	0.0197	0.06	0.2987	18
sog1_dependent	seedling_15d_13	seedling_15d	0.0209	-0.468	0.58841	18
sog1_dependent	seedling_15d_14	seedling_15d	0.0851	0.269	0.35365	18
sog1_dependent	seedling_15d_15	seedling_15d	0.2107	1.105	0.13487	18
sog1_dependent	seedling_15d_16	seedling_15d	0.0251	-0.563	0.63836	18
sog1_dependent	seedling_15d_17	seedling_15d	0.0738	0.605	0.23377	18
sog1_dependent	seedling_15d_18	seedling_15d	0.1258	0.738	0.21179	18
sog1_dependent	seedling_15d_2	seedling_15d	0.0141	0.687	0.18482	18
sog1_dependent	seedling_15d_3	seedling_15d	0.1156	0.413	0.3007	18
sog1_dependent	seedling_15d_4	seedling_15d	0.0194	0.057	0.32268	18
sog1_dependent	seedling_15d_5	seedling_15d	0.0234	0.676	0.17782	18
sog1_dependent	seedling_15d_6	seedling_15d	0.0634	3.182	0.00599	18
sog1_dependent	seedling_15d_7	seedling_15d	0.0202	0.347	0.3027	18
sog1_dependent	seedling_15d_8	seedling_15d	0.0165	0.087	0.34166	18
sog1_dependent	seedling_15d_9	seedling_15d	0.0263	0.946	0.13487	18
sog1_dependent	seedling_6d_0	seedling_6d	0.0171	0.043	0.40859	18
sog1_dependent	seedling_6d_1	seedling_6d	0.0306	1.384	0.09491	18
sog1_dependent	seedling_6d_10	seedling_6d	0.02	0.267	0.27473	18
sog1_dependent	seedling_6d_11	seedling_6d	0.024	0.162	0.30869	18
sog1_dependent	seedling_6d_12	seedling_6d	0.0716	4.072	0.004	18
sog1_dependent	seedling_6d_13	seedling_6d	0.0257	0.791	0.14186	18
sog1_dependent	seedling_6d_14	seedling_6d	0.035	1.129	0.0979	18
sog1_dependent	seedling_6d_15	seedling_6d	0.0388	0.513	0.23676	18
sog1_dependent	seedling_6d_16	seedling_6d	0.0402	0.081	0.38262	18
sog1_dependent	seedling_6d_17	seedling_6d	0.0284	-0.233	0.52448	18
sog1_dependent	seedling_6d_2	seedling_6d	0.0148	0.859	0.15584	18
sog1_dependent	seedling_6d_3	seedling_6d	0.0293	-0.434	0.6024	18
sog1_dependent	seedling_6d_4	seedling_6d	0.0145	0.687	0.16484	18
sog1_dependent	seedling_6d_5	seedling_6d	0.1139	2.958	0.01499	18
sog1_dependent	seedling_6d_6	seedling_6d	0.0322	1.917	0.05195	18
sog1_dependent	seedling_6d_7	seedling_6d	0.0177	0.397	0.1988	18
sog1_dependent	seedling_6d_8	seedling_6d	0.0188	0.043	0.31469	18
sog1_dependent	seedling_6d_9	seedling_6d	0.0183	0.439	0.20979	18
sog1_dependent	seedling_9d_0	seedling_9d	0.02	0.106	0.30869	18
sog1_dependent	seedling_9d_1	seedling_9d	0.0131	0.162	0.33367	18
sog1_dependent	seedling_9d_10	seedling_9d	0.1121	3.318	0.005	18
sog1_dependent	seedling_9d_11	seedling_9d	0.0709	3.669	0.00599	18
sog1_dependent	seedling_9d_12	seedling_9d	0.066	5.827	0.004	18
sog1_dependent	seedling_9d_13	seedling_9d	0.0367	0.823	0.13886	18
sog1_dependent	seedling_9d_14	seedling_9d	0.0259	0.26	0.26873	18
sog1_dependent	seedling_9d_15	seedling_9d	0.1021	1.335	0.0959	18
sog1_dependent	seedling_9d_16	seedling_9d	0.0269	-0.053	0.35065	18
sog1_dependent	seedling_9d_17	seedling_9d	0.0328	0.489	0.2028	18
sog1_dependent	seedling_9d_18	seedling_9d	0.0672	-0.013	0.44755	18
sog1_dependent	seedling_9d_19	seedling_9d	0.0191	-0.01	0.40859	18
sog1_dependent	seedling_9d_2	seedling_9d	0.0305	0.807	0.14785	18
sog1_dependent	seedling_9d_3	seedling_9d	0.0309	0.074	0.40959	18
sog1_dependent	seedling_9d_4	seedling_9d	0.028	0.474	0.24575	18
sog1_dependent	seedling_9d_5	seedling_9d	0.0203	0.004	0.32967	18
sog1_dependent	seedling_9d_6	seedling_9d	0.0244	0.491	0.27273	18
sog1_dependent	seedling_9d_7	seedling_9d	0.0222	0.374	0.24176	18
sog1_dependent	seedling_9d_8	seedling_9d	0.0484	2.463	0.02498	18
sog1_dependent	seedling_9d_9	seedling_9d	0.0278	0.212	0.33566	18
sog1_dependent	silique_0	silique	0.0316	-0.245	0.47153	18
sog1_dependent	silique_1	silique	0.0822	2.185	0.03796	18
sog1_dependent	silique_10	silique	0.0587	0.177	0.34266	18
sog1_dependent	silique_11	silique	0.0351	-0.682	0.70629	18
sog1_dependent	silique_12	silique	0.1946	5.984	0.001	18
sog1_dependent	silique_13	silique	0.0903	0.96	0.16783	18
sog1_dependent	silique_14	silique	0.145	0.815	0.19281	18
sog1_dependent	silique_15	silique	0.0975	0.625	0.22877	18
sog1_dependent	silique_16	silique	0.0223	-0.47	0.57842	18
sog1_dependent	silique_17	silique	0.0462	-0.12	0.42358	18
sog1_dependent	silique_18	silique	0.0573	0.003	0.42358	18
sog1_dependent	silique_19	silique	0.1383	-0.102	0.50549	18
sog1_dependent	silique_2	silique	0.0422	-0.669	0.73826	18
sog1_dependent	silique_20	silique	0.0481	0.267	0.27473	18
sog1_dependent	silique_21	silique	0.0984	1.366	0.0979	18
sog1_dependent	silique_22	silique	0.0303	-0.501	0.59441	18
sog1_dependent	silique_23	silique	0.0463	-0.418	0.55245	18
sog1_dependent	silique_24	silique	0.0404	-0.892	0.79321	18
sog1_dependent	silique_25	silique	0.0627	0.377	0.3027	18
sog1_dependent	silique_26	silique	0.0485	0.047	0.37063	18
sog1_dependent	silique_3	silique	0.0333	-0.123	0.45055	18
sog1_dependent	silique_4	silique	0.156	3.171	0.00699	18
sog1_dependent	silique_5	silique	0.0471	-0.255	0.47153	18
sog1_dependent	silique_6	silique	0.1027	1.167	0.12188	18
sog1_dependent	silique_7	silique	0.0308	-0.547	0.61638	18
sog1_dependent	silique_8	silique	0.0792	1.47	0.09191	18
sog1_dependent	silique_9	silique	0.0288	-0.418	0.53946	18
sog1_dependent	stem_0	stem	0.0879	1.83	0.05594	18
sog1_dependent	stem_1	stem	0.0385	0.949	0.16583	18
sog1_dependent	stem_10	stem	0.0459	0.949	0.15185	18
sog1_dependent	stem_11	stem	0.0747	1.713	0.07592	18
sog1_dependent	stem_12	stem	0.0386	0.327	0.31568	18
sog1_dependent	stem_13	stem	0.0831	2.879	0.01499	18
sog1_dependent	stem_14	stem	0.0466	0.341	0.25874	18
sog1_dependent	stem_15	stem	0.0484	-0.774	0.76024	18
sog1_dependent	stem_2	stem	0.0633	1.835	0.05195	18
sog1_dependent	stem_3	stem	0.0459	1.993	0.05195	18
sog1_dependent	stem_4	stem	0.1307	3.149	0.01099	18
sog1_dependent	stem_5	stem	0.0385	0.992	0.13287	18
sog1_dependent	stem_6	stem	0.0639	0.256	0.33566	18
sog1_dependent	stem_7	stem	0.1057	2.294	0.02797	18
sog1_dependent	stem_8	stem	0.1407	4.157	0.004	18
sog1_dependent	stem_9	stem	0.0539	0.426	0.26973	18
myb3r_repressed	flower_0	flower	0.0259	1.095	0.14086	105
myb3r_repressed	flower_1	flower	0.0281	2.013	0.03796	105
myb3r_repressed	flower_10	flower	0.0275	-1.206	0.89211	105
myb3r_repressed	flower_11	flower	0.044	0.096	0.41858	105
myb3r_repressed	flower_12	flower	0.0309	0.67	0.24276	105
myb3r_repressed	flower_2	flower	0.0457	0.185	0.38861	105
myb3r_repressed	flower_3	flower	0.024	-0.826	0.78022	105
myb3r_repressed	flower_4	flower	0.0996	8.163	0.001	105
myb3r_repressed	flower_5	flower	0.0149	-0.134	0.47153	105
myb3r_repressed	flower_6	flower	0.0249	1.191	0.12787	105
myb3r_repressed	flower_7	flower	0.0472	-2.44	0.997	105
myb3r_repressed	flower_8	flower	0.0475	1.692	0.05894	105
myb3r_repressed	flower_9	flower	0.0466	0.422	0.31069	105
myb3r_repressed	rosette_21d_0	rosette_21d	0.0324	1.632	0.06893	105
myb3r_repressed	rosette_21d_1	rosette_21d	0.0194	1.576	0.07093	105
myb3r_repressed	rosette_21d_10	rosette_21d	0.0837	5.698	0.001	105
myb3r_repressed	rosette_21d_11	rosette_21d	0.0714	2.196	0.02198	105
myb3r_repressed	rosette_21d_12	rosette_21d	0.0387	2.097	0.03197	105
myb3r_repressed	rosette_21d_13	rosette_21d	0.0264	0.098	0.42158	105
myb3r_repressed	rosette_21d_14	rosette_21d	0.0348	0.5	0.28971	105
myb3r_repressed	rosette_21d_15	rosette_21d	0.0249	0.474	0.28272	105
myb3r_repressed	rosette_21d_16	rosette_21d	0.1459	23.21	0.001	105
myb3r_repressed	rosette_21d_17	rosette_21d	0.0278	0.647	0.23776	105
myb3r_repressed	rosette_21d_2	rosette_21d	0.0228	0.545	0.26873	105
myb3r_repressed	rosette_21d_3	rosette_21d	0.023	0.325	0.34066	105
myb3r_repressed	rosette_21d_4	rosette_21d	0.0329	0.029	0.45954	105
myb3r_repressed	rosette_21d_5	rosette_21d	0.04	2.057	0.04096	105
myb3r_repressed	rosette_21d_6	rosette_21d	0.0227	-0.719	0.74625	105
myb3r_repressed	rosette_21d_7	rosette_21d	0.0534	-0.023	0.48452	105
myb3r_repressed	rosette_21d_8	rosette_21d	0.0244	-0.007	0.44855	105
myb3r_repressed	rosette_21d_9	rosette_21d	0.0371	2.773	0.00899	105
myb3r_repressed	rosette_30d_0	rosette_30d	0.0139	1.225	0.12288	105
myb3r_repressed	rosette_30d_1	rosette_30d	0.0157	0.276	0.31568	105
myb3r_repressed	rosette_30d_10	rosette_30d	0.0253	2.105	0.03197	105
myb3r_repressed	rosette_30d_11	rosette_30d	0.0619	4.49	0.002	105
myb3r_repressed	rosette_30d_12	rosette_30d	0.0232	0.812	0.1988	105
myb3r_repressed	rosette_30d_13	rosette_30d	0.1258	19.961	0.001	105
myb3r_repressed	rosette_30d_14	rosette_30d	0.0143	0.025	0.44056	105
myb3r_repressed	rosette_30d_15	rosette_30d	0.0134	-0.841	0.78322	105
myb3r_repressed	rosette_30d_16	rosette_30d	0.0191	-0.971	0.83417	105
myb3r_repressed	rosette_30d_2	rosette_30d	0.029	1.519	0.08392	105
myb3r_repressed	rosette_30d_3	rosette_30d	0.025	1.484	0.09091	105
myb3r_repressed	rosette_30d_4	rosette_30d	0.0177	0.142	0.38462	105
myb3r_repressed	rosette_30d_5	rosette_30d	0.0229	1.429	0.09291	105
myb3r_repressed	rosette_30d_6	rosette_30d	0.0221	1.21	0.11888	105
myb3r_repressed	rosette_30d_7	rosette_30d	0.0234	0.099	0.41059	105
myb3r_repressed	rosette_30d_8	rosette_30d	0.0236	1.64	0.07193	105
myb3r_repressed	rosette_30d_9	rosette_30d	0.016	-1.216	0.89411	105
myb3r_repressed	seed_3d_0	seed_3d	0.0335	0.963	0.16384	105
myb3r_repressed	seed_3d_1	seed_3d	0.0311	0.104	0.42058	105
myb3r_repressed	seed_3d_10	seed_3d	0.0495	2.341	0.01698	105
myb3r_repressed	seed_3d_11	seed_3d	0.0827	0.862	0.19081	105
myb3r_repressed	seed_3d_12	seed_3d	0.14	18.71	0.001	105
myb3r_repressed	seed_3d_13	seed_3d	0.1055	1.293	0.0989	105
myb3r_repressed	seed_3d_14	seed_3d	0.0308	0.639	0.23277	105
myb3r_repressed	seed_3d_15	seed_3d	0.0321	0.203	0.37463	105
myb3r_repressed	seed_3d_16	seed_3d	0.0388	0.828	0.1988	105
myb3r_repressed	seed_3d_17	seed_3d	0.0343	-1.02	0.84216	105
myb3r_repressed	seed_3d_2	seed_3d	0.0204	1.091	0.13087	105
myb3r_repressed	seed_3d_3	seed_3d	0.0284	0.657	0.22478	105
myb3r_repressed	seed_3d_4	seed_3d	0.0599	0.984	0.15984	105
myb3r_repressed	seed_3d_5	seed_3d	0.0929	1.086	0.13586	105
myb3r_repressed	seed_3d_6	seed_3d	0.0385	0.201	0.37163	105
myb3r_repressed	seed_3d_7	seed_3d	0.0442	2.48	0.01399	105
myb3r_repressed	seed_3d_8	seed_3d	0.0437	-1.299	0.91608	105
myb3r_repressed	seed_3d_9	seed_3d	0.0337	-0.405	0.63037	105
myb3r_repressed	seed_425d_0	seed_425d	0.0359	0.564	0.29071	105
myb3r_repressed	seed_425d_1	seed_425d	0.0757	2.381	0.01598	105
myb3r_repressed	seed_425d_10	seed_425d	0.0634	-0.029	0.48452	105
myb3r_repressed	seed_425d_11	seed_425d	0.1046	0.307	0.37862	105
myb3r_repressed	seed_425d_12	seed_425d	0.0453	0.53	0.3017	105
myb3r_repressed	seed_425d_13	seed_425d	0.1878	12.952	0.001	105
myb3r_repressed	seed_425d_14	seed_425d	0.0554	-0.837	0.78721	105
myb3r_repressed	seed_425d_15	seed_425d	0.0558	0.18	0.41958	105
myb3r_repressed	seed_425d_16	seed_425d	0.0431	-0.139	0.53347	105
myb3r_repressed	seed_425d_2	seed_425d	0.0644	0.166	0.41758	105
myb3r_repressed	seed_425d_3	seed_425d	0.0536	0.633	0.24376	105
myb3r_repressed	seed_425d_4	seed_425d	0.0501	1.679	0.06094	105
myb3r_repressed	seed_425d_5	seed_425d	0.1175	1.915	0.03896	105
myb3r_repressed	seed_425d_6	seed_425d	0.0578	0.97	0.17582	105
myb3r_repressed	seed_425d_7	seed_425d	0.0602	1.616	0.06494	105
myb3r_repressed	seed_425d_8	seed_425d	0.0455	0.134	0.43357	105
myb3r_repressed	seed_425d_9	seed_425d	0.0419	1.812	0.04496	105
myb3r_repressed	seedling_15d_0	seedling_15d	0.0165	1.633	0.06494	105
myb3r_repressed	seedling_15d_1	seedling_15d	0.0195	1.972	0.04496	105
myb3r_repressed	seedling_15d_10	seedling_15d	0.0288	0.757	0.21778	105
myb3r_repressed	seedling_15d_11	seedling_15d	0.0168	1.47	0.09091	105
myb3r_repressed	seedling_15d_12	seedling_15d	0.0158	-0.44	0.61638	105
myb3r_repressed	seedling_15d_13	seedling_15d	0.0279	-0.413	0.62537	105
myb3r_repressed	seedling_15d_14	seedling_15d	0.0318	-2.201	0.996	105
myb3r_repressed	seedling_15d_15	seedling_15d	0.0789	-1.893	0.97602	105
myb3r_repressed	seedling_15d_16	seedling_15d	0.0179	-1.866	0.98801	105
myb3r_repressed	seedling_15d_17	seedling_15d	0.0212	-1.898	0.98601	105
myb3r_repressed	seedling_15d_18	seedling_15d	0.0814	-0.393	0.63936	105
myb3r_repressed	seedling_15d_2	seedling_15d	0.0159	2.552	0.02198	105
myb3r_repressed	seedling_15d_3	seedling_15d	0.0585	-1.571	0.95005	105
myb3r_repressed	seedling_15d_4	seedling_15d	0.0264	1.501	0.08791	105
myb3r_repressed	seedling_15d_5	seedling_15d	0.0145	-0.234	0.54545	105
myb3r_repressed	seedling_15d_6	seedling_15d	0.0187	-0.956	0.82717	105
myb3r_repressed	seedling_15d_7	seedling_15d	0.0243	2.304	0.01898	105
myb3r_repressed	seedling_15d_8	seedling_15d	0.0168	0.362	0.31169	105
myb3r_repressed	seedling_15d_9	seedling_15d	0.0458	8.113	0.001	105
myb3r_repressed	seedling_6d_0	seedling_6d	0.0231	1.969	0.03596	105
myb3r_repressed	seedling_6d_1	seedling_6d	0.019	0.469	0.27872	105
myb3r_repressed	seedling_6d_10	seedling_6d	0.1173	23.271	0.001	105
myb3r_repressed	seedling_6d_11	seedling_6d	0.0241	0.406	0.3017	105
myb3r_repressed	seedling_6d_12	seedling_6d	0.0193	-0.172	0.51449	105
myb3r_repressed	seedling_6d_13	seedling_6d	0.0191	0.511	0.26074	105
myb3r_repressed	seedling_6d_14	seedling_6d	0.0244	0.78	0.19281	105
myb3r_repressed	seedling_6d_15	seedling_6d	0.0272	-0.16	0.52048	105
myb3r_repressed	seedling_6d_16	seedling_6d	0.0752	4.129	0.002	105
myb3r_repressed	seedling_6d_17	seedling_6d	0.0388	0.595	0.25574	105
myb3r_repressed	seedling_6d_2	seedling_6d	0.0161	2.647	0.01598	105
myb3r_repressed	seedling_6d_3	seedling_6d	0.0506	1.605	0.06294	105
myb3r_repressed	seedling_6d_4	seedling_6d	0.0149	1.784	0.06394	105
myb3r_repressed	seedling_6d_5	seedling_6d	0.0245	-1.288	0.92008	105
myb3r_repressed	seedling_6d_6	seedling_6d	0.0257	2.826	0.00999	105
myb3r_repressed	seedling_6d_7	seedling_6d	0.0219	1.974	0.04196	105
myb3r_repressed	seedling_6d_8	seedling_6d	0.0284	1.688	0.07692	105
myb3r_repressed	seedling_6d_9	seedling_6d	0.0191	1.189	0.12188	105
myb3r_repressed	seedling_9d_0	seedling_9d	0.0257	1.407	0.0989	105
myb3r_repressed	seedling_9d_1	seedling_9d	0.0178	2.203	0.03297	105
myb3r_repressed	seedling_9d_10	seedling_9d	0.0288	-1.197	0.9001	105
myb3r_repressed	seedling_9d_11	seedling_9d	0.0254	0.406	0.31469	105
myb3r_repressed	seedling_9d_12	seedling_9d	0.0209	1.97	0.05295	105
myb3r_repressed	seedling_9d_13	seedling_9d	0.0319	1.382	0.0979	105
myb3r_repressed	seedling_9d_14	seedling_9d	0.0213	-0.001	0.44056	105
myb3r_repressed	seedling_9d_15	seedling_9d	0.0335	-2.06	0.98701	105
myb3r_repressed	seedling_9d_16	seedling_9d	0.0228	-0.515	0.64935	105
myb3r_repressed	seedling_9d_17	seedling_9d	0.0251	0.006	0.44056	105
myb3r_repressed	seedling_9d_18	seedling_9d	0.0567	-0.669	0.72727	105
myb3r_repressed	seedling_9d_19	seedling_9d	0.0215	0.559	0.24076	105
myb3r_repressed	seedling_9d_2	seedling_9d	0.0191	-0.091	0.48052	105
myb3r_repressed	seedling_9d_3	seedling_9d	0.035	0.992	0.14885	105
myb3r_repressed	seedling_9d_4	seedling_9d	0.1065	18.216	0.001	105
myb3r_repressed	seedling_9d_5	seedling_9d	0.0351	2.242	0.03297	105
myb3r_repressed	seedling_9d_6	seedling_9d	0.0239	1.004	0.15584	105
myb3r_repressed	seedling_9d_7	seedling_9d	0.0214	0.743	0.21279	105
myb3r_repressed	seedling_9d_8	seedling_9d	0.0292	1.987	0.04396	105
myb3r_repressed	seedling_9d_9	seedling_9d	0.0284	0.743	0.22078	105
myb3r_repressed	silique_0	silique	0.0373	0.035	0.45255	105
myb3r_repressed	silique_1	silique	0.091	6.562	0.001	105
myb3r_repressed	silique_10	silique	0.0393	-1.08	0.86414	105
myb3r_repressed	silique_11	silique	0.0542	-0.031	0.48851	105
myb3r_repressed	silique_12	silique	0.032	-0.789	0.77323	105
myb3r_repressed	silique_13	silique	0.0601	0.209	0.37962	105
myb3r_repressed	silique_14	silique	0.0602	-1.613	0.95205	105
myb3r_repressed	silique_15	silique	0.0768	0.541	0.28372	105
myb3r_repressed	silique_16	silique	0.0244	-0.83	0.78721	105
myb3r_repressed	silique_17	silique	0.0384	-0.904	0.81319	105
myb3r_repressed	silique_18	silique	0.0654	0.761	0.21079	105
myb3r_repressed	silique_19	silique	0.0396	-3.628	1.0	105
myb3r_repressed	silique_2	silique	0.0601	0.029	0.45954	105
myb3r_repressed	silique_20	silique	0.0373	-0.225	0.54545	105
myb3r_repressed	silique_21	silique	0.0604	0.583	0.24975	105
myb3r_repressed	silique_22	silique	0.0458	-0.011	0.45455	105
myb3r_repressed	silique_23	silique	0.0385	-1.497	0.95005	105
myb3r_repressed	silique_24	silique	0.049	-1.653	0.95504	105
myb3r_repressed	silique_25	silique	0.0484	-0.264	0.55944	105
myb3r_repressed	silique_26	silique	0.036	-0.827	0.78022	105
myb3r_repressed	silique_3	silique	0.04	0.861	0.2008	105
myb3r_repressed	silique_4	silique	0.0427	-0.6	0.71029	105
myb3r_repressed	silique_5	silique	0.0533	-0.367	0.61738	105
myb3r_repressed	silique_6	silique	0.4797	26.225	0.001	105
myb3r_repressed	silique_7	silique	0.0369	-0.794	0.77423	105
myb3r_repressed	silique_8	silique	0.0643	2.154	0.02498	105
myb3r_repressed	silique_9	silique	0.049	0.988	0.15684	105
myb3r_repressed	stem_0	stem	0.0276	-1.357	0.92308	105
myb3r_repressed	stem_1	stem	0.0207	-0.911	0.81718	105
myb3r_repressed	stem_10	stem	0.0184	-1.198	0.9011	105
myb3r_repressed	stem_11	stem	0.0176	-1.38	0.94406	105
myb3r_repressed	stem_12	stem	0.0188	-1.718	0.97902	105
myb3r_repressed	stem_13	stem	0.0321	-0.04	0.48851	105
myb3r_repressed	stem_14	stem	0.0221	-1.716	0.97502	105
myb3r_repressed	stem_15	stem	0.0261	-2.774	0.999	105
myb3r_repressed	stem_2	stem	0.0201	-1.387	0.93307	105
myb3r_repressed	stem_3	stem	0.0149	-0.808	0.77622	105
myb3r_repressed	stem_4	stem	0.0239	-1.58	0.96503	105
myb3r_repressed	stem_5	stem	0.0158	-1.284	0.91508	105
myb3r_repressed	stem_6	stem	0.0414	-1.082	0.85914	105
myb3r_repressed	stem_7	stem	0.0295	-1.267	0.91309	105
myb3r_repressed	stem_8	stem	0.0167	-1.849	0.98501	105
myb3r_repressed	stem_9	stem	0.0341	-0.64	0.72727	105
sog1_independent	flower_0	flower	0.0095	-1.371	0.96503	28
sog1_independent	flower_1	flower	0.0125	-0.713	0.75624	28
sog1_independent	flower_10	flower	0.0588	0.776	0.19181	28
sog1_independent	flower_11	flower	0.0074	-1.378	0.99001	28
sog1_independent	flower_12	flower	0.0215	-0.307	0.51848	28
sog1_independent	flower_2	flower	0.0198	-1.283	0.95904	28
sog1_independent	flower_3	flower	0.012	-0.975	0.8981	28
sog1_independent	flower_4	flower	0.023	-0.597	0.69431	28
sog1_independent	flower_5	flower	0.0056	-0.961	0.94306	28
sog1_independent	flower_6	flower	0.015	-0.25	0.47053	28
sog1_independent	flower_7	flower	0.0162	-2.071	1.0	28
sog1_independent	flower_8	flower	0.0182	-0.719	0.75425	28
sog1_independent	flower_9	flower	0.0083	-1.22	0.95504	28
sog1_independent	rosette_21d_0	rosette_21d	0.0267	0.428	0.27073	28
sog1_independent	rosette_21d_1	rosette_21d	0.02	0.893	0.14985	28
sog1_independent	rosette_21d_10	rosette_21d	0.0398	0.176	0.36464	28
sog1_independent	rosette_21d_11	rosette_21d	0.0956	2.321	0.02797	28
sog1_independent	rosette_21d_12	rosette_21d	0.0692	3.374	0.00899	28
sog1_independent	rosette_21d_13	rosette_21d	0.049	1.392	0.1009	28
sog1_independent	rosette_21d_14	rosette_21d	0.0432	0.767	0.2028	28
sog1_independent	rosette_21d_15	rosette_21d	0.0279	0.461	0.22877	28
sog1_independent	rosette_21d_16	rosette_21d	0.0308	0.884	0.16084	28
sog1_independent	rosette_21d_17	rosette_21d	0.026	0.171	0.33766	28
sog1_independent	rosette_21d_2	rosette_21d	0.0717	4.454	0.004	28
sog1_independent	rosette_21d_3	rosette_21d	0.0282	0.596	0.24775	28
sog1_independent	rosette_21d_4	rosette_21d	0.0445	0.658	0.23976	28
sog1_independent	rosette_21d_5	rosette_21d	0.0269	0.161	0.29071	28
sog1_independent	rosette_21d_6	rosette_21d	0.0764	2.366	0.03397	28
sog1_independent	rosette_21d_7	rosette_21d	0.0701	0.582	0.25874	28
sog1_independent	rosette_21d_8	rosette_21d	0.0286	0.263	0.2997	28
sog1_independent	rosette_21d_9	rosette_21d	0.0379	1.458	0.0959	28
sog1_independent	rosette_30d_0	rosette_30d	0.0241	1.949	0.05694	28
sog1_independent	rosette_30d_1	rosette_30d	0.0724	5.573	0.003	28
sog1_independent	rosette_30d_10	rosette_30d	0.0409	2.592	0.03097	28
sog1_independent	rosette_30d_11	rosette_30d	0.0384	0.634	0.2018	28
sog1_independent	rosette_30d_12	rosette_30d	0.0394	1.751	0.07692	28
sog1_independent	rosette_30d_13	rosette_30d	0.0328	1.2	0.11289	28
sog1_independent	rosette_30d_14	rosette_30d	0.0218	0.778	0.17283	28
sog1_independent	rosette_30d_15	rosette_30d	0.0314	0.813	0.16284	28
sog1_independent	rosette_30d_16	rosette_30d	0.0603	1.407	0.08392	28
sog1_independent	rosette_30d_2	rosette_30d	0.0351	1.171	0.14186	28
sog1_independent	rosette_30d_3	rosette_30d	0.0251	0.749	0.15884	28
sog1_independent	rosette_30d_4	rosette_30d	0.0471	2.702	0.02298	28
sog1_independent	rosette_30d_5	rosette_30d	0.0338	1.696	0.07992	28
sog1_independent	rosette_30d_6	rosette_30d	0.0496	4.031	0.002	28
sog1_independent	rosette_30d_7	rosette_30d	0.032	0.645	0.22178	28
sog1_independent	rosette_30d_8	rosette_30d	0.0327	1.642	0.08791	28
sog1_independent	rosette_30d_9	rosette_30d	0.0705	1.64	0.08492	28
sog1_independent	seed_3d_0	seed_3d	0.0468	1.643	0.07393	28
sog1_independent	seed_3d_1	seed_3d	0.0586	2.111	0.04895	28
sog1_independent	seed_3d_10	seed_3d	0.0409	0.599	0.23876	28
sog1_independent	seed_3d_11	seed_3d	0.1168	1.64	0.06793	28
sog1_independent	seed_3d_12	seed_3d	0.0628	2.832	0.00899	28
sog1_independent	seed_3d_13	seed_3d	0.1585	2.259	0.02498	28
sog1_independent	seed_3d_14	seed_3d	0.0416	1.269	0.1009	28
sog1_independent	seed_3d_15	seed_3d	0.0483	1.273	0.11089	28
sog1_independent	seed_3d_16	seed_3d	0.0413	0.543	0.24675	28
sog1_independent	seed_3d_17	seed_3d	0.1188	3.323	0.00899	28
sog1_independent	seed_3d_2	seed_3d	0.0342	2.544	0.02198	28
sog1_independent	seed_3d_3	seed_3d	0.0605	2.968	0.01199	28
sog1_independent	seed_3d_4	seed_3d	0.0913	2.01	0.04296	28
sog1_independent	seed_3d_5	seed_3d	0.1401	2.153	0.03397	28
sog1_independent	seed_3d_6	seed_3d	0.0562	1.111	0.13586	28
sog1_independent	seed_3d_7	seed_3d	0.0514	1.862	0.05495	28
sog1_independent	seed_3d_8	seed_3d	0.0768	0.677	0.23277	28
sog1_independent	seed_3d_9	seed_3d	0.0504	0.647	0.21678	28
sog1_independent	seed_425d_0	seed_425d	0.0179	-0.86	0.79121	28
sog1_independent	seed_425d_1	seed_425d	0.0318	-0.695	0.74625	28
sog1_independent	seed_425d_10	seed_425d	0.0418	-0.821	0.79121	28
sog1_independent	seed_425d_11	seed_425d	0.0598	-0.77	0.74426	28
sog1_independent	seed_425d_12	seed_425d	0.0287	-0.517	0.65934	28
sog1_independent	seed_425d_13	seed_425d	0.0377	-0.401	0.61439	28
sog1_independent	seed_425d_14	seed_425d	0.0532	-0.519	0.65235	28
sog1_independent	seed_425d_15	seed_425d	0.0253	-1.094	0.86713	28
sog1_independent	seed_425d_16	seed_425d	0.0236	-0.954	0.82717	28
sog1_independent	seed_425d_2	seed_425d	0.0351	-0.844	0.78222	28
sog1_independent	seed_425d_3	seed_425d	0.0289	-0.789	0.76823	28
sog1_independent	seed_425d_4	seed_425d	0.0541	1.124	0.13287	28
sog1_independent	seed_425d_5	seed_425d	0.0683	-0.317	0.5984	28
sog1_independent	seed_425d_6	seed_425d	0.0276	-0.874	0.8022	28
sog1_independent	seed_425d_7	seed_425d	0.0664	1.199	0.12987	28
sog1_independent	seed_425d_8	seed_425d	0.03	-0.673	0.73227	28
sog1_independent	seed_425d_9	seed_425d	0.0151	-0.887	0.80719	28
sog1_independent	seedling_15d_0	seedling_15d	0.0245	2.289	0.03397	28
sog1_independent	seedling_15d_1	seedling_15d	0.0284	2.592	0.02298	28
sog1_independent	seedling_15d_10	seedling_15d	0.0343	0.781	0.16583	28
sog1_independent	seedling_15d_11	seedling_15d	0.0221	1.743	0.05694	28
sog1_independent	seedling_15d_12	seedling_15d	0.0406	1.762	0.08192	28
sog1_independent	seedling_15d_13	seedling_15d	0.0397	0.395	0.29071	28
sog1_independent	seedling_15d_14	seedling_15d	0.2097	3.978	0.001	28
sog1_independent	seedling_15d_15	seedling_15d	0.1843	0.868	0.19481	28
sog1_independent	seedling_15d_16	seedling_15d	0.1192	3.216	0.01199	28
sog1_independent	seedling_15d_17	seedling_15d	0.1012	1.652	0.06893	28
sog1_independent	seedling_15d_18	seedling_15d	0.2209	3.188	0.004	28
sog1_independent	seedling_15d_2	seedling_15d	0.0212	2.361	0.03297	28
sog1_independent	seedling_15d_3	seedling_15d	0.1129	0.397	0.31868	28
sog1_independent	seedling_15d_4	seedling_15d	0.058	3.803	0.00899	28
sog1_independent	seedling_15d_5	seedling_15d	0.0268	1.215	0.10889	28
sog1_independent	seedling_15d_6	seedling_15d	0.0344	1.029	0.14585	28
sog1_independent	seedling_15d_7	seedling_15d	0.0305	2.156	0.03696	28
sog1_independent	seedling_15d_8	seedling_15d	0.0287	1.554	0.07592	28
sog1_independent	seedling_15d_9	seedling_15d	0.025	1.119	0.13387	28
sog1_independent	seedling_6d_0	seedling_6d	0.0264	1.546	0.07592	28
sog1_independent	seedling_6d_1	seedling_6d	0.0259	1.038	0.13387	28
sog1_independent	seedling_6d_10	seedling_6d	0.0349	2.103	0.04296	28
sog1_independent	seedling_6d_11	seedling_6d	0.0249	0.305	0.30669	28
sog1_independent	seedling_6d_12	seedling_6d	0.0417	1.889	0.05994	28
sog1_independent	seedling_6d_13	seedling_6d	0.0261	1.091	0.10789	28
sog1_independent	seedling_6d_14	seedling_6d	0.0305	0.986	0.14486	28
sog1_independent	seedling_6d_15	seedling_6d	0.1122	5.407	0.002	28
sog1_independent	seedling_6d_16	seedling_6d	0.0377	-0.01	0.45754	28
sog1_independent	seedling_6d_17	seedling_6d	0.0967	3.51	0.005	28
sog1_independent	seedling_6d_2	seedling_6d	0.0237	3.122	0.01099	28
sog1_independent	seedling_6d_3	seedling_6d	0.0533	0.969	0.16284	28
sog1_independent	seedling_6d_4	seedling_6d	0.0255	3.073	0.01798	28
sog1_independent	seedling_6d_5	seedling_6d	0.0415	0.114	0.38561	28
sog1_independent	seedling_6d_6	seedling_6d	0.0211	0.83	0.17283	28
sog1_independent	seedling_6d_7	seedling_6d	0.0261	1.521	0.06294	28
sog1_independent	seedling_6d_8	seedling_6d	0.0619	3.628	0.01099	28
sog1_independent	seedling_6d_9	seedling_6d	0.0224	1.089	0.10889	28
sog1_independent	seedling_9d_0	seedling_9d	0.0809	5.894	0.002	28
sog1_independent	seedling_9d_1	seedling_9d	0.0199	1.391	0.08591	28
sog1_independent	seedling_9d_10	seedling_9d	0.0542	0.82	0.1978	28
sog1_independent	seedling_9d_11	seedling_9d	0.0466	2.274	0.03497	28
sog1_independent	seedling_9d_12	seedling_9d	0.0309	2.184	0.03596	28
sog1_independent	seedling_9d_13	seedling_9d	0.0393	1.246	0.12288	28
sog1_independent	seedling_9d_14	seedling_9d	0.0346	1.025	0.13287	28
sog1_independent	seedling_9d_15	seedling_9d	0.1018	1.636	0.07293	28
sog1_independent	seedling_9d_16	seedling_9d	0.0564	1.818	0.06494	28
sog1_independent	seedling_9d_17	seedling_9d	0.052	1.997	0.05395	28
sog1_independent	seedling_9d_18	seedling_9d	0.2207	4.801	0.001	28
sog1_independent	seedling_9d_19	seedling_9d	0.0498	3.129	0.01199	28
sog1_independent	seedling_9d_2	seedling_9d	0.0307	0.958	0.13387	28
sog1_independent	seedling_9d_3	seedling_9d	0.0562	2.425	0.02198	28
sog1_independent	seedling_9d_4	seedling_9d	0.0465	2.747	0.01299	28
sog1_independent	seedling_9d_5	seedling_9d	0.0546	2.859	0.02198	28
sog1_independent	seedling_9d_6	seedling_9d	0.0383	2.13	0.03796	28
sog1_independent	seedling_9d_7	seedling_9d	0.0282	1.009	0.11588	28
sog1_independent	seedling_9d_8	seedling_9d	0.027	0.863	0.15784	28
sog1_independent	seedling_9d_9	seedling_9d	0.0408	1.515	0.08392	28
sog1_independent	silique_0	silique	0.0431	0.309	0.3027	28
sog1_independent	silique_1	silique	0.0296	-0.254	0.49451	28
sog1_independent	silique_10	silique	0.0392	-0.55	0.64835	28
sog1_independent	silique_11	silique	0.0649	0.338	0.32767	28
sog1_independent	silique_12	silique	0.0503	0.525	0.26573	28
sog1_independent	silique_13	silique	0.0456	-0.401	0.59341	28
sog1_independent	silique_14	silique	0.068	-0.647	0.6973	28
sog1_independent	silique_15	silique	0.0612	-0.152	0.4975	28
sog1_independent	silique_16	silique	0.0173	-0.82	0.81718	28
sog1_independent	silique_17	silique	0.0573	0.32	0.33267	28
sog1_independent	silique_18	silique	0.1017	1.738	0.05894	28
sog1_independent	silique_19	silique	0.0244	-2.126	0.996	28
sog1_independent	silique_2	silique	0.0468	-0.627	0.6983	28
sog1_independent	silique_20	silique	0.0404	0.037	0.39361	28
sog1_independent	silique_21	silique	0.0227	-1.109	0.9031	28
sog1_independent	silique_22	silique	0.0353	-0.434	0.57942	28
sog1_independent	silique_23	silique	0.0339	-0.868	0.76723	28
sog1_independent	silique_24	silique	0.0379	-1.155	0.89311	28
sog1_independent	silique_25	silique	0.1066	2.157	0.03696	28
sog1_independent	silique_26	silique	0.083	1.345	0.10689	28
sog1_independent	silique_3	silique	0.0351	0.037	0.4006	28
sog1_independent	silique_4	silique	0.0511	-0.019	0.45854	28
sog1_independent	silique_5	silique	0.0331	-0.827	0.77023	28
sog1_independent	silique_6	silique	0.0654	0.268	0.33666	28
sog1_independent	silique_7	silique	0.0579	0.381	0.30869	28
sog1_independent	silique_8	silique	0.0436	-0.034	0.44056	28
sog1_independent	silique_9	silique	0.0711	1.62	0.08691	28
sog1_independent	stem_0	stem	0.0551	0.637	0.24575	28
sog1_independent	stem_1	stem	0.0263	0.072	0.41558	28
sog1_independent	stem_10	stem	0.0468	1.328	0.1029	28
sog1_independent	stem_11	stem	0.0614	1.353	0.10589	28
sog1_independent	stem_12	stem	0.0501	1.146	0.13586	28
sog1_independent	stem_13	stem	0.0457	0.998	0.14486	28
sog1_independent	stem_14	stem	0.0377	-0.058	0.41359	28
sog1_independent	stem_15	stem	0.0213	-1.489	0.95305	28
sog1_independent	stem_2	stem	0.0405	0.662	0.23576	28
sog1_independent	stem_3	stem	0.0317	1.172	0.12787	28
sog1_independent	stem_4	stem	0.0744	1.458	0.0999	28
sog1_independent	stem_5	stem	0.0255	0.24	0.33766	28
sog1_independent	stem_6	stem	0.0484	-0.261	0.53946	28
sog1_independent	stem_7	stem	0.0627	0.849	0.2038	28
sog1_independent	stem_8	stem	0.0543	0.894	0.17782	28
sog1_independent	stem_9	stem	0.041	-0.045	0.44056	28
