TF	name	mean_coefficient	sd_across_folds	sign_stability
AT1G25580	SOG1	0.1264	0.0073	1.0
AT4G29230		0.0966	0.0052	1.0
AT3G20770		-0.0831	0.0051	1.0
AT1G10720		-0.0789	0.005	1.0
AT1G71696		-0.0755	0.0055	1.0
AT5G18090		-0.0741	0.0048	1.0
AT4G32730	MYB3R1	-0.0731	0.0034	1.0
AT1G02250		0.071	0.0039	1.0
AT4G14770		-0.0689	0.006	1.0
AT1G02230		0.0667	0.004	1.0
AT1G32510		-0.0649	0.0056	1.0
AT2G03340		0.0645	0.0033	1.0
AT4G24020		-0.0636	0.0051	1.0
AT4G01550		0.0604	0.0053	1.0
AT4G25480		0.0598	0.003	1.0
AT5G09410		0.0596	0.0049	1.0
AT2G22430		-0.0594	0.0038	1.0
AT3G49930		-0.0589	0.0051	1.0
AT1G17950		-0.0588	0.0061	1.0
AT3G13810		-0.0572	0.0047	1.0
AT3G06490		0.0571	0.0037	1.0
AT1G69180		-0.0569	0.003	1.0
AT4G32800		0.0568	0.0046	1.0
AT3G26790		-0.0564	0.0042	1.0
AT5G08130		-0.056	0.0032	1.0
AT1G77200		0.0558	0.0038	1.0
AT4G28500		0.0549	0.0031	1.0
AT4G18170		0.0549	0.0032	1.0
AT2G38470		0.0543	0.0034	1.0
AT1G12610		0.053	0.0038	1.0
AT1G80840		0.053	0.0038	1.0
AT4G31800		0.0528	0.0031	1.0
AT5G07100		0.0527	0.003	1.0
AT3G09230		-0.0525	0.0041	1.0
AT1G70920		-0.0523	0.0038	1.0
AT2G30250		0.0517	0.0033	1.0
AT4G25490		0.0514	0.0028	1.0
AT3G47600		-0.0511	0.0053	1.0
AT4G01280		0.051	0.0031	1.0
AT5G64060		0.0508	0.0036	1.0
AT4G22070		0.0507	0.0036	1.0
AT1G20910		0.05	0.0054	1.0
AT1G18330		0.05	0.0035	1.0
AT3G27785		-0.0499	0.003	1.0
AT4G26640		0.0496	0.0027	1.0
AT3G09600		0.049	0.0038	1.0
AT2G02080		-0.049	0.008	1.0
AT1G01250		0.0486	0.0053	1.0
AT5G47660		-0.0483	0.0065	1.0
AT1G13400		-0.0483	0.0042	1.0
AT1G46264		-0.0483	0.006	1.0
AT1G29860		0.0479	0.0028	1.0
AT1G19040		0.0474	0.0031	1.0
AT1G23810		-0.0474	0.0077	1.0
AT3G60490		0.0469	0.0043	1.0
AT2G44840		-0.0468	0.0033	1.0
AT1G62300		0.0464	0.0028	1.0
AT3G16280		0.0464	0.0042	1.0
AT3G02990		-0.0463	0.0037	1.0
AT2G33550		-0.0463	0.0041	1.0
AT5G51990		0.0455	0.0034	1.0
AT1G69560		-0.0451	0.0045	1.0
AT2G01930		-0.045	0.0045	1.0
AT1G73730		0.0449	0.0078	1.0
AT5G52660		0.0446	0.0042	1.0
AT2G44940		0.0443	0.0034	1.0
AT2G31230		-0.0442	0.0032	1.0
AT5G62000		-0.0441	0.0052	1.0
AT5G47220		-0.0432	0.0039	1.0
AT1G76870		-0.0429	0.0059	1.0
AT3G57230		-0.0427	0.0077	1.0
AT5G26170		0.0426	0.0022	1.0
AT5G58850		-0.0421	0.003	1.0
AT5G02840		0.0421	0.0051	1.0
AT4G38620		-0.0417	0.0086	1.0
AT4G14410		-0.041	0.005	1.0
AT4G25470		0.0409	0.004	1.0
AT3G49530		0.0409	0.0034	1.0
AT4G23550		0.0402	0.0026	1.0
AT4G01540		0.0399	0.0038	1.0
AT5G17300		0.0399	0.0039	1.0
AT4G31060		0.0391	0.003	1.0
AT4G37790		-0.0391	0.0043	1.0
AT2G41690		-0.0391	0.0044	1.0
AT2G28920		0.039	0.0046	1.0
AT3G01970		0.0389	0.0024	1.0
AT5G44160		-0.0386	0.0039	1.0
AT1G52150		-0.0382	0.0033	1.0
AT1G76880		-0.0381	0.0025	1.0
AT1G32870		0.0379	0.0026	1.0
AT2G45680		0.0377	0.0046	1.0
AT5G16600		-0.0377	0.005	1.0
AT2G02540		-0.0376	0.0038	1.0
AT2G32460		-0.0374	0.0037	1.0
AT5G42820		-0.0374	0.0075	1.0
AT2G38300		-0.0368	0.0044	1.0
AT5G47370		-0.0368	0.0037	1.0
AT4G36740		-0.0367	0.0032	1.0
AT1G28470		0.0367	0.0029	1.0
AT1G68670		0.0366	0.0051	1.0
AT1G01060		0.0361	0.0036	1.0
AT3G23250		-0.036	0.0042	1.0
AT3G46070		-0.0359	0.0024	1.0
AT5G67300		-0.0359	0.005	1.0
AT1G04880		-0.0359	0.0043	1.0
AT1G12630		0.0358	0.0029	1.0
AT4G18450		-0.0356	0.0071	1.0
AT5G67450		-0.0352	0.0026	1.0
AT1G75490		-0.0352	0.0018	1.0
AT5G65310		-0.0349	0.0028	1.0
AT3G25990		-0.0348	0.0056	1.0
AT5G22990		0.0343	0.0024	1.0
AT1G63030		0.0341	0.0057	1.0
AT2G40740		0.0341	0.0028	1.0
AT2G15740		0.0341	0.0026	1.0
AT5G61600		-0.0338	0.0037	1.0
AT1G14687		-0.0337	0.0036	1.0
AT1G03840		-0.0335	0.005	1.0
AT2G35700		0.0335	0.0027	1.0
AT3G20310		-0.0335	0.0031	1.0
AT3G57600		-0.0334	0.0034	1.0
AT4G18770		-0.033	0.0032	1.0
AT1G30490		-0.0328	0.0034	1.0
AT5G66700		-0.0327	0.0035	1.0
AT5G43840		-0.0326	0.0052	1.0
AT2G15660		-0.0325	0.0043	1.0
AT5G62165		-0.0325	0.0047	1.0
AT3G21175		-0.0324	0.0055	1.0
AT5G10140		-0.0324	0.0059	1.0
AT3G10113		0.0321	0.0045	1.0
AT2G02070		-0.0318	0.0047	1.0
AT2G42590		-0.0317	0.0037	1.0
AT4G30080		0.0317	0.0056	1.0
AT5G06950		-0.0316	0.0037	1.0
AT4G01500		-0.0313	0.0064	1.0
AT2G33710		-0.0312	0.0028	1.0
AT1G67260		0.0309	0.0045	1.0
AT1G33240		-0.0308	0.0036	1.0
AT4G04450		0.0303	0.0043	1.0
AT4G01680		-0.0301	0.0038	1.0
AT1G55110		-0.03	0.0054	1.0
AT1G66370		0.03	0.004	1.0
AT3G24520		-0.0297	0.0052	1.0
AT5G10510		-0.0294	0.0072	1.0
AT5G64750		-0.0294	0.0029	1.0
AT2G17410		-0.0292	0.0053	1.0
AT1G50640		-0.0291	0.0031	1.0
AT4G27900		-0.0291	0.0046	1.0
AT1G69780		-0.029	0.0024	1.0
AT3G22830		-0.029	0.0039	1.0
AT4G24470		-0.0288	0.0046	1.0
AT1G74370		-0.0288	0.004	1.0
AT1G51700		-0.0286	0.0033	1.0
AT3G01470		-0.0285	0.0048	1.0
AT1G31140		0.0284	0.0032	1.0
AT3G01220		-0.0284	0.0037	1.0
AT1G53170		-0.0283	0.0031	1.0
AT5G18450		-0.0281	0.0035	1.0
AT1G16490		-0.028	0.0032	1.0
AT3G08500		-0.0277	0.0032	1.0
AT1G22810		0.027	0.0032	1.0
AT5G03790		-0.027	0.0037	1.0
AT3G09735		-0.0268	0.0038	1.0
AT4G01720		0.0268	0.0055	1.0
AT1G51600		-0.0268	0.0045	1.0
AT2G17900		-0.0267	0.007	1.0
AT3G42860		0.0267	0.003	1.0
AT5G23930		-0.0264	0.0031	1.0
AT3G07220		0.0264	0.0057	1.0
AT4G06746		0.0263	0.005	1.0
AT1G13300		0.0257	0.0055	1.0
AT3G12820		-0.0257	0.0031	1.0
AT5G47230		-0.0254	0.0034	1.0
AT2G20110		-0.0253	0.0061	1.0
AT5G17800		-0.0253	0.0032	1.0
AT5G06100		-0.0251	0.0028	1.0
AT3G50700		-0.025	0.0031	1.0
AT2G01818		-0.0248	0.0036	1.0
AT3G61150		-0.0247	0.0032	1.0
AT2G23340		0.0247	0.0039	1.0
AT3G23240		-0.0247	0.0046	1.0
AT1G21910		0.0247	0.0027	1.0
AT4G38170		-0.0246	0.0051	1.0
AT1G28160		-0.0244	0.0027	1.0
AT1G22070		-0.0244	0.0034	1.0
AT1G68320		0.0243	0.003	1.0
AT2G46400		0.024	0.0046	1.0
AT5G03150		-0.0239	0.0069	1.0
AT1G03800		-0.0239	0.0027	1.0
AT2G42200		-0.0239	0.0041	1.0
AT5G08750		0.0238	0.0073	1.0
AT3G06740		-0.0238	0.0037	1.0
AT5G13080		0.0237	0.0024	1.0
AT1G28370		-0.0232	0.0039	1.0
AT3G45170		0.0229	0.0034	1.0
AT5G22500		0.0229	0.0071	1.0
AT2G41835		0.0229	0.0044	1.0
AT5G48670		-0.0228	0.0061	1.0
AT3G51080		-0.0227	0.0038	1.0
AT5G52830		0.0227	0.0026	1.0
AT5G62470		-0.0226	0.0052	1.0
AT4G11660		-0.0226	0.0038	1.0
AT5G10280		-0.0226	0.0032	1.0
AT1G49560		0.0225	0.0069	1.0
AT1G79180		-0.0224	0.0025	1.0
AT2G46130		0.0223	0.0028	1.0
AT1G75390		0.022	0.0032	1.0
AT3G15210		-0.0219	0.0039	1.0
AT1G76890		-0.0218	0.0053	1.0
AT1G27360		0.0218	0.0087	0.955
AT3G22780		0.0218	0.0049	1.0
AT5G63260		-0.0215	0.0032	1.0
AT4G27950		-0.0214	0.0034	1.0
AT1G65910		0.0212	0.0028	1.0
AT1G76110		-0.0212	0.0028	1.0
AT3G53200		0.021	0.0044	1.0
AT3G10030		0.021	0.0027	1.0
AT1G44830		0.0209	0.0033	1.0
AT5G44210		-0.0208	0.0032	1.0
AT2G47070		0.0208	0.0038	1.0
AT2G38340		0.0208	0.0022	1.0
AT3G51470		-0.0208	0.0039	1.0
AT5G60130		-0.0207	0.0038	1.0
AT5G67580		-0.0206	0.0049	1.0
AT1G25550		0.0206	0.005	1.0
AT2G23320		0.0204	0.0026	1.0
AT5G22890		-0.0199	0.0028	1.0
AT3G30210		-0.0199	0.005	1.0
AT5G66730		-0.0198	0.0039	1.0
AT3G15270		-0.0198	0.0027	1.0
AT3G55370		-0.0198	0.0033	1.0
AT3G27010		0.0197	0.0038	1.0
AT2G24570		-0.0197	0.0034	1.0
AT1G34370		-0.0195	0.0061	1.0
AT3G58630		-0.0195	0.0039	1.0
AT4G31550		0.0194	0.0026	1.0
AT2G02820		-0.0192	0.0045	1.0
AT5G08070		-0.0191	0.0049	1.0
AT1G52880		0.0191	0.0023	1.0
AT5G02460		-0.0189	0.0029	1.0
AT3G03660		-0.0189	0.0041	1.0
AT1G30650		0.0189	0.0026	1.0
AT5G11260		-0.0188	0.0025	1.0
AT1G19210		-0.0187	0.0023	1.0
AT5G67000		-0.0187	0.0045	1.0
AT2G31460		-0.0185	0.0054	1.0
AT2G06200		-0.0184	0.0025	1.0
AT5G16820		-0.0184	0.0038	1.0
AT1G63040		-0.0183	0.0047	1.0
AT5G65130		-0.0183	0.0024	1.0
AT5G58900		-0.0179	0.0031	1.0
AT4G34410		-0.0178	0.0034	1.0
AT5G61270		-0.0178	0.0065	0.955
AT5G54230		0.0178	0.0024	1.0
AT4G00730		-0.0177	0.0032	1.0
AT2G38880		-0.0176	0.0052	1.0
AT5G65410		-0.0173	0.0026	1.0
AT5G53950		0.0171	0.0029	1.0
AT4G36160		0.017	0.002	1.0
AT2G30590		0.017	0.0035	1.0
AT1G18960		0.017	0.0052	1.0
AT1G06180		-0.0169	0.0032	1.0
AT3G50060		-0.0168	0.0055	1.0
AT1G54330		0.0165	0.0019	1.0
AT1G27730		-0.0165	0.0025	1.0
AT1G69010		-0.0165	0.0022	1.0
AT1G74840		0.0164	0.003	1.0
AT4G17980		0.0164	0.0033	1.0
AT1G01720		0.0163	0.0029	1.0
AT2G40260		-0.0163	0.0029	1.0
AT2G18350		-0.0162	0.0022	1.0
AT1G69490		0.016	0.0022	1.0
AT3G10580		-0.016	0.0024	1.0
AT5G67190		0.016	0.0028	1.0
AT5G40330		0.0156	0.0038	1.0
AT1G75080		0.0155	0.0071	0.955
AT3G11020		0.0155	0.0028	1.0
AT4G36620		0.0154	0.0032	1.0
AT5G42520		-0.0154	0.0044	1.0
AT3G03200		0.0153	0.0026	1.0
AT5G25475		0.0152	0.0048	1.0
AT5G38800		-0.0152	0.0062	1.0
AT1G60920		0.0152	0.0064	0.955
AT1G72360		-0.0151	0.0053	1.0
AT3G20840		0.0151	0.0055	1.0
AT2G03500		-0.015	0.0028	1.0
AT5G41570		0.0148	0.0024	1.0
AT3G61250		-0.0148	0.0035	1.0
AT2G46680		-0.0147	0.0035	1.0
AT1G71450		-0.0146	0.0026	1.0
AT3G30530		-0.0145	0.0058	0.955
AT2G30340		-0.0144	0.0043	1.0
AT4G17460		0.0144	0.0071	0.909
AT4G01250		0.0143	0.0026	1.0
AT4G38910		-0.0143	0.0059	0.955
AT2G42430		-0.0142	0.0051	1.0
AT4G18890		-0.0141	0.0029	1.0
AT3G48160		0.0139	0.0083	0.955
AT3G52440		-0.0139	0.0042	1.0
AT3G61120		0.0138	0.0078	0.909
AT3G11280		-0.0137	0.0035	1.0
AT3G18990		-0.0136	0.0045	1.0
AT3G04070		0.0134	0.0032	1.0
AT2G38090		-0.0134	0.006	0.955
AT1G68550		-0.0134	0.0027	1.0
AT3G47620		-0.0132	0.0059	0.955
AT1G75240		-0.0132	0.002	1.0
AT3G12250		-0.013	0.0033	1.0
AT3G28920		-0.013	0.0017	1.0
AT1G20980		0.0129	0.0031	1.0
AT5G07680		0.0127	0.0031	1.0
AT3G11440		-0.0126	0.0062	1.0
AT2G26960		-0.0126	0.0047	1.0
AT3G50260		0.0125	0.0024	1.0
AT2G43000		0.0125	0.003	1.0
AT2G45420		-0.0124	0.0034	1.0
AT3G50410		-0.0124	0.0039	1.0
AT1G24250		0.0124	0.0039	1.0
AT5G14340		-0.0123	0.0034	1.0
AT4G28140		-0.0123	0.0048	1.0
AT3G04030		-0.0122	0.0031	1.0
AT3G45610		-0.0122	0.0033	1.0
AT3G12720		-0.0121	0.0027	1.0
AT3G02940		0.012	0.0022	1.0
AT4G16750		0.012	0.0025	1.0
AT3G45150		-0.0119	0.0044	1.0
AT1G19790		-0.0118	0.0043	1.0
AT1G65620		0.0118	0.0037	1.0
AT5G13790		0.0118	0.0043	0.955
AT3G01530		-0.0117	0.0026	1.0
AT2G18060		0.0117	0.003	1.0
AT3G60530		0.0117	0.0037	1.0
AT4G24240		-0.0117	0.0037	0.955
AT5G04410		0.0116	0.0023	1.0
AT3G17730		0.0116	0.002	1.0
AT1G29280		0.0116	0.0026	1.0
AT1G36060		-0.0115	0.0018	1.0
AT4G36780		-0.0115	0.0038	1.0
AT5G60850		-0.0113	0.0029	1.0
AT5G24110		0.0112	0.003	1.0
AT4G37260		-0.0111	0.006	0.955
AT5G50570		0.011	0.0042	0.955
AT5G29000		0.0107	0.003	1.0
AT5G25190		-0.0105	0.0024	1.0
AT1G13260		-0.0105	0.006	0.955
AT1G18570		-0.0105	0.0035	0.955
AT3G12730		-0.0103	0.0039	1.0
AT1G76420		0.0103	0.0018	1.0
AT3G47500		-0.0102	0.0055	0.955
AT2G01940		-0.0102	0.0056	0.955
AT1G78700		-0.01	0.0028	1.0
AT1G34180		0.01	0.002	1.0
AT3G13040		-0.0097	0.0057	1.0
AT2G46590		-0.0096	0.003	1.0
AT2G28810		-0.0095	0.0034	1.0
AT5G63090		-0.0092	0.0043	0.955
AT5G13910		-0.0091	0.0038	0.955
AT3G24120		-0.0091	0.0049	1.0
AT5G38860		-0.0091	0.0035	1.0
AT5G18560		-0.0088	0.003	0.955
AT2G23290		0.0085	0.0044	0.955
AT3G15170		0.0084	0.0024	1.0
AT5G47390		0.0081	0.0029	0.955
AT3G57920		-0.0081	0.0037	1.0
AT1G09540		-0.0081	0.0027	0.955
AT4G17785		0.008	0.0028	0.955
AT3G18400		0.008	0.0019	1.0
AT1G74480		0.0079	0.0045	0.955
AT4G38000		-0.0078	0.0032	1.0
AT1G51220		-0.0077	0.0049	0.955
AT2G36270		-0.0077	0.0028	1.0
AT5G06839		0.0076	0.0025	1.0
AT3G46590		0.0076	0.006	0.909
AT2G20400		-0.0075	0.0032	0.955
AT3G56850		-0.0075	0.0025	1.0
AT2G01060		-0.0074	0.0063	0.955
AT1G34190		-0.0074	0.0038	1.0
AT1G08320		-0.0074	0.0036	0.909
AT5G58620		0.0073	0.0034	0.955
AT3G21890		-0.0073	0.0032	1.0
AT3G10500		0.0073	0.0026	1.0
AT5G05550		-0.0072	0.0027	1.0
AT3G28910		-0.0072	0.0042	0.909
AT1G49010		-0.0071	0.0027	1.0
AT5G66940		-0.0071	0.0034	1.0
AT3G44480		-0.007	0.0045	0.909
AT3G12130		0.007	0.0036	0.955
AT5G46590		0.0069	0.0042	0.955
AT2G35530		-0.0068	0.0031	1.0
AT2G04038		0.0067	0.0034	0.909
AT5G49300		0.0066	0.0057	0.818
AT1G72740		-0.0065	0.0057	0.909
AT3G23210		-0.0064	0.0027	1.0
AT5G46350		0.0063	0.0028	1.0
AT1G34670		0.0062	0.0023	1.0
AT5G61620		0.0062	0.0029	0.955
AT5G62940		-0.0061	0.0036	0.955
AT1G12260		0.0061	0.0018	1.0
AT5G59990		-0.0061	0.0039	0.955
AT5G18270		0.006	0.0023	0.955
AT2G45650		0.006	0.0052	0.909
AT1G69570		-0.0059	0.0047	0.909
AT5G15830		-0.0058	0.0034	0.955
AT1G79580		0.0057	0.003	1.0
AT1G53230		0.0057	0.0066	0.818
AT1G64620		-0.0054	0.0027	0.955
AT5G65510		0.0054	0.0053	0.864
AT5G56930		0.0054	0.0046	0.909
AT1G25340		-0.0054	0.0058	0.864
AT3G23220		-0.0051	0.005	0.909
AT1G26960		-0.005	0.002	1.0
AT5G45580		-0.0049	0.0049	0.818
AT1G72010		0.0049	0.0041	0.909
AT1G77640		0.0047	0.0034	0.909
AT5G52170		0.0045	0.0077	0.909
AT5G65210		0.0044	0.0026	1.0
AT5G39610		0.0044	0.0027	0.955
AT5G25390		-0.0044	0.0045	0.909
AT4G28110		0.0043	0.0042	0.864
AT5G39820		0.0043	0.0024	0.955
AT4G34590		0.0042	0.0026	0.955
AT1G74650		-0.0042	0.0032	0.955
AT5G66300		0.0042	0.0033	0.864
AT1G14580		-0.0042	0.0042	0.864
AT5G14960		0.0041	0.0072	0.909
AT2G33810		-0.0041	0.0042	0.864
AT5G45300		-0.004	0.0031	0.955
AT1G19000		0.0039	0.0029	0.864
AT2G21900		-0.0038	0.0068	0.773
AT3G12910		-0.0038	0.0065	0.818
AT2G39900		0.0038	0.0047	0.818
AT1G32240		0.0036	0.0058	0.818
AT5G06960		-0.0035	0.0043	0.909
AT5G62380		0.0034	0.0028	0.864
AT1G69690		0.0033	0.0043	0.864
AT1G06280		-0.0032	0.0023	0.864
AT4G05100		0.0031	0.0022	0.909
AT1G43700		0.0031	0.0039	0.909
AT5G56110		-0.0031	0.0023	0.909
AT5G08520		-0.0031	0.0027	0.909
AT5G62320		-0.0031	0.002	0.909
AT5G05790		0.0031	0.0028	0.864
AT4G26030		0.0025	0.0022	0.864
AT1G06850		0.0022	0.0045	0.909
AT3G13350		0.0021	0.0061	0.773
AT5G56840		-0.0018	0.0028	0.864
AT1G08010		0.0018	0.0035	0.818
AT3G62420		0.0017	0.0033	0.773
AT3G10480		-0.0017	0.0028	0.818
AT5G13180		0.0017	0.002	0.864
AT2G17950		-0.0015	0.0042	0.818
AT3G26620		0.0014	0.0069	0.773
AT2G45410		0.0013	0.0029	0.818
AT3G24050		-0.0013	0.0028	0.773
AT5G25830		0.0012	0.0037	0.773
AT2G18380		-0.0012	0.0033	0.727
AT1G45249		0.0012	0.0028	0.727
AT3G60580		-0.001	0.0039	0.545
AT5G04390		-0.0008	0.0033	0.682
AT3G04060		0.0008	0.0021	0.727
AT3G02150		0.0008	0.004	0.636
AT2G18160		-0.0007	0.0037	0.682
AT2G24430		0.0006	0.0023	0.727
AT5G10030		-0.0005	0.0019	0.727
AT5G08330		0.0005	0.0038	0.773
AT4G00250		0.0005	0.0034	0.636
AT4G10350		0.0004	0.0027	0.545
AT1G32150		-0.0004	0.0029	0.5
AT2G46770	ANAC043	0.0004	0.0023	0.591
AT4G37180		0.0004	0.0034	0.727
AT1G47655		-0.0003	0.0043	0.591
AT2G22540		0.0002	0.0051	0.591
AT3G10800		-0.0	0.0033	0.455
