accession	TF	name	n_levels	spearman_rho	p	q
OSD-251	AT5G06839		5	1.0	1.4042654220543672e-24	1.6640545251344252e-22
OSD-251	AT1G65620		5	1.0	1.4042654220543672e-24	1.6640545251344252e-22
OSD-251	AT5G14960		5	-1.0	1.4042654220543672e-24	1.6640545251344252e-22
OSD-251	AT3G10113		5	1.0	1.4042654220543672e-24	1.6640545251344252e-22
OSD-346	AT1G45249		7	0.929	0.0025194724037946874	0.3585118702039306
OSD-346	AT1G08010		7	-0.929	0.0025194724037946874	0.3585118702039306
OSD-346	AT5G17300		7	0.893	0.006807187408935392	0.3585118702039306
OSD-346	AT1G06850		7	-0.893	0.006807187408935392	0.3585118702039306
OSD-346	AT1G43700		7	-0.893	0.006807187408935392	0.3585118702039306
OSD-346	AT1G63040		7	-0.893	0.006807187408935392	0.3585118702039306
OSD-346	AT3G13810		7	0.893	0.006807187408935392	0.3585118702039306
OSD-346	AT5G25830		7	-0.893	0.006807187408935392	0.3585118702039306
OSD-346	AT4G27900		7	0.893	0.006807187408935392	0.3585118702039306
OSD-346	AT4G01720		7	-0.857	0.013697326615325611	0.4057833009790212
OSD-346	AT2G38300		7	0.857	0.013697326615325611	0.4057833009790212
OSD-346	AT3G28910		7	0.857	0.013697326615325611	0.4057833009790212
OSD-346	AT1G74650		7	0.857	0.013697326615325611	0.4057833009790212
OSD-346	AT5G45580		7	0.857	0.013697326615325611	0.4057833009790212
OSD-346	AT5G62470		7	0.857	0.013697326615325611	0.4057833009790212
OSD-346	AT1G32510		7	-0.857	0.013697326615325611	0.4057833009790212
OSD-346	AT2G17900		7	-0.847	0.016197127467871626	0.4516140246924206
OSD-346	AT2G02080		7	0.821	0.023448808345691505	0.48324935460251184
OSD-346	AT1G76880		7	-0.821	0.023448808345691505	0.48324935460251184
OSD-346	AT3G50700		7	0.821	0.023448808345691505	0.48324935460251184
OSD-346	AT1G18330		7	0.821	0.023448808345691505	0.48324935460251184
OSD-346	AT5G65410		7	-0.821	0.023448808345691505	0.48324935460251184
OSD-346	AT4G01280		7	0.821	0.023448808345691505	0.48324935460251184
OSD-346	AT4G14770		7	0.786	0.03623846267982714	0.5376953003618561
OSD-346	AT3G56850		7	0.786	0.03623846267982714	0.5376953003618561
OSD-346	AT1G34370		7	-0.786	0.03623846267982714	0.5376953003618561
OSD-346	AT1G71696		7	0.786	0.03623846267982714	0.5376953003618561
OSD-346	AT5G42820		7	-0.786	0.03623846267982714	0.5376953003618561
OSD-346	AT2G46400		7	-0.786	0.03623846267982714	0.5376953003618561
OSD-346	AT1G55110		7	0.786	0.03623846267982714	0.5376953003618561
OSD-346	AT3G06490		7	0.786	0.03623846267982714	0.5376953003618561
OSD-251	AT2G38340		5	0.9	0.03738607346849875	0.44302497060171026
OSD-251	AT5G47660		5	0.9	0.03738607346849875	0.44302497060171026
OSD-251	AT4G01280		5	0.9	0.03738607346849875	0.44302497060171026
OSD-251	AT3G08500		5	0.9	0.03738607346849875	0.44302497060171026
OSD-251	AT2G38300		5	0.9	0.03738607346849875	0.44302497060171026
OSD-251	AT1G69490		5	0.9	0.03738607346849875	0.44302497060171026
OSD-251	AT5G58620		5	0.9	0.03738607346849875	0.44302497060171026
OSD-251	AT2G20400		5	0.9	0.03738607346849875	0.44302497060171026
OSD-251	AT5G52660		5	0.9	0.03738607346849875	0.44302497060171026
OSD-251	AT3G09600		5	0.9	0.03738607346849875	0.44302497060171026
OSD-251	AT5G29000		5	0.9	0.03738607346849875	0.44302497060171026
OSD-251	AT5G42820		5	0.9	0.03738607346849875	0.44302497060171026
OSD-251	AT3G46070		5	-0.9	0.03738607346849875	0.44302497060171026
OSD-251	AT5G22990		5	0.9	0.03738607346849875	0.44302497060171026
OSD-251	AT3G12910		5	0.9	0.03738607346849875	0.44302497060171026
OSD-251	AT5G17300		5	0.9	0.03738607346849875	0.44302497060171026
OSD-251	AT3G13350		5	0.9	0.03738607346849875	0.44302497060171026
OSD-251	AT1G52880		5	0.9	0.03738607346849875	0.44302497060171026
OSD-251	AT4G37180		5	0.9	0.03738607346849875	0.44302497060171026
OSD-251	AT4G25490		5	0.9	0.03738607346849875	0.44302497060171026
OSD-251	AT3G27010		5	-0.9	0.03738607346849875	0.44302497060171026
OSD-251	AT4G25480		5	0.9	0.03738607346849875	0.44302497060171026
OSD-251	AT4G18890		5	0.9	0.03738607346849875	0.44302497060171026
OSD-251	AT4G11660		5	0.9	0.03738607346849875	0.44302497060171026
OSD-251	AT3G12250		5	0.9	0.03738607346849875	0.44302497060171026
OSD-251	AT1G01060		5	0.9	0.03738607346849875	0.44302497060171026
OSD-251	AT1G69690		5	-0.9	0.03738607346849875	0.44302497060171026
OSD-251	AT1G01720		5	0.9	0.03738607346849875	0.44302497060171026
OSD-251	AT1G20910		5	0.9	0.03738607346849875	0.44302497060171026
OSD-251	AT1G13300		5	0.9	0.03738607346849875	0.44302497060171026
OSD-251	AT1G33240		5	0.9	0.03738607346849875	0.44302497060171026
OSD-251	AT1G22070		5	0.9	0.03738607346849875	0.44302497060171026
OSD-251	AT2G06200		5	-0.9	0.03738607346849875	0.44302497060171026
OSD-251	AT1G08320		5	0.9	0.03738607346849875	0.44302497060171026
OSD-251	AT1G18330		5	0.9	0.03738607346849875	0.44302497060171026
OSD-251	AT1G10720		5	0.9	0.03738607346849875	0.44302497060171026
OSD-346	AT1G13260		7	0.75	0.05218140045705776	0.5376953003618561
OSD-346	AT4G18170		7	-0.75	0.05218140045705776	0.5376953003618561
OSD-346	AT4G37260		7	0.75	0.05218140045705776	0.5376953003618561
OSD-346	AT5G17800		7	-0.75	0.05218140045705776	0.5376953003618561
OSD-346	AT5G40330		7	-0.75	0.05218140045705776	0.5376953003618561
OSD-346	AT5G52660		7	0.75	0.05218140045705776	0.5376953003618561
OSD-346	AT4G18450		7	-0.75	0.05218140045705776	0.5376953003618561
OSD-346	AT3G51470		7	-0.75	0.05218140045705776	0.5376953003618561
OSD-346	AT3G51080		7	-0.75	0.05218140045705776	0.5376953003618561
OSD-346	AT1G72010		7	-0.75	0.05218140045705776	0.5376953003618561
OSD-346	AT3G24050		7	-0.75	0.05218140045705776	0.5376953003618561
OSD-346	AT1G27360		7	-0.75	0.05218140045705776	0.5376953003618561
OSD-346	AT1G01060		7	0.75	0.05218140045705776	0.5376953003618561
OSD-346	AT2G46130		7	-0.75	0.05218140045705776	0.5376953003618561
OSD-346	AT2G22540		7	0.75	0.05218140045705776	0.5376953003618561
OSD-346	AT5G56110		7	0.714	0.0713435614675376	0.5419221997190249
OSD-346	AT1G34180		7	-0.714	0.0713435614675376	0.5419221997190249
OSD-346	AT1G52150		7	-0.714	0.0713435614675376	0.5419221997190249
OSD-346	AT3G47600		7	0.714	0.0713435614675376	0.5419221997190249
OSD-346	AT1G17950		7	-0.714	0.0713435614675376	0.5419221997190249
OSD-346	AT3G01220		7	-0.714	0.0713435614675376	0.5419221997190249
OSD-346	AT3G21175		7	0.714	0.0713435614675376	0.5419221997190249
OSD-346	AT3G57230		7	-0.714	0.0713435614675376	0.5419221997190249
OSD-346	AT3G53200		7	0.714	0.0713435614675376	0.5419221997190249
OSD-346	AT2G17950		7	-0.714	0.0713435614675376	0.5419221997190249
OSD-346	AT2G20400		7	0.714	0.0713435614675376	0.5419221997190249
OSD-346	AT1G25580	SOG1	7	-0.714	0.0713435614675376	0.5419221997190249
OSD-346	AT2G03340		7	-0.679	0.0937502539598313	0.5419221997190249
OSD-346	AT4G26640		7	-0.679	0.0937502539598313	0.5419221997190249
OSD-346	AT4G04450		7	-0.679	0.0937502539598313	0.5419221997190249
OSD-346	AT4G01550		7	0.679	0.0937502539598313	0.5419221997190249
OSD-346	AT4G31800		7	-0.679	0.0937502539598313	0.5419221997190249
OSD-346	AT1G25340		7	0.679	0.0937502539598313	0.5419221997190249
OSD-346	AT1G03840		7	0.679	0.0937502539598313	0.5419221997190249
OSD-346	AT1G70920		7	-0.679	0.0937502539598313	0.5419221997190249
OSD-346	AT5G07100		7	-0.679	0.0937502539598313	0.5419221997190249
OSD-346	AT1G14687		7	-0.679	0.0937502539598313	0.5419221997190249
OSD-346	AT3G09230		7	-0.679	0.0937502539598313	0.5419221997190249
OSD-346	AT1G10720		7	-0.679	0.0937502539598313	0.5419221997190249
OSD-346	AT5G16820		7	0.679	0.0937502539598313	0.5419221997190249
OSD-346	AT4G17460		7	-0.679	0.0937502539598313	0.5419221997190249
OSD-346	AT3G07220		7	0.679	0.0937502539598313	0.5419221997190249
OSD-346	AT2G26960		7	0.679	0.0937502539598313	0.5419221997190249
OSD-346	AT5G67000		7	-0.679	0.0937502539598313	0.5419221997190249
OSD-346	AT2G38470		7	-0.679	0.0937502539598313	0.5419221997190249
OSD-346	AT2G31460		7	0.679	0.0937502539598313	0.5419221997190249
OSD-346	AT2G01060		7	0.679	0.0937502539598313	0.5419221997190249
OSD-346	AT5G59990		7	0.679	0.0937502539598313	0.5419221997190249
OSD-346	AT2G40740		7	-0.679	0.0937502539598313	0.5419221997190249
OSD-346	AT5G64060		7	-0.679	0.0937502539598313	0.5419221997190249
OSD-346	AT2G23290		7	0.679	0.0937502539598313	0.5419221997190249
OSD-251	AT1G27730		5	-0.8	0.10408803866182788	0.652052214764006
OSD-251	AT3G26790		5	-0.8	0.10408803866182788	0.652052214764006
OSD-251	AT5G18270		5	0.8	0.10408803866182788	0.652052214764006
OSD-251	AT3G04070		5	0.8	0.10408803866182788	0.652052214764006
OSD-251	AT3G24120		5	0.8	0.10408803866182788	0.652052214764006
OSD-251	AT2G24430		5	0.8	0.10408803866182788	0.652052214764006
OSD-251	AT5G65210		5	0.8	0.10408803866182788	0.652052214764006
OSD-251	AT5G45580		5	0.8	0.10408803866182788	0.652052214764006
OSD-251	AT2G47070		5	0.8	0.10408803866182788	0.652052214764006
OSD-251	AT5G50570		5	0.8	0.10408803866182788	0.652052214764006
OSD-251	AT1G25550		5	0.8	0.10408803866182788	0.652052214764006
OSD-251	AT5G51990		5	0.8	0.10408803866182788	0.652052214764006
OSD-251	AT3G09735		5	0.8	0.10408803866182788	0.652052214764006
OSD-251	AT2G41690		5	0.8	0.10408803866182788	0.652052214764006
OSD-251	AT3G30210		5	0.8	0.10408803866182788	0.652052214764006
OSD-251	AT5G39610		5	0.8	0.10408803866182788	0.652052214764006
OSD-251	AT5G16820		5	0.8	0.10408803866182788	0.652052214764006
OSD-251	AT3G22830		5	0.8	0.10408803866182788	0.652052214764006
OSD-251	AT5G06960		5	0.8	0.10408803866182788	0.652052214764006
OSD-251	AT2G01818		5	0.8	0.10408803866182788	0.652052214764006
OSD-251	AT1G01250		5	0.8	0.10408803866182788	0.652052214764006
OSD-251	AT5G08330		5	-0.8	0.10408803866182788	0.652052214764006
OSD-251	AT4G25470		5	0.8	0.10408803866182788	0.652052214764006
OSD-251	AT5G03150		5	-0.8	0.10408803866182788	0.652052214764006
OSD-251	AT4G27900		5	0.8	0.10408803866182788	0.652052214764006
OSD-251	AT5G08130		5	-0.8	0.10408803866182788	0.652052214764006
OSD-251	AT2G03500		5	0.8	0.10408803866182788	0.652052214764006
OSD-251	AT5G10030		5	0.8	0.10408803866182788	0.652052214764006
OSD-251	AT1G77200		5	0.8	0.10408803866182788	0.652052214764006
OSD-251	AT4G36160		5	0.8	0.10408803866182788	0.652052214764006
OSD-251	AT1G76420		5	0.8	0.10408803866182788	0.652052214764006
OSD-251	AT4G36620		5	0.8	0.10408803866182788	0.652052214764006
OSD-346	AT5G10140		7	-0.643	0.11939237342741094	0.5659198500459278
OSD-346	AT3G09600		7	0.643	0.11939237342741094	0.5659198500459278
OSD-346	AT3G22780		7	0.643	0.11939237342741094	0.5659198500459278
OSD-346	AT1G16490		7	0.643	0.11939237342741094	0.5659198500459278
OSD-346	AT5G54230		7	0.643	0.11939237342741094	0.5659198500459278
OSD-346	AT5G56930		7	-0.643	0.11939237342741094	0.5659198500459278
OSD-346	AT5G66730		7	0.643	0.11939237342741094	0.5659198500459278
OSD-346	AT1G73730		7	0.643	0.11939237342741094	0.5659198500459278
OSD-346	AT3G22830		7	0.643	0.11939237342741094	0.5659198500459278
OSD-346	AT3G13350		7	0.643	0.11939237342741094	0.5659198500459278
OSD-346	AT1G51220		7	0.643	0.11939237342741094	0.5659198500459278
OSD-346	AT3G27785		7	0.643	0.11939237342741094	0.5659198500459278
OSD-346	AT1G51700		7	-0.643	0.11939237342741094	0.5659198500459278
OSD-346	AT1G69690		7	-0.643	0.11939237342741094	0.5659198500459278
OSD-346	AT1G68670		7	0.643	0.11939237342741094	0.5659198500459278
OSD-346	AT4G11660		7	0.643	0.11939237342741094	0.5659198500459278
OSD-346	AT1G32150		7	0.643	0.11939237342741094	0.5659198500459278
OSD-346	AT3G60530		7	-0.643	0.11939237342741094	0.5659198500459278
OSD-346	AT2G36270		7	0.607	0.1482311614811614	0.6005262439493205
OSD-346	AT2G35530		7	0.607	0.1482311614811614	0.6005262439493205
OSD-346	AT2G41835		7	0.607	0.1482311614811614	0.6005262439493205
OSD-346	AT4G30080		7	-0.607	0.1482311614811614	0.6005262439493205
OSD-346	AT2G44840		7	-0.607	0.1482311614811614	0.6005262439493205
OSD-346	AT1G75080		7	0.607	0.1482311614811614	0.6005262439493205
OSD-346	AT1G67260		7	-0.607	0.1482311614811614	0.6005262439493205
OSD-346	AT5G46590		7	-0.607	0.1482311614811614	0.6005262439493205
OSD-346	AT2G24570		7	-0.607	0.1482311614811614	0.6005262439493205
OSD-346	AT1G34190		7	-0.607	0.1482311614811614	0.6005262439493205
OSD-346	AT5G14340		7	0.607	0.1482311614811614	0.6005262439493205
OSD-346	AT3G10113		7	0.607	0.1482311614811614	0.6005262439493205
OSD-346	AT3G10800		7	0.607	0.1482311614811614	0.6005262439493205
OSD-346	AT5G08330		7	-0.607	0.1482311614811614	0.6005262439493205
OSD-346	AT2G18160		7	0.607	0.1482311614811614	0.6005262439493205
OSD-346	AT5G67300		7	0.607	0.1482311614811614	0.6005262439493205
OSD-346	AT5G62000		7	0.607	0.1482311614811614	0.6005262439493205
OSD-346	AT5G58850		7	0.571	0.1802019889115274	0.6725649034965667
OSD-346	AT1G21910		7	-0.571	0.1802019889115274	0.6725649034965667
OSD-346	AT1G76870		7	0.571	0.1802019889115274	0.6725649034965667
OSD-346	AT1G65910		7	-0.571	0.1802019889115274	0.6725649034965667
OSD-346	AT4G36620		7	-0.571	0.1802019889115274	0.6725649034965667
OSD-346	AT3G03200		7	-0.571	0.1802019889115274	0.6725649034965667
OSD-346	AT1G69780		7	-0.571	0.1802019889115274	0.6725649034965667
OSD-346	AT3G27010		7	-0.571	0.1802019889115274	0.6725649034965667
OSD-346	AT2G39900		7	-0.571	0.1802019889115274	0.6725649034965667
OSD-346	AT1G32240		7	0.571	0.1802019889115274	0.6725649034965667
OSD-251	AT1G68320		5	0.7	0.18812040437418728	0.652052214764006
OSD-251	AT1G68670		5	0.7	0.18812040437418728	0.652052214764006
OSD-251	AT1G36060		5	0.7	0.18812040437418728	0.652052214764006
OSD-251	AT1G43700		5	-0.7	0.18812040437418728	0.652052214764006
OSD-251	AT3G23220		5	0.7	0.18812040437418728	0.652052214764006
OSD-251	AT5G67450		5	-0.7	0.18812040437418728	0.652052214764006
OSD-251	AT4G23550		5	-0.7	0.18812040437418728	0.652052214764006
OSD-251	AT1G28370		5	0.7	0.18812040437418728	0.652052214764006
OSD-251	AT5G63090		5	0.7	0.18812040437418728	0.652052214764006
OSD-251	AT4G29230		5	-0.7	0.18812040437418728	0.652052214764006
OSD-251	AT1G76870		5	0.7	0.18812040437418728	0.652052214764006
OSD-251	AT1G06850		5	-0.7	0.18812040437418728	0.652052214764006
OSD-251	AT4G36780		5	0.7	0.18812040437418728	0.652052214764006
OSD-251	AT4G01500		5	0.7	0.18812040437418728	0.652052214764006
OSD-251	AT5G02840		5	0.7	0.18812040437418728	0.652052214764006
OSD-251	AT1G09540		5	0.7	0.18812040437418728	0.652052214764006
OSD-251	AT2G15740		5	0.7	0.18812040437418728	0.652052214764006
OSD-251	AT5G11260		5	0.7	0.18812040437418728	0.652052214764006
OSD-251	AT5G13910		5	0.7	0.18812040437418728	0.652052214764006
OSD-251	AT1G12610		5	0.7	0.18812040437418728	0.652052214764006
OSD-251	AT1G13400		5	-0.7	0.18812040437418728	0.652052214764006
OSD-251	AT5G18450		5	0.7	0.18812040437418728	0.652052214764006
OSD-251	AT5G23930		5	0.7	0.18812040437418728	0.652052214764006
OSD-251	AT5G25190		5	0.7	0.18812040437418728	0.652052214764006
OSD-251	AT5G25390		5	0.7	0.18812040437418728	0.652052214764006
OSD-251	AT1G51220		5	0.7	0.18812040437418728	0.652052214764006
OSD-251	AT2G28920		5	0.7	0.18812040437418728	0.652052214764006
OSD-251	AT1G50640		5	0.7	0.18812040437418728	0.652052214764006
OSD-251	AT3G48160		5	-0.7	0.18812040437418728	0.652052214764006
OSD-251	AT5G45300		5	0.7	0.18812040437418728	0.652052214764006
OSD-251	AT5G47220		5	0.7	0.18812040437418728	0.652052214764006
OSD-251	AT5G59990		5	0.7	0.18812040437418728	0.652052214764006
OSD-251	AT1G24250		5	0.7	0.18812040437418728	0.652052214764006
OSD-251	AT2G42430		5	0.7	0.18812040437418728	0.652052214764006
OSD-251	AT2G42590		5	-0.7	0.18812040437418728	0.652052214764006
OSD-251	AT2G44840		5	0.7	0.18812040437418728	0.652052214764006
OSD-251	AT2G45410		5	0.7	0.18812040437418728	0.652052214764006
OSD-251	AT5G60130		5	0.7	0.18812040437418728	0.652052214764006
OSD-251	AT3G26620		5	0.7	0.18812040437418728	0.652052214764006
OSD-251	AT3G20310		5	0.7	0.18812040437418728	0.652052214764006
OSD-346	AT1G29860		7	-0.536	0.21521745567801273	0.6987196848724523
OSD-346	AT4G24240		7	-0.536	0.21521745567801273	0.6987196848724523
OSD-346	AT5G06100		7	0.536	0.21521745567801273	0.6987196848724523
OSD-346	AT2G30590		7	-0.536	0.21521745567801273	0.6987196848724523
OSD-346	AT5G15830		7	0.536	0.21521745567801273	0.6987196848724523
OSD-346	AT3G42860		7	-0.536	0.21521745567801273	0.6987196848724523
OSD-346	AT1G13300		7	0.536	0.21521745567801273	0.6987196848724523
OSD-346	AT2G04038		7	0.536	0.21521745567801273	0.6987196848724523
OSD-346	AT3G09735		7	0.536	0.21521745567801273	0.6987196848724523
OSD-346	AT1G80840		7	-0.536	0.21521745567801273	0.6987196848724523
OSD-346	AT3G58630		7	-0.536	0.21521745567801273	0.6987196848724523
OSD-346	AT3G61120		7	0.536	0.21521745567801273	0.6987196848724523
OSD-346	AT3G61250		7	0.536	0.21521745567801273	0.6987196848724523
OSD-346	AT1G62300		7	-0.536	0.21521745567801273	0.6987196848724523
OSD-346	AT1G33240		7	0.536	0.21521745567801273	0.6987196848724523
OSD-346	AT3G62420		7	0.536	0.21521745567801273	0.6987196848724523
OSD-346	AT4G31550		7	-0.536	0.21521745567801273	0.6987196848724523
OSD-346	AT4G26030		7	0.536	0.21521745567801273	0.6987196848724523
OSD-346	AT4G24020		7	0.536	0.21521745567801273	0.6987196848724523
OSD-346	AT4G34590		7	0.5	0.2531699951003227	0.7453576253264158
OSD-346	AT3G26790		7	-0.5	0.2531699951003227	0.7453576253264158
OSD-346	AT3G24120		7	0.5	0.2531699951003227	0.7453576253264158
OSD-346	AT5G05790		7	0.5	0.2531699951003227	0.7453576253264158
OSD-346	AT4G18770		7	0.5	0.2531699951003227	0.7453576253264158
OSD-346	AT3G60580		7	0.5	0.2531699951003227	0.7453576253264158
OSD-346	AT1G13400		7	0.5	0.2531699951003227	0.7453576253264158
OSD-346	AT5G06839		7	0.5	0.2531699951003227	0.7453576253264158
OSD-346	AT3G01530		7	0.5	0.2531699951003227	0.7453576253264158
OSD-346	AT1G19040		7	-0.5	0.2531699951003227	0.7453576253264158
OSD-346	AT1G24250		7	0.5	0.2531699951003227	0.7453576253264158
OSD-346	AT2G22430		7	-0.5	0.2531699951003227	0.7453576253264158
OSD-346	AT5G48670		7	-0.5	0.2531699951003227	0.7453576253264158
OSD-346	AT1G68320		7	0.5	0.2531699951003227	0.7453576253264158
OSD-346	AT2G21900		7	-0.5	0.2531699951003227	0.7453576253264158
OSD-251	AT4G24470		5	0.6	0.28475697986529375	0.652052214764006
OSD-251	AT1G02230		5	-0.6	0.28475697986529375	0.652052214764006
OSD-251	AT4G28110		5	0.6	0.28475697986529375	0.652052214764006
OSD-251	AT4G28140		5	0.6	0.28475697986529375	0.652052214764006
OSD-251	AT5G07680		5	0.6	0.28475697986529375	0.652052214764006
OSD-251	AT4G38000		5	0.6	0.28475697986529375	0.652052214764006
OSD-251	AT4G37790		5	0.6	0.28475697986529375	0.652052214764006
OSD-251	AT5G06950		5	0.6	0.28475697986529375	0.652052214764006
OSD-251	AT5G05550		5	0.6	0.28475697986529375	0.652052214764006
OSD-251	AT5G04390		5	-0.6	0.28475697986529375	0.652052214764006
OSD-251	AT1G06180		5	0.6	0.28475697986529375	0.652052214764006
OSD-251	AT1G06280		5	0.6	0.28475697986529375	0.652052214764006
OSD-251	AT1G53230		5	-0.6	0.28475697986529375	0.652052214764006
OSD-251	AT4G38620		5	0.6	0.28475697986529375	0.652052214764006
OSD-251	AT1G04880		5	0.6	0.28475697986529375	0.652052214764006
OSD-251	AT4G31060		5	0.6	0.28475697986529375	0.652052214764006
OSD-251	AT1G14687		5	0.6	0.28475697986529375	0.652052214764006
OSD-251	AT5G13180		5	0.6	0.28475697986529375	0.652052214764006
OSD-251	AT1G34670		5	0.6	0.28475697986529375	0.652052214764006
OSD-251	AT1G44830		5	0.6	0.28475697986529375	0.652052214764006
OSD-251	AT5G67190		5	0.6	0.28475697986529375	0.652052214764006
OSD-251	AT5G66700		5	0.6	0.28475697986529375	0.652052214764006
OSD-251	AT5G65130		5	0.6	0.28475697986529375	0.652052214764006
OSD-251	AT5G64060		5	0.6	0.28475697986529375	0.652052214764006
OSD-251	AT5G63260		5	0.6	0.28475697986529375	0.652052214764006
OSD-251	AT1G26960		5	0.6	0.28475697986529375	0.652052214764006
OSD-251	AT5G61600		5	0.6	0.28475697986529375	0.652052214764006
OSD-251	AT5G60850		5	0.6	0.28475697986529375	0.652052214764006
OSD-251	AT1G25340		5	0.6	0.28475697986529375	0.652052214764006
OSD-251	AT5G56110		5	0.6	0.28475697986529375	0.652052214764006
OSD-251	AT5G54230		5	0.6	0.28475697986529375	0.652052214764006
OSD-251	AT1G22810		5	0.6	0.28475697986529375	0.652052214764006
OSD-251	AT5G47370		5	0.6	0.28475697986529375	0.652052214764006
OSD-251	AT1G21910		5	0.6	0.28475697986529375	0.652052214764006
OSD-251	AT5G46590		5	0.6	0.28475697986529375	0.652052214764006
OSD-251	AT5G43840		5	0.6	0.28475697986529375	0.652052214764006
OSD-251	AT1G19210		5	0.6	0.28475697986529375	0.652052214764006
OSD-251	AT5G39820		5	0.6	0.28475697986529375	0.652052214764006
OSD-251	AT1G16490		5	0.6	0.28475697986529375	0.652052214764006
OSD-251	AT5G25475		5	0.6	0.28475697986529375	0.652052214764006
OSD-251	AT1G12630		5	0.6	0.28475697986529375	0.652052214764006
OSD-251	AT5G10280		5	0.6	0.28475697986529375	0.652052214764006
OSD-251	AT4G18450		5	0.6	0.28475697986529375	0.652052214764006
OSD-251	AT1G70920		5	0.6	0.28475697986529375	0.652052214764006
OSD-251	AT3G04030		5	0.6	0.28475697986529375	0.652052214764006
OSD-251	AT3G15270		5	0.6	0.28475697986529375	0.652052214764006
OSD-251	AT3G04060		5	0.6	0.28475697986529375	0.652052214764006
OSD-251	AT2G18350		5	0.6	0.28475697986529375	0.652052214764006
OSD-251	AT3G06740		5	0.6	0.28475697986529375	0.652052214764006
OSD-251	AT1G78700		5	0.6	0.28475697986529375	0.652052214764006
OSD-251	AT1G63030		5	0.6	0.28475697986529375	0.652052214764006
OSD-251	AT2G18380		5	0.6	0.28475697986529375	0.652052214764006
OSD-251	AT3G23210		5	0.6	0.28475697986529375	0.652052214764006
OSD-251	AT2G33810		5	0.6	0.28475697986529375	0.652052214764006
OSD-251	AT4G00730		5	0.6	0.28475697986529375	0.652052214764006
OSD-251	AT3G10500		5	0.6	0.28475697986529375	0.652052214764006
OSD-251	AT3G03660		5	0.6	0.28475697986529375	0.652052214764006
OSD-251	AT3G55370		5	0.6	0.28475697986529375	0.652052214764006
OSD-251	AT2G30340		5	0.6	0.28475697986529375	0.652052214764006
OSD-251	AT3G12130		5	0.6	0.28475697986529375	0.652052214764006
OSD-251	AT3G21890		5	0.6	0.28475697986529375	0.652052214764006
OSD-251	AT3G12730		5	0.6	0.28475697986529375	0.652052214764006
OSD-251	AT2G01940		5	-0.6	0.28475697986529375	0.652052214764006
OSD-251	AT3G21175		5	0.6	0.28475697986529375	0.652052214764006
OSD-251	AT3G60580		5	-0.6	0.28475697986529375	0.652052214764006
OSD-251	AT1G75490		5	0.6	0.28475697986529375	0.652052214764006
OSD-251	AT3G18990		5	0.6	0.28475697986529375	0.652052214764006
OSD-251	AT3G18400		5	0.6	0.28475697986529375	0.652052214764006
OSD-251	AT1G76110		5	0.6	0.28475697986529375	0.652052214764006
OSD-251	AT3G11020		5	0.6	0.28475697986529375	0.652052214764006
OSD-251	AT3G03200		5	0.6	0.28475697986529375	0.652052214764006
OSD-251	AT3G58630		5	-0.6	0.28475697986529375	0.652052214764006
OSD-251	AT2G18060		5	0.6	0.28475697986529375	0.652052214764006
OSD-251	AT1G71450		5	0.6	0.28475697986529375	0.652052214764006
OSD-251	AT2G41835		5	-0.6	0.28475697986529375	0.652052214764006
OSD-251	AT2G01060		5	0.6	0.28475697986529375	0.652052214764006
OSD-251	AT3G45150		5	0.6	0.28475697986529375	0.652052214764006
OSD-251	AT1G72010		5	-0.6	0.28475697986529375	0.652052214764006
OSD-251	AT2G02080		5	-0.6	0.28475697986529375	0.652052214764006
OSD-251	AT2G45680		5	-0.6	0.28475697986529375	0.652052214764006
OSD-251	AT2G02820		5	0.6	0.28475697986529375	0.652052214764006
OSD-251	AT1G72360		5	0.6	0.28475697986529375	0.652052214764006
OSD-251	AT1G69010		5	0.6	0.28475697986529375	0.652052214764006
OSD-251	AT1G79580		5	0.6	0.28475697986529375	0.652052214764006
OSD-251	AT3G23240		5	0.6	0.28475697986529375	0.652052214764006
OSD-251	AT3G50260		5	0.6	0.28475697986529375	0.652052214764006
OSD-251	AT3G28920		5	0.6	0.28475697986529375	0.652052214764006
OSD-251	AT3G02940		5	0.6	0.28475697986529375	0.652052214764006
OSD-251	AT2G15660		5	0.6	0.28475697986529375	0.652052214764006
OSD-251	AT1G74370		5	-0.6	0.28475697986529375	0.652052214764006
OSD-251	AT3G02150		5	-0.6	0.28475697986529375	0.652052214764006
OSD-251	AT1G79180		5	0.6	0.28475697986529375	0.652052214764006
OSD-251	AT3G01530		5	0.6	0.28475697986529375	0.652052214764006
OSD-251	AT4G17785		5	0.6	0.28475697986529375	0.652052214764006
OSD-251	AT3G24050		5	0.6	0.28475697986529375	0.652052214764006
OSD-346	AT4G12670		7	-0.464	0.2939341076002517	0.8007170517386167
OSD-346	AT5G14960		7	0.464	0.2939341076002517	0.8007170517386167
OSD-346	AT5G16600		7	0.464	0.2939341076002517	0.8007170517386167
OSD-346	AT4G32730	MYB3R1	7	0.464	0.2939341076002517	0.8007170517386167
OSD-346	AT1G01720		7	0.464	0.2939341076002517	0.8007170517386167
OSD-346	AT5G11260		7	0.464	0.2939341076002517	0.8007170517386167
OSD-346	AT5G10280		7	0.464	0.2939341076002517	0.8007170517386167
OSD-346	AT4G05100		7	0.464	0.2939341076002517	0.8007170517386167
OSD-346	AT2G30250		7	-0.464	0.2939341076002517	0.8007170517386167
OSD-346	AT5G06950		7	-0.464	0.2939341076002517	0.8007170517386167
OSD-346	AT2G32460		7	0.464	0.2939341076002517	0.8007170517386167
OSD-346	AT1G30490		7	-0.464	0.2939341076002517	0.8007170517386167
OSD-346	AT5G42520		7	-0.464	0.2939341076002517	0.8007170517386167
OSD-346	AT3G11440		7	0.429	0.337368311085824	0.8258736208290229
OSD-346	AT3G18990		7	0.429	0.337368311085824	0.8258736208290229
OSD-346	AT5G09410		7	-0.429	0.337368311085824	0.8258736208290229
OSD-346	AT3G08500		7	0.429	0.337368311085824	0.8258736208290229
OSD-346	AT1G74480		7	0.429	0.337368311085824	0.8258736208290229
OSD-346	AT5G65510		7	0.429	0.337368311085824	0.8258736208290229
OSD-346	AT5G63090		7	-0.429	0.337368311085824	0.8258736208290229
OSD-346	AT1G51600		7	-0.429	0.337368311085824	0.8258736208290229
OSD-346	AT3G48160		7	0.429	0.337368311085824	0.8258736208290229
OSD-346	AT5G65310		7	-0.429	0.337368311085824	0.8258736208290229
OSD-346	AT4G38170		7	-0.429	0.337368311085824	0.8258736208290229
OSD-346	AT1G14580		7	0.429	0.337368311085824	0.8258736208290229
OSD-346	AT3G57600		7	-0.429	0.337368311085824	0.8258736208290229
OSD-346	AT2G20110		7	0.429	0.337368311085824	0.8258736208290229
OSD-346	AT2G02070		7	0.429	0.337368311085824	0.8258736208290229
OSD-346	AT2G33710		7	-0.393	0.38331687042697266	0.8258736208290229
OSD-346	AT2G28920		7	0.393	0.38331687042697266	0.8258736208290229
OSD-346	AT1G26960		7	0.393	0.38331687042697266	0.8258736208290229
OSD-346	AT3G01970		7	-0.393	0.38331687042697266	0.8258736208290229
OSD-346	AT5G02840		7	0.393	0.38331687042697266	0.8258736208290229
OSD-346	AT2G42590		7	0.393	0.38331687042697266	0.8258736208290229
OSD-346	AT4G37790		7	-0.393	0.38331687042697266	0.8258736208290229
OSD-346	AT3G03660		7	-0.393	0.38331687042697266	0.8258736208290229
OSD-346	AT3G12720		7	0.393	0.38331687042697266	0.8258736208290229
OSD-346	AT4G24470		7	0.393	0.38331687042697266	0.8258736208290229
OSD-346	AT4G23550		7	-0.393	0.38331687042697266	0.8258736208290229
OSD-346	AT3G12130		7	-0.393	0.38331687042697266	0.8258736208290229
OSD-346	AT1G28160		7	-0.393	0.38331687042697266	0.8258736208290229
OSD-346	AT1G78700		7	0.393	0.38331687042697266	0.8258736208290229
OSD-346	AT3G20310		7	-0.393	0.38331687042697266	0.8258736208290229
OSD-346	AT1G75390		7	0.393	0.38331687042697266	0.8258736208290229
OSD-346	AT3G23240		7	-0.393	0.38331687042697266	0.8258736208290229
OSD-346	AT1G69180		7	-0.393	0.38331687042697266	0.8258736208290229
OSD-346	AT3G46070		7	0.393	0.38331687042697266	0.8258736208290229
OSD-346	AT1G30650		7	-0.393	0.38331687042697266	0.8258736208290229
OSD-346	AT4G00250		7	0.393	0.38331687042697266	0.8258736208290229
OSD-346	AT1G29280		7	-0.393	0.38331687042697266	0.8258736208290229
OSD-346	AT1G22810		7	-0.393	0.38331687042697266	0.8258736208290229
OSD-346	AT2G23320		7	-0.393	0.38331687042697266	0.8258736208290229
OSD-346	AT3G49930		7	0.393	0.38331687042697266	0.8258736208290229
OSD-346	AT4G01250		7	-0.393	0.38331687042697266	0.8258736208290229
OSD-346	AT5G23930		7	-0.393	0.38331687042697266	0.8258736208290229
OSD-346	AT5G24110		7	-0.393	0.38331687042697266	0.8258736208290229
OSD-346	AT5G13080		7	-0.393	0.38331687042697266	0.8258736208290229
OSD-346	AT5G26170		7	-0.393	0.38331687042697266	0.8258736208290229
OSD-346	AT5G44210		7	-0.393	0.38331687042697266	0.8258736208290229
OSD-251	AT2G42200		5	0.5	0.39100221895577053	0.7533945194513627
OSD-251	AT3G10800		5	0.5	0.39100221895577053	0.7533945194513627
OSD-251	AT2G31230		5	0.5	0.39100221895577053	0.7533945194513627
OSD-251	AT3G24520		5	0.5	0.39100221895577053	0.7533945194513627
OSD-251	AT5G64750		5	0.5	0.39100221895577053	0.7533945194513627
OSD-251	AT1G32150		5	0.5	0.39100221895577053	0.7533945194513627
OSD-251	AT2G01930		5	-0.5	0.39100221895577053	0.7533945194513627
OSD-251	AT1G53170		5	0.5	0.39100221895577053	0.7533945194513627
OSD-251	AT1G51600		5	-0.5	0.39100221895577053	0.7533945194513627
OSD-251	AT5G22500		5	0.5	0.39100221895577053	0.7533945194513627
OSD-251	AT5G62165		5	0.5	0.39100221895577053	0.7533945194513627
OSD-251	AT3G13810		5	0.5	0.39100221895577053	0.7533945194513627
OSD-251	AT5G10510		5	0.5	0.39100221895577053	0.7533945194513627
OSD-251	AT2G24570		5	0.5	0.39100221895577053	0.7533945194513627
OSD-251	AT5G67580		5	0.5	0.39100221895577053	0.7533945194513627
OSD-251	AT1G76890		5	0.5	0.39100221895577053	0.7533945194513627
OSD-251	AT3G15210		5	0.5	0.39100221895577053	0.7533945194513627
OSD-251	AT2G23290		5	-0.5	0.39100221895577053	0.7533945194513627
OSD-251	AT3G56850		5	0.5	0.39100221895577053	0.7533945194513627
OSD-251	AT1G34190		5	0.5	0.39100221895577053	0.7533945194513627
OSD-251	AT1G68550		5	0.5	0.39100221895577053	0.7533945194513627
OSD-251	AT2G33710		5	0.5	0.39100221895577053	0.7533945194513627
OSD-251	AT4G38170		5	0.5	0.39100221895577053	0.7533945194513627
OSD-251	AT5G47230		5	0.5	0.39100221895577053	0.7533945194513627
OSD-251	AT2G45420		5	0.5	0.39100221895577053	0.7533945194513627
OSD-251	AT1G49560		5	0.5	0.39100221895577053	0.7533945194513627
OSD-251	AT4G16750		5	0.5	0.39100221895577053	0.7533945194513627
OSD-251	AT5G49300		5	0.5	0.39100221895577053	0.7533945194513627
OSD-251	AT2G46130		5	0.5	0.39100221895577053	0.7533945194513627
OSD-251	AT3G49530		5	0.5	0.39100221895577053	0.7533945194513627
OSD-251	AT4G27950		5	0.5	0.39100221895577053	0.7533945194513627
OSD-251	AT2G36270		5	0.5	0.39100221895577053	0.7533945194513627
OSD-251	AT4G34410		5	0.5	0.39100221895577053	0.7533945194513627
OSD-251	AT1G28160		5	0.5	0.39100221895577053	0.7533945194513627
OSD-251	AT1G72740		5	0.5	0.39100221895577053	0.7533945194513627
OSD-251	AT5G15830		5	0.5	0.39100221895577053	0.7533945194513627
OSD-251	AT1G03800		5	0.5	0.39100221895577053	0.7533945194513627
OSD-251	AT1G75080		5	0.5	0.39100221895577053	0.7533945194513627
OSD-251	AT2G35700		5	0.5	0.39100221895577053	0.7533945194513627
OSD-346	AT2G45410		7	-0.357	0.4316113520383278	0.8279063266450984
OSD-346	AT5G67190		7	-0.357	0.4316113520383278	0.8279063266450984
OSD-346	AT1G06180		7	0.357	0.4316113520383278	0.8279063266450984
OSD-346	AT1G77640		7	-0.357	0.4316113520383278	0.8279063266450984
OSD-346	AT5G47230		7	-0.357	0.4316113520383278	0.8279063266450984
OSD-346	AT1G79180		7	0.357	0.4316113520383278	0.8279063266450984
OSD-346	AT5G56840		7	0.357	0.4316113520383278	0.8279063266450984
OSD-346	AT2G33550		7	-0.357	0.4316113520383278	0.8279063266450984
OSD-346	AT3G45170		7	-0.357	0.4316113520383278	0.8279063266450984
OSD-346	AT5G44160		7	0.357	0.4316113520383278	0.8279063266450984
OSD-346	AT5G64750		7	-0.357	0.4316113520383278	0.8279063266450984
OSD-346	AT1G74370		7	-0.357	0.4316113520383278	0.8279063266450984
OSD-346	AT5G62380		7	-0.357	0.4316113520383278	0.8279063266450984
OSD-346	AT2G15660		7	0.357	0.4316113520383278	0.8279063266450984
OSD-346	AT1G64620		7	0.357	0.4316113520383278	0.8279063266450984
OSD-346	AT1G50640		7	-0.357	0.4316113520383278	0.8279063266450984
OSD-346	AT4G32800		7	-0.357	0.4316113520383278	0.8279063266450984
OSD-346	AT4G06746		7	-0.357	0.4316113520383278	0.8279063266450984
OSD-346	AT4G28140		7	-0.357	0.4316113520383278	0.8279063266450984
OSD-346	AT5G08750		7	-0.357	0.4316113520383278	0.8279063266450984
OSD-346	AT4G17785		7	0.321	0.4820720382996776	0.8279063266450984
OSD-346	AT1G69490		7	0.321	0.4820720382996776	0.8279063266450984
OSD-346	AT5G22990		7	0.321	0.4820720382996776	0.8279063266450984
OSD-346	AT3G23220		7	-0.321	0.4820720382996776	0.8279063266450984
OSD-346	AT3G55370		7	-0.321	0.4820720382996776	0.8279063266450984
OSD-346	AT5G13910		7	-0.321	0.4820720382996776	0.8279063266450984
OSD-346	AT5G41570		7	-0.321	0.4820720382996776	0.8279063266450984
OSD-346	AT1G76420		7	0.321	0.4820720382996776	0.8279063266450984
OSD-346	AT3G15210		7	-0.321	0.4820720382996776	0.8279063266450984
OSD-346	AT5G52830		7	-0.321	0.4820720382996776	0.8279063266450984
OSD-346	AT3G47620		7	-0.321	0.4820720382996776	0.8279063266450984
OSD-346	AT1G19790		7	-0.321	0.4820720382996776	0.8279063266450984
OSD-346	AT5G53950		7	-0.321	0.4820720382996776	0.8279063266450984
OSD-346	AT1G52880		7	0.321	0.4820720382996776	0.8279063266450984
OSD-346	AT1G68550		7	-0.321	0.4820720382996776	0.8279063266450984
OSD-346	AT4G28110		7	0.321	0.4820720382996776	0.8279063266450984
OSD-346	AT1G03800		7	-0.321	0.4820720382996776	0.8279063266450984
OSD-346	AT5G58900		7	0.321	0.4820720382996776	0.8279063266450984
OSD-346	AT1G06280		7	-0.321	0.4820720382996776	0.8279063266450984
OSD-346	AT3G02940		7	0.321	0.4820720382996776	0.8279063266450984
OSD-346	AT2G40260		7	0.321	0.4820720382996776	0.8279063266450984
OSD-346	AT1G44830		7	-0.321	0.4820720382996776	0.8279063266450984
OSD-346	AT1G09540		7	0.321	0.4820720382996776	0.8279063266450984
OSD-346	AT5G02460		7	-0.321	0.4820720382996776	0.8279063266450984
OSD-346	AT1G49010		7	0.321	0.4820720382996776	0.8279063266450984
OSD-346	AT5G46350		7	-0.321	0.4820720382996776	0.8279063266450984
OSD-346	AT5G65210		7	0.321	0.4820720382996776	0.8279063266450984
OSD-346	AT1G02230		7	-0.321	0.4820720382996776	0.8279063266450984
OSD-346	AT5G65130		7	-0.321	0.4820720382996776	0.8279063266450984
OSD-346	AT5G25190		7	-0.321	0.4820720382996776	0.8279063266450984
OSD-346	AT3G10580		7	0.321	0.4820720382996776	0.8279063266450984
OSD-346	AT3G11020		7	-0.321	0.4820720382996776	0.8279063266450984
OSD-346	AT4G36780		7	0.321	0.4820720382996776	0.8279063266450984
OSD-346	AT5G63260		7	-0.321	0.4820720382996776	0.8279063266450984
OSD-346	AT5G45300		7	0.321	0.4820720382996776	0.8279063266450984
OSD-346	AT3G45610		7	-0.321	0.4820720382996776	0.8279063266450984
OSD-251	AT5G38800		5	0.4	0.5046315754686911	0.911341812607844
OSD-251	AT3G50700		5	0.4	0.5046315754686911	0.911341812607844
OSD-251	AT3G10580		5	0.4	0.5046315754686911	0.911341812607844
OSD-251	AT3G06490		5	0.4	0.5046315754686911	0.911341812607844
OSD-251	AT2G38090		5	0.4	0.5046315754686911	0.911341812607844
OSD-251	AT4G26030		5	0.4	0.5046315754686911	0.911341812607844
OSD-251	AT2G39900		5	-0.4	0.5046315754686911	0.911341812607844
OSD-251	AT2G17900		5	0.4	0.5046315754686911	0.911341812607844
OSD-251	AT3G12720		5	0.4	0.5046315754686911	0.911341812607844
OSD-251	AT3G47600		5	0.4	0.5046315754686911	0.911341812607844
OSD-251	AT5G65510		5	0.4	0.5046315754686911	0.911341812607844
OSD-251	AT1G17950		5	0.4	0.5046315754686911	0.911341812607844
OSD-251	AT3G20840		5	0.4	0.5046315754686911	0.911341812607844
OSD-251	AT5G09410		5	-0.4	0.5046315754686911	0.911341812607844
OSD-346	AT3G24520		7	0.286	0.5345092286010406	0.8389317031685206
OSD-346	AT1G69570		7	0.286	0.5345092286010406	0.8389317031685206
OSD-346	AT5G47390		7	0.286	0.5345092286010406	0.8389317031685206
OSD-346	AT3G23210		7	0.286	0.5345092286010406	0.8389317031685206
OSD-346	AT4G27950		7	-0.286	0.5345092286010406	0.8389317031685206
OSD-346	AT3G20840		7	0.286	0.5345092286010406	0.8389317031685206
OSD-346	AT1G75490		7	-0.286	0.5345092286010406	0.8389317031685206
OSD-346	AT1G76110		7	-0.286	0.5345092286010406	0.8389317031685206
OSD-346	AT3G16280		7	-0.286	0.5345092286010406	0.8389317031685206
OSD-346	AT1G19000		7	0.286	0.5345092286010406	0.8389317031685206
OSD-346	AT5G61620		7	0.286	0.5345092286010406	0.8389317031685206
OSD-346	AT2G23340		7	-0.286	0.5345092286010406	0.8389317031685206
OSD-346	AT3G10500		7	-0.286	0.5345092286010406	0.8389317031685206
OSD-346	AT5G04410		7	-0.286	0.5345092286010406	0.8389317031685206
OSD-346	AT5G66940		7	0.286	0.5345092286010406	0.8389317031685206
OSD-346	AT5G05550		7	0.286	0.5345092286010406	0.8389317031685206
OSD-346	AT2G45420		7	-0.286	0.5345092286010406	0.8389317031685206
OSD-346	AT1G20910		7	0.286	0.5345092286010406	0.8389317031685206
OSD-346	AT3G28920		7	-0.286	0.5345092286010406	0.8389317031685206
OSD-346	AT3G60490		7	-0.286	0.5345092286010406	0.8389317031685206
OSD-346	AT3G50260		7	-0.286	0.5345092286010406	0.8389317031685206
OSD-346	AT3G50410		7	-0.286	0.5345092286010406	0.8389317031685206
OSD-346	AT1G28470		7	-0.286	0.5345092286010406	0.8389317031685206
OSD-346	AT1G34670		7	0.286	0.5345092286010406	0.8389317031685206
OSD-346	AT3G44480		7	-0.286	0.5345092286010406	0.8389317031685206
OSD-346	AT1G49560		7	0.286	0.5345092286010406	0.8389317031685206
OSD-346	AT4G01540		7	-0.25	0.5887244480896833	0.8887114280079932
OSD-346	AT4G22070		7	-0.25	0.5887244480896833	0.8887114280079932
OSD-346	AT3G46590		7	-0.25	0.5887244480896833	0.8887114280079932
OSD-346	AT1G25550		7	0.25	0.5887244480896833	0.8887114280079932
OSD-346	AT2G38340		7	-0.25	0.5887244480896833	0.8887114280079932
OSD-346	AT5G07680		7	0.25	0.5887244480896833	0.8887114280079932
OSD-346	AT5G47370		7	0.25	0.5887244480896833	0.8887114280079932
OSD-346	AT2G18380		7	-0.25	0.5887244480896833	0.8887114280079932
OSD-346	AT5G08520		7	0.25	0.5887244480896833	0.8887114280079932
OSD-346	AT3G30530		7	-0.25	0.5887244480896833	0.8887114280079932
OSD-346	AT2G45650		7	0.25	0.5887244480896833	0.8887114280079932
OSD-346	AT2G03500		7	0.25	0.5887244480896833	0.8887114280079932
OSD-251	AT2G26960		5	-0.3	0.6238376647810728	0.911341812607844
OSD-251	AT3G47620		5	-0.3	0.6238376647810728	0.911341812607844
OSD-251	AT5G67300		5	0.3	0.6238376647810728	0.911341812607844
OSD-251	AT3G57600		5	0.3	0.6238376647810728	0.911341812607844
OSD-251	AT1G74650		5	0.3	0.6238376647810728	0.911341812607844
OSD-251	AT5G61270		5	-0.3	0.6238376647810728	0.911341812607844
OSD-251	AT1G67260		5	-0.3	0.6238376647810728	0.911341812607844
OSD-251	AT1G76880		5	-0.3	0.6238376647810728	0.911341812607844
OSD-251	AT5G06100		5	-0.3	0.6238376647810728	0.911341812607844
OSD-251	AT3G22780		5	0.3	0.6238376647810728	0.911341812607844
OSD-251	AT1G20980		5	0.3	0.6238376647810728	0.911341812607844
OSD-251	AT1G55110		5	0.3	0.6238376647810728	0.911341812607844
OSD-251	AT4G14770		5	0.3	0.6238376647810728	0.911341812607844
OSD-251	AT4G38910		5	-0.3	0.6238376647810728	0.911341812607844
OSD-251	AT3G61120		5	0.3	0.6238376647810728	0.911341812607844
OSD-251	AT5G22890		5	0.3	0.6238376647810728	0.911341812607844
OSD-251	AT3G13040		5	-0.3	0.6238376647810728	0.911341812607844
OSD-251	AT2G43000		5	0.3	0.6238376647810728	0.911341812607844
OSD-251	AT1G19790		5	-0.3	0.6238376647810728	0.911341812607844
OSD-251	AT1G60920		5	-0.3	0.6238376647810728	0.911341812607844
OSD-251	AT1G03840		5	0.3	0.6238376647810728	0.911341812607844
OSD-251	AT2G33550		5	0.3	0.6238376647810728	0.911341812607844
OSD-251	AT3G25990		5	-0.3	0.6238376647810728	0.911341812607844
OSD-346	AT3G12820		7	0.214	0.6445115810207203	0.9011754849670247
OSD-346	AT4G34410		7	-0.214	0.6445115810207203	0.9011754849670247
OSD-346	AT1G18570		7	0.214	0.6445115810207203	0.9011754849670247
OSD-346	AT1G01250		7	-0.214	0.6445115810207203	0.9011754849670247
OSD-346	AT4G01680		7	0.214	0.6445115810207203	0.9011754849670247
OSD-346	AT5G66700		7	0.214	0.6445115810207203	0.9011754849670247
OSD-346	AT5G08070		7	-0.214	0.6445115810207203	0.9011754849670247
OSD-346	AT2G38090		7	0.214	0.6445115810207203	0.9011754849670247
OSD-346	AT2G31230		7	-0.214	0.6445115810207203	0.9011754849670247
OSD-346	AT2G45680		7	-0.214	0.6445115810207203	0.9011754849670247
OSD-346	AT4G36160		7	-0.214	0.6445115810207203	0.9011754849670247
OSD-346	AT3G12910		7	0.214	0.6445115810207203	0.9011754849670247
OSD-346	AT3G30210		7	0.214	0.6445115810207203	0.9011754849670247
OSD-346	AT1G22070		7	0.214	0.6445115810207203	0.9011754849670247
OSD-346	AT1G28370		7	-0.214	0.6445115810207203	0.9011754849670247
OSD-346	AT3G25990		7	-0.214	0.6445115810207203	0.9011754849670247
OSD-346	AT2G02820		7	-0.214	0.6445115810207203	0.9011754849670247
OSD-346	AT2G02540		7	-0.214	0.6445115810207203	0.9011754849670247
OSD-346	AT4G25470		7	0.214	0.6445115810207203	0.9011754849670247
OSD-346	AT5G10510		7	-0.214	0.6445115810207203	0.9011754849670247
OSD-346	AT5G51990		7	0.214	0.6445115810207203	0.9011754849670247
OSD-346	AT1G53230		7	-0.214	0.6445115810207203	0.9011754849670247
OSD-346	AT4G18890		7	0.214	0.6445115810207203	0.9011754849670247
OSD-346	AT3G23250		7	0.214	0.6445115810207203	0.9011754849670247
OSD-346	AT2G01930		7	-0.214	0.6445115810207203	0.9011754849670247
OSD-346	AT5G58620		7	0.179	0.7016579425162729	0.9238496243130926
OSD-346	AT3G20770		7	0.179	0.7016579425162729	0.9238496243130926
OSD-346	AT5G29000		7	0.179	0.7016579425162729	0.9238496243130926
OSD-346	AT2G35700		7	-0.179	0.7016579425162729	0.9238496243130926
OSD-346	AT4G00730		7	0.179	0.7016579425162729	0.9238496243130926
OSD-346	AT1G02250		7	-0.179	0.7016579425162729	0.9238496243130926
OSD-346	AT3G47500		7	0.179	0.7016579425162729	0.9238496243130926
OSD-346	AT1G74840		7	0.179	0.7016579425162729	0.9238496243130926
OSD-346	AT5G18560		7	-0.179	0.7016579425162729	0.9238496243130926
OSD-346	AT1G63030		7	0.179	0.7016579425162729	0.9238496243130926
OSD-346	AT5G25390		7	-0.179	0.7016579425162729	0.9238496243130926
OSD-346	AT3G50060		7	0.179	0.7016579425162729	0.9238496243130926
OSD-346	AT2G17410		7	-0.179	0.7016579425162729	0.9238496243130926
OSD-346	AT2G18060		7	-0.179	0.7016579425162729	0.9238496243130926
OSD-346	AT3G12730		7	0.179	0.7016579425162729	0.9238496243130926
OSD-346	AT2G18350		7	-0.179	0.7016579425162729	0.9238496243130926
OSD-346	AT4G31060		7	-0.179	0.7016579425162729	0.9238496243130926
OSD-346	AT1G47655		7	-0.179	0.7016579425162729	0.9238496243130926
OSD-346	AT5G47660		7	0.179	0.7016579425162729	0.9238496243130926
OSD-346	AT5G08130		7	-0.179	0.7016579425162729	0.9238496243130926
OSD-346	AT2G01818		7	0.179	0.7016579425162729	0.9238496243130926
OSD-251	AT2G38470		5	-0.2	0.747060078104662	0.911341812607844
OSD-251	AT1G08010		5	0.2	0.747060078104662	0.911341812607844
OSD-251	AT2G02070		5	-0.2	0.747060078104662	0.911341812607844
OSD-251	AT2G35530		5	0.2	0.747060078104662	0.911341812607844
OSD-251	AT1G69180		5	0.2	0.747060078104662	0.911341812607844
OSD-251	AT1G23810		5	0.2	0.747060078104662	0.911341812607844
OSD-251	AT1G19040		5	0.2	0.747060078104662	0.911341812607844
OSD-251	AT2G40740		5	-0.2	0.747060078104662	0.911341812607844
OSD-251	AT1G18570		5	0.2	0.747060078104662	0.911341812607844
OSD-251	AT1G77640		5	0.2	0.747060078104662	0.911341812607844
OSD-251	AT2G40260		5	0.2	0.747060078104662	0.911341812607844
OSD-251	AT2G23320		5	-0.2	0.747060078104662	0.911341812607844
OSD-251	AT1G02250		5	-0.2	0.747060078104662	0.911341812607844
OSD-251	AT2G03340		5	-0.2	0.747060078104662	0.911341812607844
OSD-251	AT1G69570		5	0.2	0.747060078104662	0.911341812607844
OSD-251	AT2G02540		5	0.2	0.747060078104662	0.911341812607844
OSD-251	AT1G18960		5	0.2	0.747060078104662	0.911341812607844
OSD-251	AT1G12260		5	0.2	0.747060078104662	0.911341812607844
OSD-251	AT2G28810		5	0.2	0.747060078104662	0.911341812607844
OSD-251	AT1G73730		5	0.2	0.747060078104662	0.911341812607844
OSD-251	AT1G75240		5	0.2	0.747060078104662	0.911341812607844
OSD-251	AT2G22430		5	0.2	0.747060078104662	0.911341812607844
OSD-251	AT4G17980		5	0.2	0.747060078104662	0.911341812607844
OSD-251	AT5G62320		5	0.2	0.747060078104662	0.911341812607844
OSD-251	AT3G12820		5	0.2	0.747060078104662	0.911341812607844
OSD-251	AT3G45170		5	0.2	0.747060078104662	0.911341812607844
OSD-251	AT1G32870		5	0.2	0.747060078104662	0.911341812607844
OSD-251	AT3G45610		5	0.2	0.747060078104662	0.911341812607844
OSD-251	AT3G47500		5	0.2	0.747060078104662	0.911341812607844
OSD-251	AT5G44210		5	0.2	0.747060078104662	0.911341812607844
OSD-251	AT3G49930		5	0.2	0.747060078104662	0.911341812607844
OSD-251	AT5G26170		5	-0.2	0.747060078104662	0.911341812607844
OSD-251	AT5G25830		5	0.2	0.747060078104662	0.911341812607844
OSD-251	AT5G52830		5	-0.2	0.747060078104662	0.911341812607844
OSD-251	AT3G50410		5	-0.2	0.747060078104662	0.911341812607844
OSD-251	AT5G24110		5	-0.2	0.747060078104662	0.911341812607844
OSD-251	AT5G18560		5	0.2	0.747060078104662	0.911341812607844
OSD-251	AT3G52440		5	0.2	0.747060078104662	0.911341812607844
OSD-251	AT3G53200		5	0.2	0.747060078104662	0.911341812607844
OSD-251	AT1G51700		5	0.2	0.747060078104662	0.911341812607844
OSD-251	AT3G10480		5	0.2	0.747060078104662	0.911341812607844
OSD-251	AT3G10030		5	0.2	0.747060078104662	0.911341812607844
OSD-251	AT1G30490		5	-0.2	0.747060078104662	0.911341812607844
OSD-251	AT1G29860		5	-0.2	0.747060078104662	0.911341812607844
OSD-251	AT3G51080		5	0.2	0.747060078104662	0.911341812607844
OSD-251	AT5G16600		5	0.2	0.747060078104662	0.911341812607844
OSD-251	AT1G34370		5	0.2	0.747060078104662	0.911341812607844
OSD-251	AT5G53950		5	0.2	0.747060078104662	0.911341812607844
OSD-251	AT5G66730		5	-0.2	0.747060078104662	0.911341812607844
OSD-251	AT5G65410		5	0.2	0.747060078104662	0.911341812607844
OSD-251	AT1G46264		5	0.2	0.747060078104662	0.911341812607844
OSD-251	AT5G65310		5	0.2	0.747060078104662	0.911341812607844
OSD-251	AT3G23250		5	0.2	0.747060078104662	0.911341812607844
OSD-251	AT1G64620		5	0.2	0.747060078104662	0.911341812607844
OSD-251	AT1G45249		5	0.2	0.747060078104662	0.911341812607844
OSD-251	AT5G62940		5	0.2	0.747060078104662	0.911341812607844
OSD-251	AT5G62000		5	0.2	0.747060078104662	0.911341812607844
OSD-251	AT1G65910		5	0.2	0.747060078104662	0.911341812607844
OSD-251	AT3G27785		5	0.2	0.747060078104662	0.911341812607844
OSD-251	AT3G28910		5	0.2	0.747060078104662	0.911341812607844
OSD-251	AT3G17730		5	0.2	0.747060078104662	0.911341812607844
OSD-251	AT3G30530		5	0.2	0.747060078104662	0.911341812607844
OSD-251	AT3G16280		5	0.2	0.747060078104662	0.911341812607844
OSD-251	AT5G58850		5	0.2	0.747060078104662	0.911341812607844
OSD-251	AT1G47655		5	0.2	0.747060078104662	0.911341812607844
OSD-251	AT5G56930		5	0.2	0.747060078104662	0.911341812607844
OSD-251	AT5G56840		5	0.2	0.747060078104662	0.911341812607844
OSD-251	AT3G44480		5	0.2	0.747060078104662	0.911341812607844
OSD-251	AT3G20770		5	-0.2	0.747060078104662	0.911341812607844
OSD-251	AT3G09230		5	0.2	0.747060078104662	0.911341812607844
OSD-251	AT5G17800		5	0.2	0.747060078104662	0.911341812607844
OSD-251	AT3G01220		5	0.2	0.747060078104662	0.911341812607844
OSD-251	AT2G44940		5	0.2	0.747060078104662	0.911341812607844
OSD-251	AT2G46680		5	0.2	0.747060078104662	0.911341812607844
OSD-251	AT4G18770		5	0.2	0.747060078104662	0.911341812607844
OSD-251	AT2G46590		5	0.2	0.747060078104662	0.911341812607844
OSD-251	AT5G02460		5	0.2	0.747060078104662	0.911341812607844
OSD-251	AT5G03790		5	0.2	0.747060078104662	0.911341812607844
OSD-251	AT4G17460		5	0.2	0.747060078104662	0.911341812607844
OSD-251	AT3G62420		5	0.2	0.747060078104662	0.911341812607844
OSD-251	AT4G32800		5	0.2	0.747060078104662	0.911341812607844
OSD-251	AT1G27360		5	-0.2	0.747060078104662	0.911341812607844
OSD-251	AT3G02990		5	0.2	0.747060078104662	0.911341812607844
OSD-251	AT2G46770	ANAC043	5	0.2	0.747060078104662	0.911341812607844
OSD-251	AT5G04410		5	0.2	0.747060078104662	0.911341812607844
OSD-251	AT3G61250		5	0.2	0.747060078104662	0.911341812607844
OSD-251	AT4G34590		5	0.2	0.747060078104662	0.911341812607844
OSD-251	AT1G54330		5	0.2	0.747060078104662	0.911341812607844
OSD-251	AT4G36740		5	0.2	0.747060078104662	0.911341812607844
OSD-251	AT4G01720		5	-0.2	0.747060078104662	0.911341812607844
OSD-251	AT3G60490		5	0.2	0.747060078104662	0.911341812607844
OSD-251	AT4G31800		5	-0.2	0.747060078104662	0.911341812607844
OSD-251	AT4G31550		5	-0.2	0.747060078104662	0.911341812607844
OSD-251	AT4G04450		5	-0.2	0.747060078104662	0.911341812607844
OSD-251	AT3G57230		5	-0.2	0.747060078104662	0.911341812607844
OSD-251	AT4G05100		5	0.2	0.747060078104662	0.911341812607844
OSD-251	AT4G06746		5	0.2	0.747060078104662	0.911341812607844
OSD-251	AT4G10350		5	0.2	0.747060078104662	0.911341812607844
OSD-251	AT4G18170		5	-0.2	0.747060078104662	0.911341812607844
OSD-251	AT5G14340		5	0.2	0.747060078104662	0.911341812607844
OSD-251	AT1G52150		5	0.2	0.747060078104662	0.911341812607844
OSD-251	AT4G28500		5	0.2	0.747060078104662	0.911341812607844
OSD-251	AT3G60530		5	0.2	0.747060078104662	0.911341812607844
OSD-251	AT4G01550		5	-0.2	0.747060078104662	0.911341812607844
OSD-346	AT1G19210		7	-0.143	0.7599453002180929	0.9260001858698613
OSD-346	AT5G60850		7	0.143	0.7599453002180929	0.9260001858698613
OSD-346	AT2G42200		7	-0.143	0.7599453002180929	0.9260001858698613
OSD-346	AT5G61600		7	-0.143	0.7599453002180929	0.9260001858698613
OSD-346	AT1G08320		7	0.143	0.7599453002180929	0.9260001858698613
OSD-346	AT4G36740		7	-0.143	0.7599453002180929	0.9260001858698613
OSD-346	AT1G27730		7	0.143	0.7599453002180929	0.9260001858698613
OSD-346	AT4G16750		7	-0.143	0.7599453002180929	0.9260001858698613
OSD-346	AT4G38620		7	0.143	0.7599453002180929	0.9260001858698613
OSD-346	AT1G75240		7	-0.143	0.7599453002180929	0.9260001858698613
OSD-346	AT1G72740		7	-0.143	0.7599453002180929	0.9260001858698613
OSD-346	AT1G72360		7	-0.143	0.7599453002180929	0.9260001858698613
OSD-346	AT1G76890		7	0.143	0.7599453002180929	0.9260001858698613
OSD-346	AT1G71450		7	-0.143	0.7599453002180929	0.9260001858698613
OSD-346	AT5G67580		7	-0.143	0.7599453002180929	0.9260001858698613
OSD-346	AT2G46770	ANAC043	7	-0.143	0.7599453002180929	0.9260001858698613
OSD-346	AT4G10350		7	-0.143	0.7599453002180929	0.9260001858698613
OSD-346	AT4G38000		7	0.143	0.7599453002180929	0.9260001858698613
OSD-346	AT1G66370		7	0.143	0.7599453002180929	0.9260001858698613
OSD-346	AT5G13790		7	-0.143	0.7599453002180929	0.9260001858698613
OSD-346	AT5G47220		7	-0.143	0.7599453002180929	0.9260001858698613
OSD-346	AT1G53170		7	-0.143	0.7599453002180929	0.9260001858698613
OSD-346	AT5G49300		7	0.143	0.7599453002180929	0.9260001858698613
OSD-346	AT5G04390		7	0.143	0.7599453002180929	0.9260001858698613
OSD-346	AT5G66300		7	-0.143	0.7599453002180929	0.9260001858698613
OSD-346	AT5G22890		7	0.143	0.7599453002180929	0.9260001858698613
OSD-346	AT1G31140		7	-0.143	0.7599453002180929	0.9260001858698613
OSD-346	AT5G43840		7	0.143	0.7599453002180929	0.9260001858698613
OSD-346	AT4G01500		7	0.143	0.7599453002180929	0.9260001858698613
OSD-346	AT5G22500		7	-0.107	0.8191508555699912	0.926676624200897
OSD-346	AT5G62165		7	-0.107	0.8191508555699912	0.926676624200897
OSD-346	AT5G61270		7	-0.107	0.8191508555699912	0.926676624200897
OSD-346	AT5G03150		7	-0.107	0.8191508555699912	0.926676624200897
OSD-346	AT5G03790		7	-0.107	0.8191508555699912	0.926676624200897
OSD-346	AT5G06960		7	0.107	0.8191508555699912	0.926676624200897
OSD-346	AT5G10030		7	0.107	0.8191508555699912	0.926676624200897
OSD-346	AT4G17980		7	-0.107	0.8191508555699912	0.926676624200897
OSD-346	AT5G38860		7	0.107	0.8191508555699912	0.926676624200897
OSD-346	AT5G25475		7	-0.107	0.8191508555699912	0.926676624200897
OSD-346	AT5G18270		7	0.107	0.8191508555699912	0.926676624200897
OSD-346	AT4G28500		7	-0.107	0.8191508555699912	0.926676624200897
OSD-346	AT4G38910		7	-0.107	0.8191508555699912	0.926676624200897
OSD-346	AT2G46590		7	-0.107	0.8191508555699912	0.926676624200897
OSD-346	AT3G15270		7	-0.107	0.8191508555699912	0.926676624200897
OSD-346	AT1G20980		7	-0.107	0.8191508555699912	0.926676624200897
OSD-346	AT3G57920		7	-0.107	0.8191508555699912	0.926676624200897
OSD-346	AT1G18960		7	-0.107	0.8191508555699912	0.926676624200897
OSD-346	AT3G13040		7	-0.107	0.8191508555699912	0.926676624200897
OSD-346	AT2G30340		7	-0.107	0.8191508555699912	0.926676624200897
OSD-346	AT3G10480		7	0.107	0.8191508555699912	0.926676624200897
OSD-346	AT1G32870		7	0.107	0.8191508555699912	0.926676624200897
OSD-346	AT3G12250		7	0.107	0.8191508555699912	0.926676624200897
OSD-346	AT2G38880		7	-0.107	0.8191508555699912	0.926676624200897
OSD-346	AT3G04070		7	0.107	0.8191508555699912	0.926676624200897
OSD-346	AT2G41690		7	0.107	0.8191508555699912	0.926676624200897
OSD-346	AT2G15740		7	0.107	0.8191508555699912	0.926676624200897
OSD-346	AT2G47070		7	-0.107	0.8191508555699912	0.926676624200897
OSD-346	AT2G43000		7	-0.107	0.8191508555699912	0.926676624200897
OSD-346	AT3G02150		7	0.107	0.8191508555699912	0.926676624200897
OSD-251	AT1G29280		5	0.1	0.8728885715695383	0.911341812607844
OSD-251	AT5G05790		5	-0.1	0.8728885715695383	0.911341812607844
OSD-251	AT3G11440		5	-0.1	0.8728885715695383	0.911341812607844
OSD-251	AT3G61150		5	0.1	0.8728885715695383	0.911341812607844
OSD-251	AT5G07100		5	0.1	0.8728885715695383	0.911341812607844
OSD-251	AT1G30650		5	0.1	0.8728885715695383	0.911341812607844
OSD-251	AT5G08520		5	-0.1	0.8728885715695383	0.911341812607844
OSD-251	AT5G08750		5	-0.1	0.8728885715695383	0.911341812607844
OSD-251	AT3G11280		5	-0.1	0.8728885715695383	0.911341812607844
OSD-251	AT3G51470		5	-0.1	0.8728885715695383	0.911341812607844
OSD-251	AT5G10140		5	-0.1	0.8728885715695383	0.911341812607844
OSD-251	AT3G57920		5	0.1	0.8728885715695383	0.911341812607844
OSD-251	AT5G13080		5	0.1	0.8728885715695383	0.911341812607844
OSD-251	AT2G31460		5	0.1	0.8728885715695383	0.911341812607844
OSD-251	AT2G32460		5	0.1	0.8728885715695383	0.911341812607844
OSD-251	AT5G67000		5	-0.1	0.8728885715695383	0.911341812607844
OSD-251	AT2G30590		5	0.1	0.8728885715695383	0.911341812607844
OSD-251	AT5G66940		5	-0.1	0.8728885715695383	0.911341812607844
OSD-251	AT4G00250		5	-0.1	0.8728885715695383	0.911341812607844
OSD-251	AT3G01970		5	0.1	0.8728885715695383	0.911341812607844
OSD-251	AT1G71696		5	0.1	0.8728885715695383	0.911341812607844
OSD-251	AT4G22070		5	0.1	0.8728885715695383	0.911341812607844
OSD-251	AT4G24020		5	0.1	0.8728885715695383	0.911341812607844
OSD-251	AT4G24240		5	0.1	0.8728885715695383	0.911341812607844
OSD-251	AT4G14410		5	-0.1	0.8728885715695383	0.911341812607844
OSD-251	AT4G26640		5	0.1	0.8728885715695383	0.911341812607844
OSD-251	AT4G12670		5	-0.1	0.8728885715695383	0.911341812607844
OSD-251	AT1G62300		5	0.1	0.8728885715695383	0.911341812607844
OSD-251	AT4G30080		5	-0.1	0.8728885715695383	0.911341812607844
OSD-251	AT2G38880		5	-0.1	0.8728885715695383	0.911341812607844
OSD-251	AT1G74480		5	-0.1	0.8728885715695383	0.911341812607844
OSD-251	AT4G32730	MYB3R1	5	-0.1	0.8728885715695383	0.911341812607844
OSD-251	AT2G46400		5	0.1	0.8728885715695383	0.911341812607844
OSD-251	AT1G74840		5	-0.1	0.8728885715695383	0.911341812607844
OSD-251	AT4G01680		5	-0.1	0.8728885715695383	0.911341812607844
OSD-251	AT4G37260		5	-0.1	0.8728885715695383	0.911341812607844
OSD-251	AT3G01470		5	0.1	0.8728885715695383	0.911341812607844
OSD-251	AT4G01250		5	0.1	0.8728885715695383	0.911341812607844
OSD-251	AT1G31140		5	0.1	0.8728885715695383	0.911341812607844
OSD-251	AT1G75390		5	-0.1	0.8728885715695383	0.911341812607844
OSD-251	AT3G50060		5	-0.1	0.8728885715695383	0.911341812607844
OSD-251	AT1G25580	SOG1	5	-0.1	0.8728885715695383	0.911341812607844
OSD-251	AT2G17410		5	-0.1	0.8728885715695383	0.911341812607844
OSD-251	AT3G42860		5	0.1	0.8728885715695383	0.911341812607844
OSD-251	AT5G58900		5	-0.1	0.8728885715695383	0.911341812607844
OSD-251	AT1G49010		5	-0.1	0.8728885715695383	0.911341812607844
OSD-251	AT1G69780		5	0.1	0.8728885715695383	0.911341812607844
OSD-251	AT5G52170		5	0.1	0.8728885715695383	0.911341812607844
OSD-251	AT2G04038		5	-0.1	0.8728885715695383	0.911341812607844
OSD-251	AT1G19000		5	-0.1	0.8728885715695383	0.911341812607844
OSD-251	AT5G61620		5	-0.1	0.8728885715695383	0.911341812607844
OSD-251	AT1G66370		5	-0.1	0.8728885715695383	0.911341812607844
OSD-251	AT5G48670		5	-0.1	0.8728885715695383	0.911341812607844
OSD-251	AT1G14580		5	-0.1	0.8728885715695383	0.911341812607844
OSD-251	AT2G30250		5	0.1	0.8728885715695383	0.911341812607844
OSD-251	AT5G47390		5	-0.1	0.8728885715695383	0.911341812607844
OSD-251	AT2G21900		5	-0.1	0.8728885715695383	0.911341812607844
OSD-251	AT2G17950		5	0.1	0.8728885715695383	0.911341812607844
OSD-251	AT1G80840		5	0.1	0.8728885715695383	0.911341812607844
OSD-251	AT2G20110		5	0.1	0.8728885715695383	0.911341812607844
OSD-251	AT5G41570		5	0.1	0.8728885715695383	0.911341812607844
OSD-251	AT5G42520		5	-0.1	0.8728885715695383	0.911341812607844
OSD-251	AT3G46590		5	0.1	0.8728885715695383	0.911341812607844
OSD-251	AT1G13260		5	0.1	0.8728885715695383	0.911341812607844
OSD-251	AT5G46350		5	0.1	0.8728885715695383	0.911341812607844
OSD-251	AT5G44160		5	-0.1	0.8728885715695383	0.911341812607844
OSD-251	AT2G18160		5	-0.1	0.8728885715695383	0.911341812607844
OSD-346	AT3G45150		7	-0.071	0.8790481931481541	0.9491317620779613
OSD-346	AT2G24430		7	0.071	0.8790481931481541	0.9491317620779613
OSD-346	AT1G60920		7	-0.071	0.8790481931481541	0.9491317620779613
OSD-346	AT2G01940		7	0.071	0.8790481931481541	0.9491317620779613
OSD-346	AT4G29230		7	0.071	0.8790481931481541	0.9491317620779613
OSD-346	AT5G39820		7	-0.071	0.8790481931481541	0.9491317620779613
OSD-346	AT5G39610		7	0.071	0.8790481931481541	0.9491317620779613
OSD-346	AT5G38800		7	-0.071	0.8790481931481541	0.9491317620779613
OSD-346	AT1G69010		7	0.071	0.8790481931481541	0.9491317620779613
OSD-346	AT1G46264		7	-0.071	0.8790481931481541	0.9491317620779613
OSD-346	AT3G49530		7	-0.071	0.8790481931481541	0.9491317620779613
OSD-346	AT1G77200		7	-0.071	0.8790481931481541	0.9491317620779613
OSD-346	AT5G60130		7	0.071	0.8790481931481541	0.9491317620779613
OSD-346	AT2G44940		7	-0.071	0.8790481931481541	0.9491317620779613
OSD-346	AT3G17730		7	0.071	0.8790481931481541	0.9491317620779613
OSD-346	AT3G06740		7	-0.071	0.8790481931481541	0.9491317620779613
OSD-346	AT3G04060		7	0.071	0.8790481931481541	0.9491317620779613
OSD-346	AT5G62320		7	0.071	0.8790481931481541	0.9491317620779613
OSD-346	AT2G42430		7	-0.071	0.8790481931481541	0.9491317620779613
OSD-346	AT1G23810		7	-0.071	0.8790481931481541	0.9491317620779613
OSD-346	AT3G01470		7	0.036	0.9394082054712856	0.9829569302282326
OSD-346	AT4G14410		7	0.036	0.9394082054712856	0.9829569302282326
OSD-346	AT3G04030		7	-0.036	0.9394082054712856	0.9829569302282326
OSD-346	AT3G02990		7	0.036	0.9394082054712856	0.9829569302282326
OSD-346	AT1G04880		7	-0.036	0.9394082054712856	0.9829569302282326
OSD-346	AT3G21890		7	-0.036	0.9394082054712856	0.9829569302282326
OSD-346	AT2G06200		7	0.036	0.9394082054712856	0.9829569302282326
OSD-346	AT3G18400		7	-0.036	0.9394082054712856	0.9829569302282326
OSD-346	AT5G18090		7	0.036	0.9394082054712856	0.9829569302282326
OSD-346	AT3G15170		7	-0.036	0.9394082054712856	0.9829569302282326
OSD-346	AT4G37180		7	0.036	0.9394082054712856	0.9829569302282326
OSD-346	AT1G79580		7	0.036	0.9394082054712856	0.9829569302282326
OSD-346	AT5G18450		7	-0.036	0.9394082054712856	0.9829569302282326
OSD-346	AT1G54330		7	-0.036	0.9394082054712856	0.9829569302282326
OSD-251	AT2G45650		5	0.0	1.0	1.0
OSD-346	AT4G25490		7	0.0	1.0	1.0
OSD-346	AT5G67450		7	0.0	1.0	1.0
OSD-346	AT5G62940		7	0.0	1.0	1.0
OSD-346	AT4G25480		7	0.0	1.0	1.0
OSD-346	AT2G46680		7	0.0	1.0	1.0
OSD-251	AT5G38860		5	0.0	1.0	1.0
OSD-251	AT5G62470		5	0.0	1.0	1.0
OSD-251	AT5G66300		5	0.0	1.0	1.0
OSD-346	AT1G69560		7	0.0	1.0	1.0
OSD-251	AT5G18090		5	0.0	1.0	1.0
OSD-346	AT3G26620		7	0.0	1.0	1.0
OSD-251	AT1G69560		5	0.0	1.0	1.0
OSD-251	AT1G63040		5	0.0	1.0	1.0
OSD-251	AT1G32240		5	0.0	1.0	1.0
OSD-346	AT5G13180		7	0.0	1.0	1.0
OSD-346	AT1G65620		7	0.0	1.0	1.0
OSD-346	AT1G12260		7	0.0	1.0	1.0
OSD-251	AT3G07220		5	0.0	1.0	1.0
OSD-251	AT1G28470		5	0.0	1.0	1.0
OSD-251	AT3G15170		5	0.0	1.0	1.0
OSD-346	AT3G11280		7	0.0	1.0	1.0
OSD-251	AT2G23340		5	0.0	1.0	1.0
OSD-346	AT3G52440		7	0.0	1.0	1.0
OSD-346	AT5G50570		7	0.0	1.0	1.0
OSD-251	AT4G01540		5	0.0	1.0	1.0
OSD-346	AT5G52170		7	0.0	1.0	1.0
OSD-251	AT5G08070		5	0.0	1.0	1.0
OSD-346	AT2G28810		7	0.0	1.0	1.0
OSD-346	AT3G61150		7	0.0	1.0	1.0
OSD-251	AT2G22540		5	0.0	1.0	1.0
OSD-346	AT3G10030		7	0.0	1.0	1.0
OSD-346	AT1G12630		7	0.0	1.0	1.0
OSD-346	AT2G33810		7	0.0	1.0	1.0
OSD-346	AT1G12610		7	0.0	1.0	1.0
OSD-251	AT1G34180		5	0.0	1.0	1.0
OSD-346	AT1G36060		7	0.0	1.0	1.0
OSD-251	AT5G13790		5	0.0	1.0	1.0
OSD-251	AT5G62380		5	0.0	1.0	1.0
OSD-251	AT1G32510		5	0.0	1.0	1.0
OSD-251	AT5G40330		5	0.0	1.0	1.0
