TF	name	n_missions	flight_mean_z	sign_consistency	flight_t	flight_p	radiation_mean_z	flight_vs_radiation_t	flight_vs_radiation_p	flight_q	flight_vs_radiation_q
AT1G23810		14	1.0036	1.0	4.737	0.0003886515706468081	-0.1622	2.334	0.03633860574730796	0.18422084448658702	0.14066732114265418
AT1G10720		14	0.8838	0.857	3.998	0.0015163766667882753	-0.8037	4.501	0.00028788764542746415	0.35938127002882125	0.007182039154348316
AT3G11020		14	1.1215	0.786	3.695	0.0026980781108474497	0.5346	1.068	0.30098828807866906	0.426296341513897	0.5104849346839945
AT3G02990		14	1.3294	0.857	3.489	0.0039990329460225585	-0.1935	2.245	0.03855996634068204	0.4738854041036732	0.14562363453322416
AT2G31230		14	1.0217	0.857	3.335	0.0053715369906166014	-1.7061	3.491	0.004306777596343852	0.5092217067104539	0.04252942876389554
AT5G08130		14	0.9761	0.857	3.216	0.0067528906884266856	-1.2831	4.532	0.00024744174488976325	0.5334783643857082	0.006515965948763766
AT2G41690		14	0.7532	0.857	3.085	0.008701868209943361	-0.0283	1.852	0.0811343992922056	0.561008150125738	0.22891491228872296
AT2G38340		14	1.1526	0.786	2.923	0.01187790465200201	1.178	-0.047	0.9626082648614249	0.561008150125738	0.9818084087669229
AT3G23240		14	0.9486	0.929	2.88	0.01289149677351953	-0.4692	1.606	0.13437622915425326	0.561008150125738	0.3155093520716411
AT5G43840		14	1.2711	0.857	2.877	0.01296070962404094	0.315	1.2	0.2469804588259027	0.561008150125738	0.45214746743067014
AT2G15660		14	1.2927	0.714	2.796	0.015132714468667331	-0.1018	1.634	0.12156705479777814	0.561008150125738	0.29399379578646345
AT2G33710		14	1.1805	0.786	2.773	0.015833746454913717	-1.853	3.75	0.0018107901048248335	0.561008150125738	0.023842069713526974
AT5G06100		14	-0.7822	0.786	-2.752	0.0164638348132807	-1.5426	1.417	0.17589471567950768	0.561008150125738	0.36662345469116275
AT3G24120		14	1.0762	0.714	2.718	0.017594854271255272	0.6801	0.455	0.65615991395066	0.561008150125738	0.8236072760762152
AT5G65510		14	0.7619	0.643	2.713	0.01775342247233348	0.3321	0.974	0.34228964650709204	0.561008150125738	0.5481259879877083
AT5G23930		14	1.0435	0.714	2.615	0.021407086646284684	-1.8347	2.921	0.012316505371714012	0.5783253950205715	0.07119540909990783
AT2G01818		14	1.5402	0.786	2.524	0.025420750381773775	0.8141	0.813	0.42538187262848437	0.5783253950205715	0.6329205445468897
AT3G12910		14	0.8365	0.857	2.523	0.02545703447152893	0.9033	-0.113	0.9116445959821872	0.5783253950205715	0.9539062659946064
AT3G13040		14	-0.5244	0.857	-2.503	0.02642348322892684	-0.5892	0.189	0.8522166264434419	0.5783253950205715	0.9201610044059031
AT5G47220		14	0.8773	0.857	2.456	0.028887753284129652	-1.1716	2.731	0.01606743666236043	0.5783253950205715	0.08654505656771415
AT3G12730		14	1.0826	0.714	2.426	0.03053944612008551	0.5019	0.694	0.4976294869044928	0.5783253950205715	0.7062166969842203
AT1G46264		14	0.5953	0.643	2.412	0.03138640452163066	-1.0654	3.046	0.00894954091844608	0.5783253950205715	0.06288931508201948
AT5G18450		14	1.3623	0.857	2.328	0.036731752310602245	-0.8799	2.608	0.01656490214675213	0.5783253950205715	0.08822206311865742
AT1G18570		14	-1.5448	0.571	-2.294	0.03912684409312004	-1.5796	0.034	0.9729578389313094	0.5783253950205715	0.9863942727071718
AT5G03150		14	0.5841	0.714	2.282	0.03997961642297211	0.664	-0.091	0.929200672167532	0.5783253950205715	0.9637661238674182
AT2G44840		14	0.7736	0.786	2.257	0.04189731234959971	-2.1078	3.365	0.005363953957356802	0.5783253950205715	0.04779269558713395
AT2G02080		14	0.6556	0.571	2.242	0.043007602906727886	-0.1833	0.774	0.4562425642793343	0.5783253950205715	0.666590160898847
AT5G47660		14	0.5397	0.643	2.228	0.044145532079032254	-0.2767	1.771	0.09605693414034061	0.5783253950205715	0.2543630546509578
AT1G49560		14	0.593	0.643	2.204	0.04617308191096726	1.2669	-1.259	0.22728213110218107	0.5783253950205715	0.43616085077908434
AT5G16820		14	2.2763	0.714	2.203	0.04622515858349732	1.2422	0.711	0.484784936841282	0.5783253950205715	0.6921327110324328
AT1G36060		14	0.9377	0.857	2.195	0.046907968359521206	-0.0207	1.678	0.10748746041352794	0.5783253950205715	0.27502664901603746
AT3G51470		14	0.572	0.714	2.189	0.04744834459555956	-0.2401	2.293	0.031880289137022934	0.5783253950205715	0.13140223522564234
AT3G61250		14	-1.4299	0.643	-2.168	0.04931904068049211	-1.922	0.475	0.6403703084339518	0.5783253950205715	0.8115923160366127
AT3G01470		14	1.1028	0.786	2.144	0.05153674726673725	0.9762	0.136	0.8936396282639685	0.5783253950205715	0.9392132678428404
AT4G01500		14	0.3232	0.571	2.135	0.052340981738070474	0.0282	0.977	0.3439382584721373	0.5783253950205715	0.5489115640262394
AT3G22830		14	2.1145	0.786	2.132	0.052610172904347836	0.7453	1.008	0.3244269899979929	0.5783253950205715	0.5321051669863275
AT3G20310		14	0.9915	0.643	2.111	0.05466764299608964	-2.705	3.849	0.001657726461731395	0.5783253950205715	0.022541653832775815
AT1G25550		14	0.7358	0.786	2.106	0.055247871704222073	1.4744	-1.08	0.2969896896751589	0.5783253950205715	0.5082061837762647
AT1G51600		14	0.3803	0.643	2.083	0.05752809814069666	0.1925	0.642	0.528429162743305	0.5783253950205715	0.7218311906061284
AT3G06490		14	-0.4865	0.714	-2.081	0.05771789376300708	0.8741	-3.519	0.002423021795601241	0.5783253950205715	0.028012495880853375
AT5G62165		14	0.397	0.571	2.047	0.061427898852744585	-0.4789	2.754	0.012895797192058281	0.5783253950205715	0.07364587794018826
AT3G09735		14	2.0588	0.714	2.045	0.06160977662528177	0.6897	1.053	0.3037062269638955	0.5783253950205715	0.5104849346839945
AT2G26960		14	-0.5998	0.929	-2.022	0.0642568012816403	-1.1169	0.992	0.3352135893911672	0.5783253950205715	0.5441480868884015
AT1G03840		14	0.6869	0.643	2.02	0.06444989496353416	0.3821	0.357	0.7267352317531522	0.5783253950205715	0.8583829933474235
AT1G03800		14	0.9493	0.714	1.989	0.06816652183082801	-2.1251	3.002	0.00955105660399238	0.5783253950205715	0.06340184914494174
AT1G66370		14	-0.4714	0.714	-1.983	0.06891731611135747	-0.1761	-0.677	0.5078037297401068	0.5783253950205715	0.7142402608213965
AT5G61600		14	0.6962	0.786	1.97	0.07048139741837384	-1.1095	2.552	0.022246490841227134	0.5783253950205715	0.10326381028157126
AT5G66730		14	0.8034	0.571	1.97	0.07053780160336613	0.7822	0.022	0.9828558550783315	0.5783253950205715	0.9909732261776532
AT5G48670		14	-0.3892	0.714	-1.965	0.07117283406447772	-1.0468	1.449	0.17073350028502876	0.5783253950205715	0.3645390952031695
AT5G38860		14	0.4303	0.643	1.964	0.07130012268587017	-0.1942	1.756	0.09561838984246514	0.5783253950205715	0.2543630546509578
AT4G38910		14	0.5725	0.643	1.945	0.07373273935464292	-0.525	2.018	0.060544083933595755	0.5783253950205715	0.19131930523016258
AT1G50640		14	0.9246	0.786	1.934	0.07514286022264617	-2.1956	3.522	0.002820406091508226	0.5783253950205715	0.031096178277351148
AT5G25190		14	1.1939	0.643	1.931	0.07552695464604572	-0.9582	2.219	0.03871008006579376	0.5783253950205715	0.14562363453322416
AT4G26030		14	-1.4342	0.643	-1.93	0.07565917109690974	-1.0052	-0.398	0.6949484926370271	0.5783253950205715	0.8385712401337423
AT3G24520		14	1.4035	0.786	1.921	0.07692324696309752	0.1397	1.217	0.23698324536290857	0.5783253950205715	0.4449912803773482
AT3G13810		14	0.7289	0.643	1.901	0.07975626173804744	-0.1165	0.99	0.33972289296210856	0.5783253950205715	0.5458598347933541
AT4G37180		14	0.6179	0.786	1.897	0.08027260023552509	1.0108	-0.637	0.5334888078524135	0.5783253950205715	0.7266485486265633
AT5G54230		14	-1.2683	0.5	-1.887	0.08171129422521314	0.3452	-1.486	0.1539975379900784	0.5783253950205715	0.33951085119673097
AT5G62320		14	-1.3997	0.571	-1.881	0.08252465198021361	-1.4731	0.071	0.9443141226310512	0.5783253950205715	0.9730541176676484
AT4G17460		14	0.4755	0.786	1.879	0.08288069119609004	1.0156	-1.198	0.24744568521783353	0.5783253950205715	0.45214746743067014
AT5G39820		14	0.9045	0.714	1.877	0.08308143393315552	1.1978	-0.53	0.6021593559879608	0.5783253950205715	0.7862907293065935
AT3G50060		14	-0.4471	0.714	-1.875	0.08339953776389679	-1.5737	1.884	0.08318067579867743	0.5783253950205715	0.2332996469146337
AT3G06740		14	1.5223	0.857	1.863	0.0852127181199912	2.2676	-0.608	0.5499574150771607	0.5783253950205715	0.7356897706257652
AT2G03500		14	0.8793	0.786	1.855	0.08636154998510212	0.8805	-0.001	0.998844381994981	0.5783253950205715	0.998844381994981
AT4G27950		14	0.6234	0.714	1.853	0.08668651749756036	-1.2035	2.229	0.044612043849179786	0.5783253950205715	0.15663784284823126
AT2G18380		14	2.1446	0.714	1.853	0.08676124766951615	4.5618	-1.255	0.22565174022268839	0.5783253950205715	0.43479237750225325
AT1G71450		14	1.34	0.643	1.85	0.08711444111449348	-1.2165	2.361	0.028350814442155044	0.5783253950205715	0.1232870279411146
AT3G15210		14	0.8426	0.786	1.843	0.08828799855867743	-2.2613	2.716	0.018221574207316408	0.5783253950205715	0.0959669574918664
AT1G69560		14	0.5506	0.786	1.823	0.09135485011203535	-0.1546	1.436	0.1677128992319617	0.5783253950205715	0.3613450647088629
AT5G65130		14	0.7975	0.643	1.821	0.09171418843085197	-1.0517	2.727	0.01314330766241079	0.5783253950205715	0.07397078778098236
AT2G32460		14	-0.5324	0.786	-1.813	0.09290800051349596	-1.9083	2.791	0.0121097059792231	0.5783253950205715	0.07086420535989814
AT3G47600		14	0.5443	0.786	1.809	0.09368690569401436	-0.1317	1.557	0.1344575719798977	0.5783253950205715	0.3155093520716411
AT3G50260		14	1.3027	0.714	1.802	0.09470383908193614	0.9642	0.345	0.733717443251264	0.5783253950205715	0.8608467032205424
AT1G76890		14	0.657	0.571	1.791	0.09663726953197807	-0.6381	2.739	0.011990090448506427	0.5783253950205715	0.07086420535989814
AT4G11660		14	1.6281	0.786	1.783	0.09790782802510126	0.8097	0.641	0.5282454567118902	0.5783253950205715	0.7218311906061284
AT1G75490		14	0.9049	0.714	1.782	0.09811125823232342	-1.4829	3.708	0.0012320368083463466	0.5783253950205715	0.020137429212281666
AT1G68670		14	0.5791	0.643	1.778	0.09873247870649739	1.3257	-1.138	0.2732318416885927	0.5783253950205715	0.48688681564057495
AT1G28370		14	0.8801	0.714	1.778	0.09884537373515526	-1.8668	2.582	0.021809713818468655	0.5783253950205715	0.10235449851439744
AT5G60130		14	0.562	0.643	1.772	0.09975232411475667	0.1148	0.982	0.3373412400827731	0.5783253950205715	0.5447691009101443
AT3G04030		14	0.9391	0.643	1.767	0.10076458994327926	0.6294	0.324	0.7501415696117425	0.5783253950205715	0.8664595262266201
AT1G28160		14	0.9949	0.643	1.765	0.10102117953218794	-1.6273	2.608	0.018551641984503525	0.5783253950205715	0.09598739090350002
AT5G44210		14	0.5962	0.786	1.764	0.10118204786621003	-1.3585	2.467	0.028308900677033094	0.5783253950205715	0.1232870279411146
AT1G69780		14	1.2466	0.714	1.758	0.10222768210491381	0.2937	0.731	0.47548123348214055	0.5783253950205715	0.6809006183399837
AT4G28140		14	0.5772	0.643	1.757	0.10248804468718987	-0.3564	1.786	0.09006475090971351	0.5783253950205715	0.24534880420232302
AT4G06746		14	0.8039	0.643	1.73	0.1072964828919044	0.8528	-0.065	0.9487001246594178	0.5964756561069235	0.9754530565912451
AT2G02540		14	1.3465	0.786	1.722	0.10876949151040428	-0.1208	1.006	0.3296729170500542	0.5964756561069235	0.5388446989025023
AT1G34670		14	-1.5319	0.5	-1.709	0.1111318739812701	-0.3747	-0.928	0.36350010161650326	0.5964756561069235	0.5607755526548286
AT3G61120		14	-0.42	0.643	-1.706	0.11179409383996751	0.3111	-1.447	0.16926735790826541	0.5964756561069235	0.3630440165091304
AT1G18960		14	0.3307	0.786	1.705	0.11199648395256583	0.6144	-1.035	0.3122310372343488	0.5964756561069235	0.5192895145581801
AT1G63030		14	0.5189	0.571	1.686	0.11571723146548366	1.5947	-1.816	0.08892972712494841	0.6029568879052517	0.24507378289084622
AT2G22430		14	1.1151	0.786	1.681	0.11668638124823384	-1.4254	1.934	0.0721843692272145	0.6029568879052517	0.2112061173685165
AT2G42200		14	0.6913	0.786	1.674	0.11795337258826638	0.1342	0.658	0.5205234460978678	0.6029568879052517	0.7172328879371783
AT4G36620		14	0.8862	0.786	1.67	0.11878890272164154	2.0971	-1.685	0.10626831824854155	0.6029568879052517	0.27494404225613367
AT5G13910		14	0.7874	0.786	1.666	0.11957372882509211	0.4	0.514	0.6130635455811817	0.6029568879052517	0.7896525016453265
AT1G70920		14	1.0382	0.857	1.637	0.12562155224328317	-0.9787	1.936	0.06840469679160266	0.6102166906379313	0.20784504025140807
AT5G10510		14	0.4831	0.714	1.636	0.12583928704936667	-0.1898	1.389	0.1813940587584144	0.6102166906379313	0.3706068269460708
AT1G06280		14	0.7963	0.714	1.635	0.12605730245660898	0.303	0.665	0.5135864333427729	0.6102166906379313	0.7172328879371783
AT3G12820		14	-1.2503	0.5	-1.626	0.12790030019764934	-2.5096	1.029	0.3164345938241638	0.6102166906379313	0.5244405506036841
AT1G19210		14	0.8813	0.643	1.625	0.12814088261056159	-0.8462	2.238	0.036111067382673195	0.6102166906379313	0.14066732114265418
AT1G52150		14	0.804	0.786	1.617	0.1298720912200396	-0.6606	1.791	0.08987452701972137	0.6102166906379313	0.24534880420232302
AT5G47230		14	0.5441	0.786	1.605	0.13252943865162123	-0.8859	2.202	0.04319349602804595	0.6102166906379313	0.1557336977977937
AT3G20840		14	0.4426	0.714	1.605	0.1325726155449503	0.4211	0.048	0.9622093740895109	0.6102166906379313	0.9818084087669229
AT2G22540		14	0.3037	0.786	1.604	0.13272460649866744	0.0936	0.751	0.461400097361768	0.6102166906379313	0.6708700802131228
AT5G18090		14	0.2699	0.786	1.599	0.13388720638469379	-1.0911	4.659	0.00021612489462254355	0.6102166906379313	0.006073799480324569
AT5G64750		14	0.6867	0.714	1.578	0.13854406602140845	-2.183	3.277	0.005182840931537327	0.6150281377320762	0.04779269558713395
AT2G01930		14	1.3421	0.714	1.566	0.1413810930916155	-4.4396	4.292	0.00038352411406893913	0.6150281377320762	0.009089521503433857
AT5G65410		14	1.1019	0.786	1.56	0.14275909028088637	0.5884	0.409	0.687852029731535	0.6150281377320762	0.8369246015192557
AT3G07220		14	0.5204	0.714	1.556	0.14374523262584613	1.8564	-2.688	0.01399476811527766	0.6150281377320762	0.07713395449583269
AT4G38170		14	0.881	0.786	1.551	0.14491787147969373	-1.3741	2.052	0.057666861770295286	0.6150281377320762	0.1872198115008217
AT1G34370		14	0.5559	0.643	1.544	0.14660957925377568	-0.0913	1.088	0.2908066082963397	0.6150281377320762	0.5082061837762647
AT5G05550		14	1.287	0.857	1.519	0.15276653852297706	0.8109	0.386	0.7037463702779055	0.6150281377320762	0.8466390342937239
AT4G14410		14	-0.5244	0.5	-1.519	0.15279064058086378	-1.9924	1.629	0.12901097300193862	0.6150281377320762	0.3057560060145945
AT5G10140		14	0.3517	0.786	1.517	0.1532778278668918	0.0053	0.961	0.34817575853619365	0.6150281377320762	0.5525764557416811
AT2G42430		14	0.4637	0.571	1.511	0.1546272390960867	-0.6637	2.255	0.03647530934808836	0.6150281377320762	0.14066732114265418
AT2G30340		14	0.4521	0.571	1.506	0.15604192750770116	-1.1453	3.165	0.005397382981163085	0.6150281377320762	0.04779269558713395
AT5G67190		14	1.041	0.643	1.501	0.15726811834751842	1.1824	-0.141	0.8891425410500765	0.6150281377320762	0.9378437831709291
AT5G42520		14	0.5231	0.643	1.499	0.1578723879737577	-0.3663	1.671	0.1104363718484417	0.6150281377320762	0.27633787816530303
AT1G67260		14	0.3393	0.714	1.497	0.15837659456042869	0.4851	-0.42	0.6789273289917865	0.6150281377320762	0.8369246015192557
AT4G34410		14	0.8332	0.714	1.495	0.15870916130288668	-1.39	2.542	0.019776260320612773	0.6150281377320762	0.09972284459543036
AT3G21175		14	0.5691	0.786	1.49	0.1600708469136895	-0.1087	1.517	0.1445879982972813	0.6150281377320762	0.3255684983788048
AT5G45580		14	0.6043	0.5	1.484	0.16155465319467457	0.5363	0.085	0.9331535567321968	0.6150281377320762	0.9657528076224045
AT1G14580		14	0.4132	0.643	1.481	0.16247449707618114	0.3919	0.039	0.9697950316904995	0.6150281377320762	0.9863942727071718
AT2G06200		14	0.3859	0.643	1.474	0.16421189062195696	-0.368	2.49	0.021708983061657663	0.6150281377320762	0.10235449851439744
AT1G12610		14	0.6371	0.643	1.473	0.16443848159501165	2.9505	-2.795	0.013264803715998948	0.6150281377320762	0.07397078778098236
AT1G30490		14	0.6907	0.786	1.464	0.1669613428389364	-0.2226	1.215	0.23939404324097846	0.6150281377320762	0.4449912803773482
AT4G36740		14	1.303	0.786	1.463	0.1671631330846378	-0.331	1.08	0.29489651683251294	0.6150281377320762	0.5082061837762647
AT4G18890		14	0.4052	0.571	1.463	0.16719418254412838	-0.8276	3.122	0.00513092091961499	0.6150281377320762	0.04779269558713395
AT3G46070		14	-0.4375	0.714	-1.461	0.16788450142298844	-2.3017	3.129	0.006932958005654075	0.6150281377320762	0.05263971804144956
AT5G03790		14	1.2125	0.714	1.459	0.1684183512474754	0.3531	0.547	0.5918638002855636	0.6150281377320762	0.7750857973247457
AT3G26620		14	0.4435	0.786	1.452	0.17030430842438357	0.2712	0.277	0.7857502867169202	0.6150281377320762	0.8867753235805242
AT5G22990		14	1.4662	0.786	1.448	0.17138022622066515	4.5095	-2.165	0.04176519517764244	0.6150281377320762	0.15228232703232703
AT3G24050		14	1.5288	0.571	1.439	0.1736619599588854	1.8893	-0.231	0.8194021789639667	0.6150281377320762	0.9032479833230703
AT4G17785		14	-0.7816	0.571	-1.434	0.17527058880218674	-0.4157	-0.469	0.6435968059386462	0.6150281377320762	0.8135063627064488
AT4G05100		14	-1.0252	0.571	-1.421	0.17882875948517943	-0.5979	-0.406	0.6886088493512863	0.6150281377320762	0.8369246015192557
AT1G16490		14	-1.185	0.5	-1.42	0.17906955285438952	-2.3351	0.853	0.4044316739276319	0.6150281377320762	0.608573376005389
AT3G23250		14	-0.8446	0.571	-1.42	0.17912909086816584	-2.0951	1.162	0.2619025060245185	0.6150281377320762	0.4738236177695487
AT3G50700		14	0.4099	0.571	1.415	0.1804986624832208	-0.0273	0.961	0.3485661609003432	0.6150281377320762	0.5525764557416811
AT2G45420		14	0.3603	0.571	1.412	0.1815537444143765	-1.1479	3.083	0.0073394202152952046	0.6150281377320762	0.05435758096953011
AT5G63090		14	0.5132	0.571	1.411	0.1816467652866028	-0.7439	2.278	0.03387851672445479	0.6150281377320762	0.13639359523385283
AT5G18560		14	0.6439	0.786	1.407	0.18292993828436982	-0.7603	1.676	0.11282478471447921	0.6150281377320762	0.279194935083659
AT3G02940		14	-1.2505	0.571	-1.405	0.18357699020930418	0.3016	-1.271	0.21728633324540156	0.6150281377320762	0.4238424771947339
AT3G11440		14	-0.5125	0.714	-1.402	0.184248935776276	-1.5047	1.522	0.1466226435011488	0.6150281377320762	0.327826099148795
AT1G06180		14	-0.9498	0.5	-1.389	0.18819041984305263	-1.296	0.305	0.7639434037852526	0.6214011089507554	0.8746598391164486
AT1G55110		14	0.4788	0.571	1.372	0.19314827485082636	0.2572	0.215	0.83369123355579	0.6214011089507554	0.9110084241008737
AT3G04070		14	1.2134	0.714	1.372	0.19332947552884464	3.1205	-1.542	0.137610499227065	0.6214011089507554	0.31663775064868355
AT5G56110		14	-1.1065	0.571	-1.37	0.1938751157461963	-0.9662	-0.109	0.9146372036258739	0.6214011089507554	0.9549295914508023
AT4G16750		14	0.9407	0.571	1.361	0.19660976690140197	0.7058	0.235	0.8164818545447643	0.6214011089507554	0.9022237221001296
AT3G30210		14	-0.501	0.429	-1.358	0.1975062861778976	-1.3121	1.156	0.2649828663610295	0.6214011089507554	0.47757368309934595
AT4G36780		14	0.955	0.571	1.357	0.1977487421931333	0.5089	0.408	0.6878595917620023	0.6214011089507554	0.8369246015192557
AT2G01060		14	0.423	0.571	1.357	0.19784114275981501	0.004	0.66	0.5195454631553287	0.6214011089507554	0.7172328879371783
AT5G66700		14	1.0341	0.714	1.357	0.19795689335773012	0.2174	0.624	0.5409381640455407	0.6214011089507554	0.7276802940580035
AT1G68550		14	0.6748	0.643	1.346	0.20145535012220236	-1.7607	2.322	0.03549755529661828	0.6258835464827677	0.14066732114265418
AT3G27785		14	-0.4176	0.643	-1.344	0.2020257017127921	-2.0227	2.63	0.018832969101319624	0.6258835464827677	0.09598739090350002
AT1G53170		14	0.7415	0.714	1.33	0.20622797854132413	-2.5488	2.905	0.011105196184056596	0.633025810133779	0.06748542296465161
AT3G01220		14	1.0004	0.714	1.324	0.2083340729530086	0.6962	0.211	0.8352387365042133	0.633025810133779	0.9110084241008737
AT2G38090		14	0.5434	0.643	1.324	0.2083376083984589	0.215	0.599	0.5551219044276461	0.633025810133779	0.7391229851087199
AT1G09540		14	-0.8183	0.571	-1.318	0.21016683513995008	-1.2043	0.407	0.6884456920369819	0.634516432205964	0.8369246015192557
AT5G07680		14	0.5682	0.786	1.307	0.21376703525153454	1.3523	-1.325	0.1989802793130722	0.6406454102975417	0.39628845543863955
AT5G10280		14	-0.9754	0.5	-1.304	0.214900042694745	-1.9594	0.882	0.3882436468362328	0.6406454102975417	0.589831694231969
AT4G28500		14	0.6991	0.643	1.292	0.21872053829728144	3.5309	-3.471	0.0023977605975738425	0.6431185744466628	0.028012495880853375
AT1G31140		14	0.2483	0.571	1.292	0.21897775950273124	1.0075	-1.571	0.14123806552472956	0.6431185744466628	0.321859822397701
AT5G58900		14	1.006	0.571	1.281	0.22242305860766295	0.4263	0.503	0.6205300107075393	0.6431185744466628	0.7928065365913036
AT1G77640		14	0.4195	0.643	1.278	0.2235991775875167	-0.1655	1.194	0.24620125807690352	0.6431185744466628	0.45214746743067014
AT1G33240		14	0.3868	0.643	1.275	0.22471351417368432	-1.2025	3.516	0.0021298613008503514	0.6431185744466628	0.02588600657956581
AT2G46770	ANAC043	14	0.8385	0.714	1.272	0.22557635698835607	2.0632	-1.343	0.1931841322677309	0.6431185744466628	0.3880054181987476
AT1G75240		14	0.8591	0.714	1.27	0.22641890403234788	0.4032	0.375	0.7121650956875294	0.6431185744466628	0.8502928346495943
AT5G06950		14	0.9196	0.714	1.269	0.22658397032192548	-0.8892	2.025	0.05543953045313151	0.6431185744466628	0.18122991334334027
AT1G51220		14	-0.192	0.5	-1.25	0.2333304829079833	-0.4102	0.744	0.4678946193802441	0.65832529106181	0.6768540416718798
AT1G69010		14	0.7299	0.643	1.245	0.23498045502810802	-0.243	1.278	0.21456862198582038	0.6590576075936284	0.4217685067443091
AT2G02070		14	0.3496	0.571	1.241	0.2366226332543202	-0.2908	0.671	0.5164208381745874	0.6597595774267516	0.7172328879371783
AT3G23220		14	0.4791	0.786	1.223	0.24307657105005376	-0.1809	0.77	0.4542352477614372	0.6737911969457631	0.6665867103372174
AT1G69180		14	0.6584	0.643	1.204	0.2501505729935363	-1.7102	2.866	0.009540289103897816	0.6870044971277691	0.06340184914494174
AT4G25470		14	0.7499	0.571	1.202	0.25074214768587355	3.5549	-2.142	0.05001825369752576	0.6870044971277691	0.16951744312802178
AT2G18350		14	0.6341	0.643	1.196	0.2531567795650299	0.4078	0.236	0.816306201746838	0.6896339857116331	0.9022237221001296
AT3G60530		14	1.4024	0.5	1.184	0.25753153887001723	3.016	-0.95	0.35292365613734034	0.6974392624175494	0.5556389115918626
AT1G53230		14	0.3418	0.571	1.177	0.2601299126090019	0.2519	0.176	0.8620323740239815	0.6974392624175494	0.9265381979305379
AT4G14770		14	-0.4177	0.5	-1.177	0.2604361802698444	-1.8715	2.309	0.03395452370800556	0.6974392624175494	0.13639359523385283
AT1G20910		14	0.4362	0.643	1.167	0.2640978724008254	2.3401	-2.627	0.018795514931047228	0.7032718624606249	0.09598739090350002
AT5G44160		14	0.3703	0.714	1.152	0.2701718634086842	-0.5345	1.656	0.11530517548736686	0.7149214004114895	0.28318473150783363
AT5G14340		14	-0.6276	0.571	-1.148	0.27148913939676816	-0.3922	-0.279	0.783261836513895	0.7149214004114895	0.8867753235805242
AT4G24240		14	-0.6069	0.571	-1.13	0.27899680295548834	0.7661	-1.999	0.05815524139323312	0.7300181304595119	0.18752098245164966
AT1G69490		14	1.3309	0.714	1.126	0.2806037845887298	5.0261	-2.283	0.032627392769164945	0.7300181304595119	0.13332227734986365
AT1G79180		14	-0.9288	0.5	-1.119	0.28323941823022375	-2.2014	0.983	0.33789475879236797	0.7300181304595119	0.5447691009101443
AT5G25390		14	0.3532	0.643	1.115	0.2849345352517603	-0.2366	0.951	0.3566855363204049	0.7300181304595119	0.5561478428153681
AT5G51990		14	0.6748	0.5	1.114	0.28553596236591194	3.3268	-2.203	0.043682929494102844	0.7300181304595119	0.1557336977977937
AT5G17800		14	0.506	0.714	1.112	0.2864628106866439	-0.1826	1.011	0.3239974854541434	0.7300181304595119	0.5321051669863275
AT1G21910		14	0.4937	0.643	1.108	0.2881238025051415	0.6473	-0.289	0.7756432647591047	0.7303245047456528	0.8816664448340902
AT5G29000		14	0.5803	0.643	1.091	0.29512602346423983	1.6838	-1.215	0.24037020624582295	0.744085852999144	0.44506046000203153
AT5G25830		14	1.6078	0.5	1.085	0.2976073196834996	2.4358	-0.363	0.7204810082335851	0.744085852999144	0.855201505913107
AT2G23290		14	-0.3763	0.571	-1.084	0.29826226175071174	-0.6496	0.526	0.6048950634445964	0.744085852999144	0.7867067899220079
AT4G25490		14	0.6207	0.643	1.073	0.3027436949136732	3.4135	-2.571	0.020641150037273785	0.751311577953304	0.10099670720947386
AT2G15740		14	1.0867	0.786	1.068	0.30483382296208755	4.0438	-1.997	0.05912696099155986	0.7525585004376536	0.1880951644966401
AT5G47370		14	0.719	0.714	1.055	0.31047997996509535	0.4559	0.208	0.8380446407434592	0.760382222974457	0.9110852286981643
AT3G15270		14	0.609	0.714	1.054	0.3112112895718242	0.462	0.162	0.8731499702483388	0.760382222974457	0.9363644477323815
AT3G28920		14	0.7159	0.786	1.05	0.3129355582763053	0.325	0.379	0.7083137933229631	0.7606741262716344	0.8484780605855252
AT5G45300		14	0.7337	0.5	1.046	0.3147896484653105	0.3001	0.457	0.652152101557929	0.7612770070028427	0.8221279152618572
AT5G06960		14	0.7908	0.643	1.034	0.31980670429402885	2.2778	-1.398	0.17635052250967323	0.769484151448577	0.36662345469116275
AT4G10350		14	0.7245	0.714	1.016	0.32806197264887516	2.3079	-1.614	0.12103301948453025	0.7817931978486392	0.29399379578646345
AT4G24020		14	-0.3619	0.571	-1.016	0.3282211948773823	-1.7923	3.042	0.005987947100797269	0.7817931978486392	0.05099391787259506
AT1G78700		14	0.7098	0.571	1.008	0.3316648552270177	0.2709	0.419	0.6798389236410497	0.7852196857565196	0.8369246015192557
AT2G20110		14	-0.3296	0.643	-1.006	0.3329729047195368	-0.112	-0.334	0.7431110094226376	0.7852196857565196	0.8664595262266201
AT5G05790		14	0.8612	0.571	0.989	0.3406484601887192	0.5804	0.261	0.7968556092579089	0.7853996218323119	0.894988589285099
AT3G57230		14	0.2006	0.643	0.985	0.3423772353575444	-0.074	0.611	0.5509912839074824	0.7853996218323119	0.7356897706257652
AT5G65310		14	0.8408	0.714	0.985	0.3424165185767488	-0.5331	0.907	0.37702600919029594	0.7853996218323119	0.5763164633369189
AT4G28110		14	-0.2863	0.571	-0.985	0.34273269327387923	-0.2822	-0.01	0.9924454591243106	0.7853996218323119	0.9945436524839814
AT5G08070		14	0.4102	0.643	0.982	0.3437908986998659	-0.2477	1.214	0.23747232816435349	0.7853996218323119	0.4449912803773482
AT4G25480		14	0.5841	0.714	0.977	0.34657579831306096	4.3032	-3.188	0.006024597892120935	0.7853996218323119	0.05099391787259506
AT1G12260		14	0.6507	0.714	0.975	0.3475172043390763	2.3791	-1.793	0.08736132677756088	0.7853996218323119	0.24358393466214034
AT1G22810		14	0.8156	0.571	0.974	0.34780912783268125	1.4305	-0.544	0.5919431616699534	0.7853996218323119	0.7750857973247457
AT4G18450		14	0.2189	0.643	0.967	0.35110440785250396	-0.9759	1.607	0.13680254925200008	0.7853996218323119	0.31663775064868355
AT1G52880		14	1.247	0.643	0.967	0.3512219415175498	5.6113	-2.454	0.022657038542792007	0.7853996218323119	0.10326381028157126
AT2G23340		14	0.7578	0.5	0.965	0.3520929669386271	1.2301	-0.428	0.6728754976349054	0.7853996218323119	0.8327493103888907
AT5G14960		14	-0.8606	0.571	-0.962	0.3533883761051627	-2.0712	0.627	0.5409092686752459	0.7853996218323119	0.7276802940580035
AT2G43000		14	0.4828	0.714	0.96	0.3545897026837864	1.0626	-0.9	0.37813168797000374	0.7853996218323119	0.5763164633369189
AT1G44830		14	0.5373	0.571	0.949	0.36004166858648956	0.4024	0.183	0.8562345724219979	0.7931083405516973	0.9223981530182431
AT1G72010		14	0.4345	0.429	0.944	0.36234930404314525	0.1656	0.301	0.7673234489717898	0.7931083405516973	0.8764128067774177
AT1G25340		14	0.2391	0.714	0.939	0.36486587814510407	0.1887	0.14	0.8903580219977175	0.7931083405516973	0.9378437831709291
AT5G52170		14	0.2496	0.5	0.934	0.3673790667995924	0.0786	0.429	0.6723889775441382	0.7931083405516973	0.8327493103888907
AT3G28910		14	-0.384	0.643	-0.933	0.36766260364537406	-1.0372	1.077	0.29390171358349787	0.7931083405516973	0.5082061837762647
AT2G45650		14	0.2545	0.5	0.929	0.37004026590135364	0.1875	0.124	0.9030667595402204	0.7931083405516973	0.947021336332001
AT5G66300		14	0.5703	0.643	0.924	0.3723503581921964	1.7607	-1.345	0.19284655382639385	0.7931083405516973	0.3880054181987476
AT5G13180		14	0.8138	0.786	0.921	0.3737216704651438	3.0862	-1.842	0.0792871477379727	0.7931083405516973	0.22891491228872296
AT4G01680		14	-0.5021	0.5	-0.919	0.3747021560282515	-1.4119	1.067	0.29903624325063594	0.7931083405516973	0.5098675514417318
AT4G29230		14	0.3532	0.643	0.916	0.37635312486892114	4.9765	-4.171	0.0014197749568583304	0.7931083405516973	0.021030416548464017
AT1G65620		14	0.1904	0.571	0.916	0.37647547810998294	-0.0735	0.791	0.4388469917404959	0.7931083405516973	0.6480170532242837
AT2G33810		14	-0.2805	0.571	-0.896	0.3867109506335352	0.3552	-1.229	0.23473113978726626	0.809602026013975	0.4449912803773482
AT2G20400		14	0.5043	0.643	0.894	0.3877208014877054	1.1046	-0.647	0.5256205467027217	0.809602026013975	0.7218311906061284
AT1G08010		14	1.2359	0.571	0.885	0.3924803035316574	1.5556	-0.155	0.8784088603875714	0.8134508689121568	0.9365043074094866
AT5G62000		14	-0.2357	0.643	-0.872	0.3988160838348558	-1.0739	1.803	0.08878632545268125	0.8134508689121568	0.24507378289084622
AT1G17950		14	0.2307	0.786	0.871	0.39933514025466355	-0.5328	2.517	0.020668102530208787	0.8134508689121568	0.10099670720947386
AT5G67000		14	0.1982	0.643	0.869	0.4006792063385266	-0.3	1.673	0.10850207461181226	0.8134508689121568	0.27502664901603746
AT1G01720		14	1.0401	0.571	0.869	0.4008491334637042	4.4705	-2.169	0.04119976967240076	0.8134508689121568	0.15138520019161208
AT1G26960		14	0.591	0.714	0.868	0.40116434454101246	0.848	-0.235	0.8165695712678388	0.8134508689121568	0.9022237221001296
AT3G51080		14	0.5123	0.571	0.857	0.40710193745577294	-0.7062	1.378	0.18313753086122117	0.8134508689121568	0.37176932928571516
AT5G22890		14	0.2891	0.571	0.856	0.40743469814259803	-0.0119	0.703	0.4894328614738408	0.8134508689121568	0.6966701992150166
AT5G67300		14	-0.1705	0.714	-0.855	0.4079844815348277	-0.6494	1.347	0.19609420504958414	0.8134508689121568	0.39218841009916827
AT3G12250		14	0.8615	0.714	0.854	0.4085789366303133	2.1229	-1.01	0.3238269139896972	0.8134508689121568	0.5321051669863275
AT1G19790		14	0.2439	0.571	0.852	0.4094253647454127	-0.5885	2.19	0.03946852170208336	0.8134508689121568	0.14730771091958672
AT1G79580		14	0.6657	0.786	0.848	0.411631569751587	2.3537	-1.682	0.1067293328589211	0.8134508689121568	0.27494404225613367
AT4G37260		14	-0.2853	0.714	-0.848	0.41187385767704143	-0.9237	0.937	0.3640344362502351	0.8134508689121568	0.5607755526548286
AT3G30530		14	-0.2685	0.571	-0.843	0.41464181032440073	-0.563	0.656	0.5189438237916069	0.8155195771525559	0.7172328879371783
AT3G57600		14	0.2614	0.571	0.826	0.4235614890571997	-1.2835	2.984	0.007810256154120957	0.8270942172347711	0.05695479103158975
AT1G71696		14	-0.3371	0.571	-0.825	0.4240901564548618	-1.8391	2.776	0.01102022968510361	0.8270942172347711	0.06748542296465161
AT2G18060		14	0.6777	0.714	0.818	0.4279259173693315	2.8634	-1.921	0.06799567036796192	0.8270942172347711	0.20784504025140807
AT1G49010		14	1.0541	0.571	0.818	0.42835178687348807	-0.0527	0.685	0.5004909418111307	0.8270942172347711	0.7081573325924656
AT4G36160		14	0.7065	0.786	0.816	0.4292514291977926	3.1524	-2.058	0.05185382382042103	0.8270942172347711	0.1743171098643941
AT3G58630		14	0.3613	0.643	0.812	0.4312544393410096	-0.5507	1.764	0.09283133427002482	0.8275894908811278	0.2495745940141144
AT2G17900		14	0.2611	0.571	0.8	0.43805661852678435	-0.629	1.501	0.15234931423831324	0.8288904923206344	0.33810050235768085
AT3G03660		14	-0.1964	0.571	-0.799	0.4384806140222338	-0.1514	-0.151	0.8811833778578715	0.8288904923206344	0.9365043074094866
AT1G74650		14	-0.4591	0.643	-0.797	0.4396350814818082	-1.1349	0.874	0.3913898044630473	0.8288904923206344	0.5927117166628895
AT1G28470		14	0.5102	0.643	0.796	0.44046967627519773	3.5202	-2.923	0.008799706305324864	0.8288904923206344	0.06288931508201948
AT1G13300		14	0.2043	0.5	0.793	0.4422307917774735	0.3471	-0.35	0.729806637803822	0.8288904923206344	0.8583829933474235
AT5G62380		14	0.6124	0.643	0.792	0.44242467206143565	2.0382	-1.389	0.17877182918716122	0.8288904923206344	0.3690717937827443
AT1G02230		14	0.2995	0.5	0.785	0.4464327656334123	3.4748	-3.98	0.0013251628515910888	0.8326499745551081	0.02056116669057129
AT2G23320		14	-1.2659	0.571	-0.779	0.44987259635097854	6.6729	-3.624	0.0015137429141175455	0.8326499745551081	0.021742852766415653
AT5G67580		14	0.4233	0.714	0.777	0.45104649929178986	-1.3623	1.991	0.061694868635946316	0.8326499745551081	0.1923905771936747
AT1G74840		14	0.9701	0.571	0.774	0.4530086136990117	1.3654	-0.238	0.814178440601683	0.8326499745551081	0.9022237221001296
AT2G46680		14	0.405	0.714	0.773	0.45321454311227405	-0.0337	0.432	0.6716168347161633	0.8326499745551081	0.8327493103888907
AT1G76420		14	0.7054	0.786	0.766	0.4571114262976531	3.4181	-2.078	0.050068443117981115	0.8335020978235189	0.16951744312802178
AT5G46350		14	-1.0165	0.5	-0.766	0.457195243531888	4.2253	-2.782	0.011097836804897359	0.8335020978235189	0.06748542296465161
AT3G08500		14	-0.3261	0.429	-0.762	0.45944055976154297	-1.4185	1.682	0.1081195236724399	0.8343863039347561	0.27502664901603746
AT4G04450		14	0.4656	0.714	0.753	0.46462391390863655	3.4895	-3.382	0.0028313169714712172	0.8405791419568462	0.031096178277351148
AT5G61620		14	0.9738	0.571	0.748	0.46787447809921867	0.6174	0.209	0.8360520347761182	0.841012763248156	0.9110084241008737
AT5G47390		14	0.9735	0.571	0.745	0.46964317433675995	1.2349	-0.144	0.8865235775179062	0.841012763248156	0.9378437831709291
AT3G12720		14	-0.4069	0.357	-0.743	0.4705423100642342	-0.9886	0.757	0.45705021580617156	0.841012763248156	0.666590160898847
AT5G56840		14	0.9206	0.571	0.737	0.47416271683655065	0.9557	-0.019	0.9847012437334908	0.841012763248156	0.9909732261776532
AT3G60580		14	-0.4154	0.643	-0.737	0.4742412663612643	-1.6621	1.838	0.08012325641058357	0.841012763248156	0.22891491228872296
AT1G43700		14	0.582	0.429	0.735	0.47550932605591945	-0.2401	0.805	0.4293129067046655	0.841012763248156	0.6359197430562857
AT1G14687		14	0.491	0.714	0.722	0.482859898298061	0.1567	0.245	0.8098765819408689	0.8503826057881353	0.9022237221001296
AT4G01250		14	-1.1787	0.571	-0.72	0.48439515519577325	6.1446	-3.323	0.003104361504306544	0.8503826057881353	0.03269927451202893
AT1G08320		14	0.7009	0.714	0.71	0.49004354491791746	2.37	-1.385	0.18037632945966162	0.8557109155390826	0.37012285785229265
AT3G26790		14	0.2694	0.714	0.709	0.49104086292538074	-1.5116	2.912	0.009022095834551318	0.8557109155390826	0.06288931508201948
AT2G24430		14	0.686	0.714	0.699	0.4969861053010334	2.893	-1.621	0.11946401122844863	0.8628989520611349	0.2918862954756941
AT3G55370		14	0.5243	0.5	0.69	0.5022799640322946	-1.0521	1.605	0.12267595011930761	0.867321867441468	0.2951695449571158
AT4G38620		14	-0.156	0.5	-0.686	0.5044737734457891	-0.9637	1.582	0.13698744954300265	0.867321867441468	0.31663775064868355
AT3G44480		14	0.4728	0.571	0.685	0.5055920732354249	-1.0049	1.724	0.09900429334424242	0.867321867441468	0.26071130580650503
AT1G75390		14	-0.4748	0.5	-0.68	0.5084129714905454	0.604	-1.094	0.28611064753102056	0.867321867441468	0.506031518394417
AT2G39900		14	0.149	0.5	0.679	0.5091860824296461	-0.1075	0.629	0.537912700633082	0.867321867441468	0.7276802940580035
AT3G04060		14	0.5971	0.786	0.677	0.5105122384307375	3.0971	-1.951	0.0646662997710865	0.867321867441468	0.20033873262415033
AT4G31060		14	0.5467	0.5	0.66	0.5207417385753079	1.5829	-0.942	0.3563921292881421	0.8800270772608884	0.5561478428153681
AT1G02250		14	-0.2857	0.571	-0.659	0.5217038158445351	3.0008	-4.318	0.00046481357488049364	0.8800270772608884	0.009742045276550504
AT5G52830		14	-1.0552	0.571	-0.649	0.5275073116290161	7.2551	-3.681	0.001344717652758882	0.8866612259296228	0.02056116669057129
AT4G00250		14	0.8259	0.571	0.644	0.5306517130876742	0.1021	0.432	0.6696324127515061	0.8887665029420206	0.8327493103888907
AT3G25990		14	0.1053	0.571	0.641	0.5325709006232677	-0.9018	2.442	0.030453233615109713	0.8887665029420206	0.12662133976808776
AT5G08520		14	0.9802	0.571	0.631	0.5389175628190611	-0.1635	0.59	0.5613592619489086	0.8887665029420206	0.7453341461170383
AT5G08750		14	0.1866	0.5	0.629	0.5402574685552131	0.3451	-0.319	0.7533730365397957	0.8887665029420206	0.8667447070870464
AT5G38800		14	-0.2055	0.429	-0.628	0.5408176324174223	-0.4852	0.548	0.590027612137034	0.8887665029420206	0.7750857973247457
AT1G74370		14	0.1921	0.571	0.626	0.542421974249877	-0.5415	1.831	0.08066770460842788	0.8887665029420206	0.22891491228872296
AT1G76870		14	0.1691	0.571	0.62	0.5461317734597373	-0.4076	1.536	0.1390488856785759	0.8887665029420206	0.31840179619152165
AT5G58620		14	0.1658	0.571	0.619	0.5466995304481034	0.145	0.071	0.9440131968972729	0.8887665029420206	0.9730541176676484
AT4G23550		14	-0.8582	0.571	-0.615	0.5489680419583882	8.0829	-4.595	0.0001488277693426172	0.8887665029420206	0.005278852692999174
AT3G45170		14	0.305	0.571	0.609	0.553052274910933	0.8538	-0.811	0.42595285592923593	0.8887665029420206	0.6329205445468897
AT1G60920		14	-0.1711	0.571	-0.606	0.554875145569248	-0.0139	-0.364	0.7200320842747939	0.8887665029420206	0.855201505913107
AT2G17950		14	-0.1308	0.5	-0.606	0.55520784492525	0.3608	-1.452	0.16247933313916718	0.8887665029420206	0.35166759775326595
AT5G13790		14	0.2187	0.429	0.603	0.5570036277033943	1.2543	-1.492	0.1558741255696362	0.8887665029420206	0.3409093897873472
AT4G32730	MYB3R1	14	-0.3231	0.5	-0.603	0.5571592182628189	-3.7724	3.505	0.002886565072159178	0.8887665029420206	0.031096178277351148
AT5G09410		14	0.7434	0.429	0.598	0.5601636594156915	5.8137	-3.025	0.006257623317290362	0.8887665029420206	0.052037078112204066
AT5G08330		14	0.239	0.571	0.596	0.5613669207356848	0.0332	0.24	0.813870686582983	0.8887665029420206	0.9022237221001296
AT5G17300		14	0.3023	0.357	0.595	0.5619021503879424	2.7586	-2.533	0.022516228990385145	0.8887665029420206	0.10326381028157126
AT5G10030		14	0.5918	0.714	0.592	0.5638883221548321	2.3119	-1.402	0.17508205079239353	0.8887665029420206	0.36662345469116275
AT1G24250		14	-0.2917	0.643	-0.591	0.5648132833387807	-0.4789	0.289	0.7752794372883954	0.8887665029420206	0.8816664448340902
AT1G29280		14	-1.0091	0.5	-0.589	0.5662605145326798	6.2012	-3.086	0.005444737471951969	0.8887665029420206	0.04779269558713395
AT2G02820		14	0.1811	0.643	0.583	0.5697785203993279	-1.4321	1.908	0.08090870741465561	0.8899695145589066	0.22891491228872296
AT3G11280		14	0.5073	0.571	0.582	0.5707821359196363	0.1694	0.321	0.7512971841332086	0.8899695145589066	0.8664595262266201
AT5G25475		14	0.099	0.571	0.568	0.5796804175276002	-0.0277	0.515	0.6119871577882764	0.898294878792177	0.7896525016453265
AT5G16600		14	-0.1764	0.5	-0.554	0.5889635738305936	-0.7913	1.106	0.28411478306186155	0.898294878792177	0.5043835474581363
AT3G20770		14	-0.2182	0.571	-0.553	0.5893808946795104	-3.2223	4.6	0.00021783669022261111	0.898294878792177	0.006073799480324569
AT1G30650		14	-0.8833	0.571	-0.552	0.5900642240527658	6.9067	-3.505	0.0020520670360666686	0.898294878792177	0.025607029212496288
AT1G04880		14	0.2571	0.643	0.55	0.591548624382604	-0.2911	0.732	0.47300999850404757	0.898294878792177	0.6794143614876319
AT3G01530		14	-0.2262	0.571	-0.548	0.5931102117761815	-0.3603	0.197	0.8458851894293962	0.898294878792177	0.9154099995194835
AT1G45249		14	-0.648	0.714	-0.547	0.5937838566307806	-0.3512	-0.223	0.8257941202601335	0.898294878792177	0.9060796597298688
AT3G18990		14	0.2403	0.643	0.545	0.5952101938416356	0.9344	-0.859	0.4029989614047741	0.898294878792177	0.6083487506556143
AT1G65910		14	0.4156	0.714	0.541	0.5976734730655952	3.4906	-2.754	0.011968483163944022	0.898294878792177	0.07086420535989814
AT3G03200		14	0.4866	0.714	0.54	0.5986541300682435	3.4673	-2.338	0.02922164190986939	0.898294878792177	0.12478430869619903
AT3G47500		14	0.3709	0.643	0.539	0.5988805338344008	-1.2543	1.892	0.07182436721860302	0.898294878792177	0.2112061173685165
AT3G45150		14	-0.1513	0.643	-0.535	0.6016289763994431	-0.8189	1.653	0.11309161927439353	0.898294878792177	0.279194935083659
AT1G34190		14	0.3088	0.5	0.53	0.6050546033907271	-0.0745	0.516	0.6112761919265709	0.898294878792177	0.7896525016453265
AT4G27900		14	-0.1956	0.643	-0.529	0.605794833010301	-1.0309	1.587	0.12743719544830331	0.898294878792177	0.30507692243684736
AT3G10030		14	0.2877	0.643	0.526	0.6075980435166934	1.5325	-1.516	0.14492606151461565	0.898294878792177	0.3255684983788048
AT1G27730		14	-0.3567	0.786	-0.523	0.609890555001231	-2.5719	2.876	0.009656765387697767	0.898294878792177	0.06340184914494174
AT5G04390		14	-0.3019	0.786	-0.521	0.6108970427410882	-1.8232	1.991	0.05909693286773471	0.898294878792177	0.1880951644966401
AT4G37790		14	-0.1499	0.571	-0.514	0.6158812204615915	-0.1272	-0.06	0.9523264282462519	0.898294878792177	0.9770621796292714
AT5G18270		14	0.4844	0.714	0.51	0.6185807756419508	2.8254	-1.907	0.06969363272429792	0.898294878792177	0.20938419755881751
AT1G25580	SOG1	14	-0.268	0.5	-0.51	0.618863213849345	8.3446	-4.752	0.000650889338958053	0.898294878792177	0.012006032756377245
AT5G26170		14	-0.6641	0.571	-0.506	0.621236571318778	8.4232	-4.707	0.00012621177590396796	0.898294878792177	0.005278852692999174
AT5G46590		14	0.2466	0.5	0.506	0.6212860295742306	1.653	-1.7	0.10672867645889546	0.898294878792177	0.27494404225613367
AT4G22070		14	-0.4806	0.5	-0.5	0.6253234851891925	6.4335	-4.776	0.00011353762646146335	0.898294878792177	0.005278852692999174
AT2G18160		14	-0.6706	0.714	-0.5	0.6254648985060769	-0.7284	0.033	0.9739082692551824	0.898294878792177	0.9863942727071718
AT1G06850		14	0.4804	0.429	0.5	0.6255838783432046	-0.028	0.361	0.7216890345258287	0.898294878792177	0.855201505913107
AT2G35530		14	-0.7145	0.714	-0.497	0.6273593780746896	-1.3339	0.351	0.7289802768450956	0.898294878792177	0.8583829933474235
AT4G31550		14	-0.4983	0.429	-0.49	0.6322036107629287	4.3611	-3.583	0.0016644681100150918	0.898294878792177	0.022541653832775815
AT2G17410		14	0.0619	0.571	0.49	0.6326418694305845	-0.0528	0.659	0.5169141616333159	0.898294878792177	0.7172328879371783
AT1G72740		14	0.3653	0.643	0.489	0.6327917896053233	-1.0845	1.063	0.3030727536394364	0.898294878792177	0.5104849346839945
AT4G17980		14	0.3705	0.643	0.487	0.634511803971902	2.4218	-1.896	0.0717453381514553	0.898294878792177	0.2112061173685165
AT1G32510		14	0.1755	0.571	0.486	0.6348708531548086	-0.5209	1.217	0.2385437291441466	0.898294878792177	0.4449912803773482
AT2G35700		14	0.3913	0.643	0.482	0.6379675967332967	1.4685	-0.93	0.3629969743966953	0.8984520390989671	0.5607755526548286
AT1G19000		14	0.6471	0.571	0.481	0.6387728632412487	0.0013	0.378	0.7088550885904388	0.8984520390989671	0.8484780605855252
AT1G73730		14	0.2722	0.571	0.472	0.6450150756882862	1.6561	-1.106	0.28766549190692187	0.9040982585047077	0.5068901232858029
AT5G24110		14	-0.6993	0.429	-0.469	0.6466019190571644	5.8328	-3.102	0.00533329441920609	0.9040982585047077	0.04779269558713395
AT1G22070		14	0.1485	0.571	0.455	0.6565286959790356	0.5741	-0.829	0.41702207847201567	0.9141804164242109	0.6235598271158846
AT3G09230		14	0.1558	0.643	0.453	0.6576698776385146	-0.7472	2.178	0.040855330788068335	0.9141804164242109	0.15129239682456555
AT4G01540		14	0.2336	0.643	0.433	0.672365299571472	1.3611	-1.392	0.1790854695570278	0.9294519725645085	0.3690717937827443
AT1G51700		14	0.2545	0.571	0.428	0.6753442769264448	-1.3474	2.094	0.04800749284108489	0.9294519725645085	0.1648953014976394
AT1G80840		14	0.1875	0.714	0.426	0.6771142991387209	3.4446	-4.966	7.093426572150025e-05	0.9294519725645085	0.005278852692999174
AT1G72360		14	0.144	0.714	0.425	0.677886862156285	-0.9147	1.497	0.1560703324553889	0.9294519725645085	0.3409093897873472
AT2G45410		14	0.1241	0.5	0.424	0.6784607225892826	-0.2677	0.907	0.37500782041174197	0.9294519725645085	0.5752547148063615
AT5G65210		14	0.3832	0.5	0.419	0.6819460650504993	2.3081	-1.759	0.09319557624577689	0.9315343943341114	0.2495745940141144
AT5G07100		14	-0.2889	0.5	-0.412	0.6867994156592769	5.0013	-5.234	3.4845209229913325e-05	0.9340358305926983	0.005278852692999174
AT5G13080		14	-0.6983	0.5	-0.411	0.6877183647190965	7.7516	-3.736	0.0011509698051319964	0.9340358305926983	0.019484274558305936
AT3G53200		14	-0.1587	0.571	-0.399	0.6963553117621063	0.7159	-1.32	0.20322930670091913	0.9427020968409348	0.40305728609303626
AT5G06839		14	0.3928	0.5	0.397	0.6980768691796795	2.6049	-1.895	0.07216380270277514	0.9427020968409348	0.2112061173685165
AT2G42590		14	-0.1119	0.571	-0.387	0.7052057005410546	-1.0115	1.924	0.06979473251960584	0.9450564927565572	0.20938419755881751
AT1G64620		14	0.304	0.571	0.381	0.7092684835012886	-0.6628	0.953	0.35106349843084195	0.9450564927565572	0.5546803275207303
AT1G68320		14	-0.1041	0.5	-0.377	0.7119586526512736	0.4867	-1.405	0.1755649225036028	0.9450564927565572	0.36662345469116275
AT5G50570		14	0.1743	0.714	0.376	0.7131480414237483	0.9967	-1.045	0.3103252870888592	0.9450564927565572	0.5179372749299974
AT3G02150		14	0.1552	0.571	0.374	0.7142814440660524	-0.3176	0.992	0.3330235577773121	0.9450564927565572	0.5424507435960342
AT3G45610		14	0.2821	0.571	0.372	0.7159884531474117	-0.8563	1.238	0.2290793985311826	0.9450564927565572	0.43783723751524417
AT3G42860		14	-0.404	0.5	-0.372	0.7162405003081787	5.9045	-3.826	0.0010580048587916816	0.9450564927565572	0.018573863076565077
AT2G46590		14	0.2863	0.643	0.369	0.7177177856180847	-0.3469	0.629	0.5357570895473311	0.9450564927565572	0.7276471646001003
AT4G01550		14	0.1573	0.429	0.368	0.7184467829799754	2.257	-2.72	0.014860201855844343	0.9450564927565572	0.08096247907666917
AT1G74480		14	0.1054	0.5	0.367	0.7197582149475046	0.2412	-0.259	0.7986923486658162	0.9450564927565572	0.894988589285099
AT2G24570		14	-0.2943	0.571	-0.364	0.7217950850667405	1.2859	-1.459	0.1586717999185824	0.9451129014409806	0.3450019869789361
AT3G01970		14	-0.4949	0.571	-0.355	0.7281200599620605	8.325	-4.546	0.00016705230041136627	0.9507683427603766	0.005278852692999174
AT3G21890		14	0.2463	0.643	0.348	0.7334567228188142	-0.7181	1.078	0.29284537134809574	0.9546772874099639	0.5082061837762647
AT5G64060		14	0.2564	0.714	0.346	0.7351417930477571	4.3487	-3.977	0.0006585587587886252	0.9546772874099639	0.012006032756377245
AT2G40260		14	-0.1179	0.429	-0.337	0.7413479123991702	0.2727	-0.669	0.5118440055592086	0.9569599786227627	0.7172328879371783
AT1G29860		14	-0.4317	0.5	-0.336	0.7420331593932674	8.3879	-4.769	0.00010408668772975832	0.9569599786227627	0.005278852692999174
AT3G47620		14	-0.083	0.571	-0.331	0.7456432179834913	-0.4389	0.837	0.41352201981829595	0.9569599786227627	0.6202830297274439
AT1G76880		14	-0.0796	0.643	-0.328	0.7479360190509191	-1.0338	2.831	0.009850488649141528	0.9569599786227627	0.06340184914494174
AT4G24470		14	-0.0912	0.5	-0.324	0.751043750391081	-0.5265	1.213	0.2379588750808176	0.9569599786227627	0.4449912803773482
AT5G22500		14	0.1392	0.5	0.324	0.7513949655467362	0.3687	-0.334	0.7420712354784159	0.9569599786227627	0.8664595262266201
AT2G30590		14	-0.2809	0.5	-0.321	0.7530362432373849	3.3739	-3.204	0.004089508467112047	0.9569599786227627	0.04124312794491724
AT2G28810		14	0.2615	0.5	0.317	0.7562611678213199	-1.1615	1.409	0.17315817522854504	0.9569599786227627	0.36662345469116275
AT1G34180		14	0.2468	0.643	0.316	0.7571670688102623	2.3659	-2.041	0.05346967450858972	0.9569599786227627	0.1784832796976868
AT3G62420		14	-0.4554	0.571	-0.308	0.7628383389934636	-0.1872	-0.141	0.8887738572791142	0.9569599786227627	0.9378437831709291
AT3G12130		14	0.1626	0.643	0.306	0.7645761233404096	0.1724	-0.015	0.988287440631098	0.9569599786227627	0.99247509927784
AT2G41835		14	0.0588	0.571	0.305	0.7648565018767259	0.006	0.154	0.8797848263195626	0.9569599786227627	0.9365043074094866
AT5G60850		14	0.2356	0.5	0.305	0.7649029522072146	-0.7918	1.042	0.3085664800806923	0.9569599786227627	0.5168215956121843
AT5G58850		14	-0.1138	0.5	-0.301	0.7680318278448308	-1.6256	1.711	0.1107683477877797	0.9569599786227627	0.27633787816530303
AT1G01060		14	0.1772	0.429	0.301	0.7684441294883019	3.1422	-2.592	0.020188534249925505	0.9569599786227627	0.1007301603627862
AT5G63260		14	0.22	0.5	0.299	0.7696847801408375	-0.9037	1.135	0.2686082422161257	0.9569599786227627	0.4804539879639381
AT5G61270		14	0.0806	0.429	0.294	0.7736332469844127	-0.2409	0.766	0.45293186141006825	0.9569599786227627	0.6665867103372174
AT5G49300		14	0.0869	0.571	0.293	0.7739166022570758	0.1618	-0.201	0.8424322585855054	0.9569599786227627	0.9137594749874818
AT5G04410		14	0.2737	0.643	0.289	0.7768663460093137	3.4728	-2.407	0.025201437300897706	0.9569599786227627	0.11269321962854258
AT1G20980		14	0.1605	0.643	0.286	0.7790357315150251	1.3026	-1.403	0.17536198859216304	0.9569599786227627	0.36662345469116275
AT3G60490		14	-0.2919	0.5	-0.285	0.7803887273887521	2.0205	-1.552	0.13574067535139714	0.9569599786227627	0.31663775064868355
AT5G53950		14	0.1962	0.643	0.283	0.7813154255844076	2.6065	-2.337	0.029789701013270442	0.9569599786227627	0.12560104083530768
AT4G01720		14	0.1223	0.786	0.269	0.7921100191457335	2.3428	-2.888	0.009898178980433941	0.9676807965852519	0.06340184914494174
AT2G28920		14	0.1327	0.429	0.261	0.7984606267316647	2.2267	-2.079	0.05517291438203514	0.9707633886417439	0.18122991334334027
AT5G02460		14	0.2237	0.643	0.26	0.798729370401435	-1.7766	1.924	0.06783610760679486	0.9707633886417439	0.20784504025140807
AT5G39610		14	0.2209	0.643	0.255	0.8024515236443248	3.2909	-2.156	0.04461190898706129	0.9710504104226274	0.15663784284823126
AT3G57920		14	0.106	0.571	0.255	0.8030627866786285	0.0761	0.047	0.9631664769548927	0.9710504104226274	0.9818084087669229
AT1G13400		14	0.0656	0.571	0.25	0.8064044376917741	-1.0613	3.001	0.006790380484641851	0.9726099324832084	0.05263971804144956
AT3G17730		14	0.2031	0.643	0.24	0.8142168979152069	3.0813	-2.342	0.029200032513167832	0.9765160885127535	0.12478430869619903
AT4G18770		14	-0.1021	0.571	-0.236	0.8174494105917556	-1.1229	1.201	0.24801337875943932	0.9765160885127535	0.45214746743067014
AT2G38470		14	-0.2753	0.5	-0.229	0.8221644430996824	8.5855	-4.926	7.900569823218669e-05	0.9765160885127535	0.005278852692999174
AT1G01250		14	0.1178	0.5	0.225	0.825210555099112	1.002	-1.081	0.29289395301145177	0.9765160885127535	0.5082061837762647
AT3G09600		14	0.1409	0.357	0.225	0.8255635107678101	3.5627	-2.587	0.021365431020932312	0.9765160885127535	0.10235449851439744
AT5G42820		14	0.0655	0.571	0.223	0.8270142121667454	-0.3224	0.737	0.4714000937955828	0.9765160885127535	0.6791600135535144
AT5G41570		14	-0.36	0.5	-0.223	0.827372968010923	6.7378	-3.245	0.0037382949201202453	0.9765160885127535	0.038520691133412964
AT4G30080		14	-0.0768	0.643	-0.222	0.8280074920561094	1.4598	-3.017	0.006651082931243005	0.9765160885127535	0.052543555156819736
AT1G32240		14	-0.0978	0.429	-0.22	0.8295215998472176	0.0522	-0.263	0.7950133758688196	0.9765160885127535	0.894988589285099
AT3G10500		14	0.1907	0.571	0.206	0.8400963940872783	3.1454	-2.323	0.029942864165379255	0.9765160885127535	0.12560104083530768
AT5G56930		14	0.0593	0.429	0.205	0.8405258622586229	-0.0938	0.327	0.7473568790681342	0.9765160885127535	0.8664595262266201
AT2G47070		14	0.112	0.571	0.204	0.8415438660975163	1.5786	-1.769	0.09212477459570519	0.9765160885127535	0.24952653233351008
AT2G46400		14	0.0796	0.5	0.201	0.8438379652940267	1.6062	-2.999	0.006616628915608272	0.9765160885127535	0.052543555156819736
AT3G49930		14	-0.0438	0.357	-0.201	0.8439817745675045	-0.6693	2.227	0.03650227953701785	0.9765160885127535	0.14066732114265418
AT3G10480		14	-0.1669	0.571	-0.197	0.846722194311812	1.8408	-1.666	0.11034448427740833	0.9765160885127535	0.27633787816530303
AT3G16280		14	-0.212	0.5	-0.194	0.8491412175374689	2.0406	-1.518	0.14336874357348509	0.9765160885127535	0.32515207872646856
AT1G54330		14	0.1665	0.643	0.193	0.8496641577848706	3.5821	-2.809	0.010430938901419096	0.9765160885127535	0.06592353385696868
AT5G11260		14	0.2189	0.5	0.193	0.8497588400900905	-0.4292	0.499	0.6230386904882861	0.9765160885127535	0.7938718798157194
AT3G10113		14	0.0967	0.357	0.193	0.8500477349404922	2.5282	-2.176	0.04778988032644128	0.9765160885127535	0.1648953014976394
AT3G27010		14	-0.0424	0.429	-0.189	0.852627965467726	-0.2027	0.327	0.7486243308109006	0.9765160885127535	0.8664595262266201
AT5G15830		14	-0.2733	0.5	-0.189	0.8531760260189951	-0.2302	-0.023	0.9817951928913248	0.9765160885127535	0.9909732261776532
AT2G45680		14	0.0467	0.5	0.186	0.8549666175797315	0.0868	-0.097	0.9239476556907282	0.9765160885127535	0.9604192736785201
AT1G62300		14	-0.2009	0.5	-0.183	0.8572855906856445	6.8191	-4.604	0.00014532575481394997	0.9768109855408545	0.005278852692999174
AT3G48160		14	-0.0615	0.571	-0.179	0.8609057625837633	-0.4406	0.406	0.6920050717029564	0.9785835286923352	0.8385712401337423
AT2G04038		14	-0.252	0.571	-0.174	0.8645257887216548	0.3035	-0.305	0.7632383582334441	0.9803474254881922	0.8746598391164486
AT5G62470		14	-0.0685	0.5	-0.166	0.8707618454460149	-0.4686	0.674	0.5076092277300618	0.9832569910300266	0.7142402608213965
AT3G15170		14	-0.1246	0.429	-0.163	0.8727693533629819	2.3174	-2.213	0.038135163277450645	0.9832569910300266	0.14562363453322416
AT1G69690		14	-0.0376	0.5	-0.159	0.8757527097712916	-0.5534	0.96	0.35401466519143987	0.9832569910300266	0.5556389115918626
AT1G19040		14	-0.0718	0.5	-0.158	0.8768641254708218	2.7931	-5.033	4.986161042265752e-05	0.9832569910300266	0.005278852692999174
AT2G38300		14	0.0419	0.5	0.157	0.8774635173116061	-0.5329	1.841	0.08014475248998786	0.9832569910300266	0.22891491228872296
AT2G38880		14	-0.0418	0.5	-0.154	0.8802659985447676	-0.7551	1.102	0.2905646397034906	0.9840709512033486	0.5082061837762647
AT4G38000		14	0.1042	0.571	0.147	0.8855656935575127	-0.3163	0.408	0.6871818819062518	0.9876662088147318	0.8369246015192557
AT5G67450		14	-0.0717	0.643	-0.142	0.8893600478138904	-2.6676	4.108	0.00047160027123537446	0.9883667964562859	0.009742045276550504
AT2G03340		14	-0.1271	0.5	-0.137	0.893269205633619	7.7702	-5.514	2.2713608305362856e-05	0.9883667964562859	0.005278852692999174
AT2G31460		14	-0.0258	0.571	-0.135	0.8948288506480928	-0.1645	0.511	0.6147923643270065	0.9883667964562859	0.789733281005423
AT3G23210		14	0.0887	0.5	0.134	0.8954062605410366	-0.2478	0.451	0.6569494912599485	0.9883667964562859	0.8236072760762152
AT3G10800		14	0.1506	0.5	0.132	0.8966196676713142	0.7565	-0.448	0.6585383072423746	0.9883667964562859	0.8236072760762152
AT3G56850		14	-0.1986	0.643	-0.127	0.9008749004974738	-0.5986	0.224	0.8253006449233125	0.9903845646210299	0.9060796597298688
AT5G02840		14	0.0783	0.286	0.125	0.9026289702875209	2.6357	-2.078	0.055067187027721655	0.9903845646210299	0.18122991334334027
AT1G32870		14	0.084	0.643	0.119	0.9071271857857401	3.913	-4.08	0.000497694777411927	0.992315355233261	0.009829471853885557
AT1G47655		14	0.0516	0.5	0.115	0.909841567385326	-0.2985	0.571	0.5736688352277728	0.992315355233261	0.7595503572568836
AT5G62940		14	-0.0723	0.429	-0.107	0.9164703586108852	-1.198	1.258	0.22153823944948423	0.992315355233261	0.42860867550634907
AT2G33550		14	0.0248	0.571	0.107	0.916776316839841	-1.2106	2.483	0.026300715108639097	0.992315355233261	0.11650970992051338
AT3G50410		14	-0.0575	0.5	-0.092	0.9278098211849545	-1.2173	1.374	0.1835316942043404	0.992315355233261	0.37176932928571516
AT2G21900		14	-0.0224	0.5	-0.091	0.9285513999556543	0.4154	-1.062	0.3025711292183884	0.992315355233261	0.5104849346839945
AT1G12630		14	0.0565	0.5	0.09	0.929339924033315	1.3146	-1.235	0.2322576874458751	0.992315355233261	0.44212909176443693
AT1G18330		14	0.0558	0.286	0.09	0.9296919619533959	3.3766	-3.064	0.006996418220698992	0.992315355233261	0.05263971804144956
AT2G40740		14	-0.1125	0.429	-0.088	0.930922651957014	7.4057	-4.13	0.0004727152771321974	0.992315355233261	0.009742045276550504
AT3G46590		14	0.0833	0.571	0.087	0.9320063461581081	-1.4998	0.746	0.46837157314003497	0.992315355233261	0.6768540416718798
AT5G52660		14	0.0581	0.357	0.086	0.9324408466443594	3.6783	-2.583	0.021385934384911823	0.992315355233261	0.10235449851439744
AT4G34590		14	0.0755	0.429	0.086	0.9325364616989242	0.5812	-0.485	0.6329289716345612	0.992315355233261	0.8043118835248847
AT2G46130		14	-0.0805	0.357	-0.082	0.9356156454702425	4.3559	-3.494	0.0020528841984701666	0.992315355233261	0.025607029212496288
AT5G59990		14	-0.0263	0.571	-0.078	0.9393405437934369	-0.2581	0.524	0.6057974226192677	0.992315355233261	0.7867067899220079
AT2G36270		14	-0.1184	0.643	-0.075	0.9412138726696841	-0.7086	0.329	0.7453548246758407	0.992315355233261	0.8664595262266201
AT1G32150		14	-0.1212	0.643	-0.073	0.9427898900386837	0.0722	-0.1	0.9214092870517867	0.992315355233261	0.9598857188187844
AT3G61150		14	-0.0361	0.571	-0.058	0.9549298999790888	-1.1264	1.143	0.26664094242548037	0.992315355233261	0.4787416920821125
AT5G40330		14	-0.0191	0.429	-0.057	0.9557052767760446	0.4855	-1.169	0.25493192718578317	0.992315355233261	0.4629798217856752
AT1G27360		14	0.0107	0.429	0.056	0.9559280931242236	0.7352	-1.312	0.21533328825342363	0.992315355233261	0.4217685067443091
AT3G18400		14	0.055	0.643	0.056	0.9563322544658548	3.7376	-2.442	0.02412065119083694	0.992315355233261	0.10888751109006391
AT3G52440		14	-0.0387	0.429	-0.055	0.9572612470293878	-1.055	1.068	0.29696043932511895	0.992315355233261	0.5082061837762647
AT3G49530		14	0.0275	0.429	0.052	0.9592321510863708	2.0924	-2.836	0.009720036066098022	0.992315355233261	0.06340184914494174
AT2G30250		14	-0.0618	0.357	-0.048	0.9623634557516834	8.8059	-4.615	0.00016271098690676057	0.992315355233261	0.005278852692999174
AT3G13350		14	0.012	0.357	0.046	0.96410790299022	0.2481	-0.4	0.6952710915032927	0.992315355233261	0.8385712401337423
AT3G22780		14	-0.0157	0.429	-0.045	0.9645129101192542	0.8405	-2.156	0.04369742997279866	0.992315355233261	0.1557336977977937
AT1G77200		14	-0.042	0.5	-0.045	0.9650377706485327	2.9358	-1.987	0.06159058613612941	0.992315355233261	0.1923905771936747
AT1G75080		14	-0.0112	0.571	-0.042	0.9671340082571767	-0.4676	1.267	0.21853398376283673	0.992315355233261	0.42452913239174017
AT4G01280		14	0.0225	0.5	0.039	0.969646325487358	3.9923	-3.198	0.006468287347327782	0.992315355233261	0.052543555156819736
AT2G01940		14	0.0095	0.5	0.037	0.9711977190698655	0.0881	-0.153	0.8803750605211805	0.992315355233261	0.9365043074094866
AT4G32800		14	-0.0308	0.5	-0.035	0.9724888839275152	2.4714	-2.106	0.04691404985991764	0.992315355233261	0.1635092620117718
AT4G26640		14	0.0371	0.643	0.034	0.9731526762651361	7.2035	-4.951	5.999341277404306e-05	0.992315355233261	0.005278852692999174
AT2G44940		14	-0.0279	0.5	-0.032	0.9750787956223699	1.8442	-1.484	0.15264453060030317	0.992315355233261	0.33810050235768085
AT4G18170		14	0.0351	0.5	0.028	0.9778286794679971	8.8079	-4.833	9.300111611876011e-05	0.992315355233261	0.005278852692999174
AT4G31800		14	0.03	0.571	0.027	0.97910536880126	7.0701	-4.789	8.793602507667001e-05	0.992315355233261	0.005278852692999174
AT1G13260		14	-0.0068	0.5	-0.026	0.9795443470183245	-0.7709	1.6	0.12894109573436977	0.992315355233261	0.3057560060145945
AT5G66940		14	-0.0203	0.5	-0.026	0.9797544013695488	-1.6692	1.702	0.10312547317343006	0.992315355233261	0.2700633938353914
AT1G63040		14	0.0051	0.643	0.021	0.9836912034241976	-0.218	0.62	0.5419222443090195	0.9941783164670995	0.7276802940580035
AT1G69570		14	0.0126	0.5	0.015	0.9878966939479954	-1.3228	1.287	0.21161478492975083	0.9958953002320525	0.4179392002362579
AT4G00730		14	-0.0063	0.5	-0.011	0.9915034297159873	-0.8381	0.929	0.36438580214701943	0.9958953002320525	0.5607755526548286
AT1G76110		14	-0.0048	0.357	-0.011	0.9916932103576557	0.1756	-0.278	0.784057852263017	0.9958953002320525	0.8867753235805242
AT3G10580		14	-0.004	0.571	-0.006	0.9955432491592606	-0.531	0.553	0.5861671799952609	0.997647991757906	0.7739366109129628
AT4G12670		12	-0.0006	0.333	-0.001	0.9990505777381524	-0.4669	0.508	0.6204474083204333	0.9990505777381524	0.7928065365913036
