TF	Gene	Input
AT1G25580	AT1G01010	0.4788
AT1G25580	AT1G01060	0.103
AT1G25580	AT1G01170	0.3519
AT1G25580	AT1G01180	0.3514
AT1G25580	AT1G01220	0.3188
AT1G25580	AT1G01390	0.5352
AT1G25580	AT1G01400	0.3345
AT1G25580	AT1G01453	0.2501
AT1G25580	AT1G01730	0.7667
AT1G25580	AT1G02190	0.2688
AT1G25580	AT1G02430	0.2333
AT1G25580	AT1G02440	0.2327
AT1G25580	AT1G02650	0.096
AT1G25580	AT1G02670	0.7103
AT1G25580	AT1G02720	0.2955
AT1G25580	AT1G02965	0.8086
AT1G25580	AT1G02970	0.8092
AT1G25580	AT1G03380	0.3863
AT1G25580	AT1G03410	0.2798
AT1G25580	AT1G03430	0.2804
AT1G25580	AT1G03440	0.7004
AT1G25580	AT1G03520	0.0239
AT1G25580	AT1G03940	0.4439
AT1G25580	AT1G04023	0.3182
AT1G25580	AT1G04047	0.7661
AT1G25580	AT1G04077	0.2007
AT1G25580	AT1G04087	0.5718
AT1G25580	AT1G04240	0.555
AT1G25580	AT1G04520	0.2048
AT1G25580	AT1G04667	0.2682
AT1G25580	AT1G04887	0.3502
AT1G25580	AT1G04950	0.139
AT1G25580	AT1G05020	0.2426
AT1G25580	AT1G05090	0.8889
AT1G25580	AT1G05163	0.5556
AT1G25580	AT1G05240	0.9977
AT1G25580	AT1G05250	0.9011
AT1G25580	AT1G05303	0.7987
AT1G25580	AT1G05373	0.7161
AT1G25580	AT1G05490	0.6795
AT1G25580	AT1G05610	0.2949
AT1G25580	AT1G05630	0.1105
AT1G25580	AT1G05710	0.3072
AT1G25580	AT1G05820	0.1309
AT1G25580	AT1G05880	0.0553
AT1G25580	AT1G06003	0.2251
AT1G25580	AT1G06043	0.0634
AT1G25580	AT1G06070	0.6364
AT1G25580	AT1G06097	0.3659
AT1G25580	AT1G06103	0.9988
AT1G25580	AT1G06283	0.7539
AT1G25580	AT1G06310	0.2868
AT1G25580	AT1G06340	0.1483
AT1G25580	AT1G06593	0.4142
AT1G25580	AT1G06623	0.7824
AT1G25580	AT1G06647	0.8947
AT1G25580	AT1G06680	0.7499
AT1G25580	AT1G06713	0.242
AT1G25580	AT1G06733	0.0797
AT1G25580	AT1G06973	0.3322
AT1G25580	AT1G07017	0.3903
AT1G25580	AT1G07117	0.6294
AT1G25580	AT1G07240	0.5876
AT1G25580	AT1G07327	0.2565
AT1G25580	AT1G07347	0.2967
AT1G25580	AT1G07440	0.121
AT1G25580	AT1G07480	0.9319
AT1G25580	AT1G07500	0.8278
AT1G25580	AT1G07570	0.4631
AT1G25580	AT1G07700	0.2088
AT1G25580	AT1G07728	0.249
AT1G25580	AT1G07770	0.6556
AT1G25580	AT1G07823	0.1088
AT1G25580	AT1G07877	0.4572
AT1G25580	AT1G08077	0.0366
AT1G25580	AT1G08147	0.9232
AT1G25580	AT1G08150	0.5841
AT1G25580	AT1G08193	0.356
AT1G25580	AT1G08250	0.7877
AT1G25580	AT1G08260	0.2373
AT1G25580	AT1G08273	0.5922
AT1G25580	AT1G08333	0.3601
AT1G25580	AT1G08537	1
AT1G25580	AT1G08543	0.7376
AT1G25580	AT1G08557	0.3723
AT1G25580	AT1G08910	0.2269
AT1G25580	AT1G09007	0.4095
AT1G25580	AT1G09176	0.808
AT1G25580	AT1G09180	0.8074
AT1G25580	AT1G09220	0.1414
AT1G25580	AT1G09553	0.267
AT1G25580	AT1G09690	0.9855
AT1G25580	AT1G09750	0.3752
AT1G25580	AT1G09812	0.6271
AT1G25580	AT1G09815	0.8674
AT1G25580	AT1G09823	0.4543
AT1G25580	AT1G09870	0.5311
AT1G25580	AT1G09923	0.4677
AT1G25580	AT1G09987	0.7109
AT1G25580	AT1G10040	0.0646
AT1G25580	AT1G10360	0.452
AT1G25580	AT1G10670	0.1542
AT1G25580	AT1G10715	0.075
AT1G25580	AT1G10717	0.0745
AT1G25580	AT1G10875	0.3991
AT1G25580	AT1G10880	0.3985
AT1G25580	AT1G11430	0.6283
AT1G25580	AT1G11450	0.0913
AT1G25580	AT1G11670	0.6027
AT1G25580	AT1G12020	0.7859
AT1G25580	AT1G12090	0.8389
AT1G25580	AT1G12650	0.1489
AT1G25580	AT1G13330	0.6911
AT1G25580	AT1G13350	0.5893
AT1G25580	AT1G13370	0.548
AT1G25580	AT1G13650	0.5462
AT1G25580	AT1G14290	0.4642
AT1G25580	AT1G14530	0.1507
AT1G25580	AT1G14720	0.5224
AT1G25580	AT1G14740	0.3729
AT1G25580	AT1G14800	0.4776
AT1G25580	AT1G15000	0.4875
AT1G25580	AT1G15190	0.1408
AT1G25580	AT1G15580	0.6329
AT1G25580	AT1G15590	0.6335
AT1G25580	AT1G16635	0.2478
AT1G25580	AT1G16640	0.2484
AT1G25580	AT1G16945	0.0576
AT1G25580	AT1G17270	0.5602
AT1G25580	AT1G17290	0.438
AT1G25580	AT1G17345	0.0134
AT1G25580	AT1G17350	0.0128
AT1G25580	AT1G17360	0.7981
AT1G25580	AT1G17460	0.6923
AT1G25580	AT1G17640	0.1617
AT1G25580	AT1G17960	0.1251
AT1G25580	AT1G17970	0.1245
AT1G25580	AT1G18030	0.7254
AT1G25580	AT1G18070	0.7155
AT1G25580	AT1G18460	0.5433
AT1G25580	AT1G18835	0.4712
AT1G25580	AT1G19290	0.1646
AT1G25580	AT1G19565	0.6091
AT1G25580	AT1G19850	0.1181
AT1G25580	AT1G20170	0.1995
AT1G25580	AT1G20180	0.199
AT1G25580	AT1G20590	0.196
AT1G25580	AT1G20750	0.7219
AT1G25580	AT1G20760	0.4625
AT1G25580	AT1G21110	0.7749
AT1G25580	AT1G21250	0.2507
AT1G25580	AT1G21270	0.6213
AT1G25580	AT1G21460	0.1867
AT1G25580	AT1G21470	0.3339
AT1G25580	AT1G21540	0.1565
AT1G25580	AT1G22400	0.2612
AT1G25580	AT1G23000	0.6789
AT1G25580	AT1G23080	0.4252
AT1G25580	AT1G23580	0.338
AT1G25580	AT1G23710	0.7766
AT1G25580	AT1G24210	0.2304
AT1G25580	AT1G24610	0.637
AT1G25580	AT1G25370	0.4881
AT1G25580	AT1G25400	0.5137
AT1G25580	AT1G25480	0.0948
AT1G25580	AT1G25550	0.1018
AT1G25580	AT1G25560	0.605
AT1G25580	AT1G26500	0.2245
AT1G25580	AT1G26761	0.313
AT1G25580	AT1G26770	0.388
AT1G25580	AT1G26790	0.1658
AT1G25580	AT1G26830	0.0902
AT1G25580	AT1G27090	0.6888
AT1G25580	AT1G27565	0.1047
AT1G25580	AT1G27570	0.1041
AT1G25580	AT1G27580	0.9983
AT1G25580	AT1G27880	0.0919
AT1G25580	AT1G27890	0.7324
AT1G25580	AT1G28420	0.6114
AT1G25580	AT1G29230	0.6225
AT1G25580	AT1G29260	0.8406
AT1G25580	AT1G29640	0.6958
AT1G25580	AT1G29770	0.3374
AT1G25580	AT1G29830	0.2379
AT1G25580	AT1G30100	0.6766
AT1G25580	AT1G30160	0.1693
AT1G25580	AT1G30475	0.5643
AT1G25580	AT1G30480	0.5637
AT1G25580	AT1G30600	0.7772
AT1G25580	AT1G30757	0.6748
AT1G25580	AT1G31163	0.1571
AT1G25580	AT1G31260	0.2944
AT1G25580	AT1G31280	0.7725
AT1G25580	AT1G31485	0.6818
AT1G25580	AT1G31940	0.5381
AT1G25580	AT1G32225	0.9442
AT1G25580	AT1G32570	0.4392
AT1G25580	AT1G32575	0.4148
AT1G25580	AT1G33120	0.9756
AT1G25580	AT1G33140	0.8953
AT1G25580	AT1G33615	0.1914
AT1G25580	AT1G34047	0.3921
AT1G25580	AT1G34049	0.3915
AT1G25580	AT1G35180	0.5689
AT1G25580	AT1G35430	0.5951
AT1G25580	AT1G36005	0.381
AT1G25580	AT1G36078	0.8709
AT1G25580	AT1G36085	0.7621
AT1G25580	AT1G36580	0.8656
AT1G25580	AT1G36623	0.7016
AT1G25580	AT1G36745	0.6963
AT1G25580	AT1G36756	0.5009
AT1G25580	AT1G38131	0.164
AT1G25580	AT1G39060	0.587
AT1G25580	AT1G39070	0.925
AT1G25580	AT1G40087	0.3397
AT1G25580	AT1G42080	0.6771
AT1G25580	AT1G42615	0.3048
AT1G25580	AT1G42680	0.7033
AT1G25580	AT1G43080	0.5858
AT1G25580	AT1G43090	0.9884
AT1G25580	AT1G43100	0.8424
AT1G25580	AT1G43825	0.3112
AT1G25580	AT1G44080	0.0733
AT1G25580	AT1G44110	0.6824
AT1G25580	AT1G44160	0.5509
AT1G25580	AT1G44191	0.1757
AT1G25580	AT1G44414	0.3211
AT1G25580	AT1G44740	0.071
AT1G25580	AT1G45221	0.9058
AT1G25580	AT1G46408	0.1635
AT1G25580	AT1G47530	0.3839
AT1G25580	AT1G47657	0.2978
AT1G25580	AT1G47660	0.5678
AT1G25580	AT1G47690	0.9471
AT1G25580	AT1G47695	0.9744
AT1G25580	AT1G47700	0.975
AT1G25580	AT1G48200	0.1879
AT1G25580	AT1G48240	0.6533
AT1G25580	AT1G48650	0.4968
AT1G25580	AT1G48700	0.9203
AT1G25580	AT1G48720	0.836
AT1G25580	AT1G49050	0.4276
AT1G25580	AT1G49210	0.0622
AT1G25580	AT1G49650	0.5759
AT1G25580	AT1G49660	0.5753
AT1G25580	AT1G49670	0.7487
AT1G25580	AT1G49680	0.7481
AT1G25580	AT1G49730	0.018
AT1G25580	AT1G49980	0.8202
AT1G25580	AT1G50020	0.1355
AT1G25580	AT1G50530	0.6475
AT1G25580	AT1G50570	0.224
AT1G25580	AT1G50600	0.1152
AT1G25580	AT1G50980	0.2397
AT1G25580	AT1G51030	0.3328
AT1G25580	AT1G51130	0.7976
AT1G25580	AT1G51172	0.5992
AT1G25580	AT1G51470	0.3589
AT1G25580	AT1G52000	0.8557
AT1G25580	AT1G52320	0.025
AT1G25580	AT1G52347	0.4229
AT1G25580	AT1G52580	0.1094
AT1G25580	AT1G52905	0.6946
AT1G25580	AT1G52990	0.5561
AT1G25580	AT1G53090	0.2205
AT1G25580	AT1G53290	0.082
AT1G25580	AT1G53410	0.4567
AT1G25580	AT1G53860	0.8208
AT1G25580	AT1G53910	0.9785
AT1G25580	AT1G55475	0.2123
AT1G25580	AT1G55710	0.5515
AT1G25580	AT1G56000	0.1396
AT1G25580	AT1G56510	0.8534
AT1G25580	AT1G56520	0.3549
AT1G25580	AT1G56730	0.9238
AT1G25580	AT1G56960	0.9511
AT1G25580	AT1G56970	0.9517
AT1G25580	AT1G56990	0.8726
AT1G25580	AT1G57000	0.8732
AT1G25580	AT1G57010	0.9686
AT1G25580	AT1G57020	0.9692
AT1G25580	AT1G57030	0.9599
AT1G25580	AT1G57040	0.9593
AT1G25580	AT1G57050	0.8453
AT1G25580	AT1G57080	0.9052
AT1G25580	AT1G57090	0.9046
AT1G25580	AT1G57130	0.8831
AT1G25580	AT1G57140	0.8825
AT1G25580	AT1G57390	0.5439
AT1G25580	AT1G57400	0.744
AT1G25580	AT1G57410	0.7435
AT1G25580	AT1G57430	0.9098
AT1G25580	AT1G57440	0.9087
AT1G25580	AT1G57650	0.5416
AT1G25580	AT1G58037	0.3566
AT1G25580	AT1G58100	0.3927
AT1G25580	AT1G58160	0.7423
AT1G25580	AT1G58200	0.1146
AT1G25580	AT1G58248	0.0052
AT1G25580	AT1G58470	0.0401
AT1G25580	AT1G58590	0.078
AT1G25580	AT1G58643	0.993
AT1G25580	AT1G58848	0.804
AT1G25580	AT1G59453	0.9558
AT1G25580	AT1G59660	0.63
AT1G25580	AT1G59722	0.2746
AT1G25580	AT1G59850	0.5916
AT1G25580	AT1G59885	0.1332
AT1G25580	AT1G59890	0.1326
AT1G25580	AT1G59920	0.8621
AT1G25580	AT1G60550	0.2792
AT1G25580	AT1G60710	0.8959
AT1G25580	AT1G60910	0.833
AT1G25580	AT1G61095	0.7597
AT1G25580	AT1G61210	0.0652
AT1G25580	AT1G61260	0.7958
AT1G25580	AT1G61430	0.3293
AT1G25580	AT1G61640	0.2193
AT1G25580	AT1G62120	0.6358
AT1G25580	AT1G62422	0.5771
AT1G25580	AT1G62600	0.7382
AT1G25580	AT1G62630	0.6515
AT1G25580	AT1G62720	0.3717
AT1G25580	AT1G62730	0.1449
AT1G25580	AT1G62800	0.228
AT1G25580	AT1G63070	0.911
AT1G25580	AT1G63140	0.8429
AT1G25580	AT1G63150	0.8435
AT1G25580	AT1G63310	0.5672
AT1G25580	AT1G63360	0.5323
AT1G25580	AT1G63380	0.7452
AT1G25580	AT1G63615	0.5398
AT1G25580	AT1G63630	0.5393
AT1G25580	AT1G63940	0.1984
AT1G25580	AT1G64330	0.2211
AT1G25580	AT1G64440	0.3141
AT1G25580	AT1G64550	0.4747
AT1G25580	AT1G64618	0.4055
AT1G25580	AT1G64620	0.7144
AT1G25580	AT1G64720	0.1896
AT1G25580	AT1G64930	0.3124
AT1G25580	AT1G64940	0.5404
AT1G25580	AT1G64990	0.3421
AT1G25580	AT1G65240	0.0157
AT1G25580	AT1G65346	0.9634
AT1G25580	AT1G65420	0.8807
AT1G25580	AT1G65425	0.8802
AT1G25580	AT1G65484	0.3258
AT1G25580	AT1G65710	0.5096
AT1G25580	AT1G65880	0.2106
AT1G25580	AT1G65985	0.2054
AT1G25580	AT1G66040	0.0332
AT1G25580	AT1G66180	0.7533
AT1G25580	AT1G66280	0.6236
AT1G25580	AT1G66420	0.2216
AT1G25580	AT1G66430	0.6579
AT1G25580	AT1G66660	0.8156
AT1G25580	AT1G66750	0.441
AT1G25580	AT1G66780	0.1716
AT1G25580	AT1G66810	0.6725
AT1G25580	AT1G66890	0.0628
AT1G25580	AT1G67020	0.3042
AT1G25580	AT1G67100	0.1193
AT1G25580	AT1G67190	0.4014
AT1G25580	AT1G67400	0.1361
AT1G25580	AT1G67856	0.6067
AT1G25580	AT1G67900	0.1763
AT1G25580	AT1G68000	0.4351
AT1G25580	AT1G68200	0.7818
AT1G25580	AT1G68420	0.2775
AT1G25580	AT1G68690	0.4101
AT1G25580	AT1G68700	0.6835
AT1G25580	AT1G68790	0.3008
AT1G25580	AT1G69420	0.6009
AT1G25580	AT1G70090	0.4793
AT1G25580	AT1G70250	0.3479
AT1G25580	AT1G70440	0.3758
AT1G25580	AT1G70540	0.402
AT1G25580	AT1G71090	0.3735
AT1G25580	AT1G71280	0.7184
AT1G25580	AT1G71370	0.4078
AT1G25580	AT1G71470	0.4066
AT1G25580	AT1G71480	0.4072
AT1G25580	AT1G71900	0.6428
AT1G25580	AT1G72010	0.7074
AT1G25580	AT1G72350	0.32
AT1G25580	AT1G72460	0.178
AT1G25580	AT1G72780	0.7516
AT1G25580	AT1G72790	0.8057
AT1G25580	AT1G73240	0.1809
AT1G25580	AT1G74410	0.0291
AT1G25580	AT1G74940	0.2199
AT1G25580	AT1G75060	0.2094
AT1G25580	AT1G75100	0.1006
AT1G25580	AT1G75700	0.7126
AT1G25580	AT1G75850	0.1798
AT1G25580	AT1G76040	0.2461
AT1G25580	AT1G76110	0.2699
AT1G25580	AT1G76180	0.815
AT1G25580	AT1G76490	0.5079
AT1G25580	AT1G76780	0.4218
AT1G25580	AT1G76810	0.413
AT1G25580	AT1G76890	0.0605
AT1G25580	AT1G76892	0.0599
AT1G25580	AT1G77170	0.0529
AT1G25580	AT1G77370	0.1588
AT1G25580	AT1G77460	0.7097
AT1G25580	AT1G77490	0.3351
AT1G25580	AT1G78150	0.8138
AT1G25580	AT1G78590	0.2827
AT1G25580	AT1G78620	0.5497
AT1G25580	AT1G78690	0.4474
AT1G25580	AT1G78840	0.5724
AT1G25580	AT1G78880	0.0076
AT1G25580	AT1G79620	0.719
AT1G25580	AT1G79820	0.4683
AT1G25580	AT1G80770	0.2414
AT1G25580	AT1G80820	0.3997
AT1G25580	AT1G80850	0.7115
AT1G25580	AT1G80970	0.1204
AT1G25580	AT2G01010	0.918
AT1G25580	AT2G01020	0.9581
AT1G25580	AT2G01021	0.623
AT1G25580	AT2G01035	0.9284
AT1G25580	AT2G01045	0.9186
AT1G25580	AT2G01080	0.6131
AT1G25580	AT2G01650	0.185
AT1G25580	AT2G01930	0.3083
AT1G25580	AT2G02490	0.5846
AT1G25580	AT2G02493	0.5852
AT1G25580	AT2G02520	0.2897
AT1G25580	AT2G02525	0.2903
AT1G25580	AT2G02610	0.8197
AT1G25580	AT2G02640	0.7673
AT1G25580	AT2G03240	0.0198
AT1G25580	AT2G03260	0.2286
AT1G25580	AT2G03520	0.4695
AT1G25580	AT2G03870	0.8069
AT1G25580	AT2G03925	0.3118
AT1G25580	AT2G04041	0.7446
AT1G25580	AT2G04895	0.5119
AT1G25580	AT2G05045	0.8895
AT1G25580	AT2G05050	0.3624
AT1G25580	AT2G05060	0.3473
AT1G25580	AT2G05185	0.7946
AT1G25580	AT2G05245	0.8935
AT1G25580	AT2G05255	0.8912
AT1G25580	AT2G05315	0.986
AT1G25580	AT2G05355	0.9168
AT1G25580	AT2G05365	0.9162
AT1G25580	AT2G05380	0.5881
AT1G25580	AT2G05455	0.4334
AT1G25580	AT2G05465	0.6382
AT1G25580	AT2G05485	0.6376
AT1G25580	AT2G05540	0.6434
AT1G25580	AT2G05555	0.37
AT1G25580	AT2G05565	0.6539
AT1G25580	AT2G05605	0.274
AT1G25580	AT2G05840	0.4985
AT1G25580	AT2G05970	0.498
AT1G25580	AT2G06065	0.7813
AT1G25580	AT2G06355	0.5108
AT1G25580	AT2G06510	0.6277
AT1G25580	AT2G06906	0.5486
AT1G25580	AT2G07275	0.6044
AT1G25580	AT2G07599	0.9436
AT1G25580	AT2G07613	0.9535
AT1G25580	AT2G07623	0.8761
AT1G25580	AT2G07625	0.9523
AT1G25580	AT2G07626	0.8755
AT1G25580	AT2G07627	0.961
AT1G25580	AT2G07631	0.8941
AT1G25580	AT2G07633	0.783
AT1G25580	AT2G07634	0.8773
AT1G25580	AT2G07637	0.9628
AT1G25580	AT2G07640	0.4031
AT1G25580	AT2G07641	0.9919
AT1G25580	AT2G07642	0.8104
AT1G25580	AT2G07643	0.9506
AT1G25580	AT2G07644	0.4549
AT1G25580	AT2G07646	0.9139
AT1G25580	AT2G07648	0.7371
AT1G25580	AT2G07652	0.9337
AT1G25580	AT2G07655	0.9017
AT1G25580	AT2G07656	0.8505
AT1G25580	AT2G07661	0.9145
AT1G25580	AT2G07662	0.8615
AT1G25580	AT2G07665	0.4241
AT1G25580	AT2G07667	0.8045
AT1G25580	AT2G07671	0.8784
AT1G25580	AT2G07672	0.9622
AT1G25580	AT2G07673	0.9639
AT1G25580	AT2G07675	0.9587
AT1G25580	AT2G07676	0.9953
AT1G25580	AT2G07684	0.954
AT1G25580	AT2G07689	0.644
AT1G25580	AT2G07691	0.8767
AT1G25580	AT2G07692	0.9395
AT1G25580	AT2G07698	0.968
AT1G25580	AT2G07705	0.8738
AT1G25580	AT2G07706	0.9029
AT1G25580	AT2G07713	0.9773
AT1G25580	AT2G07714	0.9767
AT1G25580	AT2G07715	0.9668
AT1G25580	AT2G07718	0.5201
AT1G25580	AT2G07724	0.886
AT1G25580	AT2G07727	0.9453
AT1G25580	AT2G07728	0.9174
AT1G25580	AT2G07732	0.9802
AT1G25580	AT2G07739	0.9308
AT1G25580	AT2G07743	0.9023
AT1G25580	AT2G07751	0.9092
AT1G25580	AT2G07752	0.9663
AT1G25580	AT2G07755	0.7836
AT1G25580	AT2G07756	0.9069
AT1G25580	AT2G07757	0.8662
AT1G25580	AT2G07758	0.9296
AT1G25580	AT2G07759	0.9418
AT1G25580	AT2G07761	0.9424
AT1G25580	AT2G07763	0.9302
AT1G25580	AT2G07764	0.95
AT1G25580	AT2G07765	0.9494
AT1G25580	AT2G07768	0.9936
AT1G25580	AT2G07772	0.9657
AT1G25580	AT2G07773	0.9244
AT1G25580	AT2G07775	0.9122
AT1G25580	AT2G07776	0.9005
AT1G25580	AT2G07777	0.9959
AT1G25580	AT2G07779	0.9965
AT1G25580	AT2G07785	0.8871
AT1G25580	AT2G07787	0.9709
AT1G25580	AT2G07792	0.904
AT1G25580	AT2G07795	0.6195
AT1G25580	AT2G07798	0.9564
AT1G25580	AT2G07800	0.4433
AT1G25580	AT2G07815	0.8854
AT1G25580	AT2G07827	0.8906
AT1G25580	AT2G07830	0.8901
AT1G25580	AT2G07835	0.9872
AT1G25580	AT2G07975	0.0093
AT1G25580	AT2G08015	0.7068
AT1G25580	AT2G08070	0.1623
AT1G25580	AT2G08130	0.5247
AT1G25580	AT2G08490	0.4043
AT1G25580	AT2G08705	0.7912
AT1G25580	AT2G08860	0.0535
AT1G25580	AT2G08895	0.4049
AT1G25580	AT2G09285	0.7231
AT1G25580	AT2G09388	0.5666
AT1G25580	AT2G09610	0.8714
AT1G25580	AT2G09740	0.6405
AT1G25580	AT2G09745	0.9721
AT1G25580	AT2G09770	0.6934
AT1G25580	AT2G09840	0.9116
AT1G25580	AT2G09975	0.0314
AT1G25580	AT2G11890	0.2065
AT1G25580	AT2G12905	0.6812
AT1G25580	AT2G13105	0.3938
AT1G25580	AT2G13440	0.5573
AT1G25580	AT2G13450	0.5579
AT1G25580	AT2G13547	0.1198
AT1G25580	AT2G13610	0.3467
AT1G25580	AT2G13760	0.7807
AT1G25580	AT2G13810	0.1134
AT1G25580	AT2G13950	0.6155
AT1G25580	AT2G14120	0.3851
AT1G25580	AT2G14247	0.1472
AT1G25580	AT2G15050	0.6056
AT1G25580	AT2G15090	0.1978
AT1G25580	AT2G15460	0.3054
AT1G25580	AT2G17160	0.3944
AT1G25580	AT2G17430	0.1262
AT1G25580	AT2G17780	0.4869
AT1G25580	AT2G18000	0.772
AT1G25580	AT2G18193	0.8354
AT1G25580	AT2G18500	0.5375
AT1G25580	AT2G18600	0.6672
AT1G25580	AT2G18660	0.1943
AT1G25580	AT2G18790	0.7679
AT1G25580	AT2G19180	0.0663
AT1G25580	AT2G20000	0.5288
AT1G25580	AT2G20208	0.345
AT1G25580	AT2G20260	0.2437
AT1G25580	AT2G20320	0.6655
AT1G25580	AT2G20670	0.5346
AT1G25580	AT2G20860	0.4061
AT1G25580	AT2G21060	0.4258
AT1G25580	AT2G21160	0.5015
AT1G25580	AT2G21170	0.089
AT1G25580	AT2G21180	0.0896
AT1G25580	AT2G21740	0.8325
AT1G25580	AT2G21790	0.8255
AT1G25580	AT2G21910	0.7464
AT1G25580	AT2G22070	0.2984
AT1G25580	AT2G22360	0.153
AT1G25580	AT2G23240	0.4718
AT1G25580	AT2G24250	0.1885
AT1G25580	AT2G24550	0.5905
AT1G25580	AT2G25280	0.4526
AT1G25580	AT2G25730	0.0012
AT1G25580	AT2G26120	0.0244
AT1G25580	AT2G26380	0.3095
AT1G25580	AT2G26560	0.7528
AT1G25580	AT2G26750	0.3694
AT1G25580	AT2G27230	0.1129
AT1G25580	AT2G27350	0.7853
AT1G25580	AT2G27430	0.459
AT1G25580	AT2G27720	0.299
AT1G25580	AT2G27775	0.3077
AT1G25580	AT2G27900	0.4666
AT1G25580	AT2G28180	0.281
AT1G25580	AT2G28225	0.0471
AT1G25580	AT2G28720	0.2449
AT1G25580	AT2G29590	0.2222
AT1G25580	AT2G29820	0.8563
AT1G25580	AT2G30160	0.1239
AT1G25580	AT2G30250	0.7778
AT1G25580	AT2G30360	0.8063
AT1G25580	AT2G31320	0.8168
AT1G25580	AT2G31560	0.4974
AT1G25580	AT2G31870	0.8266
AT1G25580	AT2G31900	0.4037
AT1G25580	AT2G31920	0.0785
AT1G25580	AT2G32030	0.776
AT1G25580	AT2G32179	0.4811
AT1G25580	AT2G32180	0.4805
AT1G25580	AT2G32390	0.5026
AT1G25580	AT2G32645	0.0564
AT1G25580	AT2G33160	0.434
AT1G25580	AT2G33570	0.4154
AT1G25580	AT2G33840	0.2298
AT1G25580	AT2G33920	0.317
AT1G25580	AT2G33930	0.3176
AT1G25580	AT2G33960	0.1728
AT1G25580	AT2G33970	0.1734
AT1G25580	AT2G34238	0.4636
AT1G25580	AT2G34920	0.7917
AT1G25580	AT2G35000	0.0425
AT1G25580	AT2G35170	0.1594
AT1G25580	AT2G35945	0.6859
AT1G25580	AT2G36020	0.0727
AT1G25580	AT2G36307	0.2129
AT1G25580	AT2G36430	0.2013
AT1G25580	AT2G36510	0.1367
AT1G25580	AT2G36680	0.7196
AT1G25580	AT2G36780	0.0035
AT1G25580	AT2G36910	0.4613
AT1G25580	AT2G36930	0.1699
AT1G25580	AT2G37170	0.6574
AT1G25580	AT2G37240	0.84
AT1G25580	AT2G37250	0.0541
AT1G25580	AT2G37310	0.4607
AT1G25580	AT2G37570	0.6713
AT1G25580	AT2G37750	0.5829
AT1G25580	AT2G37760	0.5823
AT1G25580	AT2G37780	0.0285
AT1G25580	AT2G37980	0.0017
AT1G25580	AT2G38020	0.0279
AT1G25580	AT2G38210	0.655
AT1G25580	AT2G38220	0.6545
AT1G25580	AT2G38230	0.9081
AT1G25580	AT2G38250	0.7307
AT1G25580	AT2G38290	0.0681
AT1G25580	AT2G38340	0.7848
AT1G25580	AT2G38460	0.6178
AT1G25580	AT2G39340	0.1862
AT1G25580	AT2G39650	0.3956
AT1G25580	AT2G40316	0.3653
AT1G25580	AT2G40420	0.9604
AT1G25580	AT2G40690	0.5521
AT1G25580	AT2G40790	0.3834
AT1G25580	AT2G40840	0.3415
AT1G25580	AT2G40850	0.2624
AT1G25580	AT2G40960	0.9331
AT1G25580	AT2G41160	0.0826
AT1G25580	AT2G41260	0.7708
AT1G25580	AT2G41560	0.6422
AT1G25580	AT2G41620	0.5143
AT1G25580	AT2G41630	0.7237
AT1G25580	AT2G41800	0.1949
AT1G25580	AT2G42450	0.4165
AT1G25580	AT2G42725	0.2583
AT1G25580	AT2G42750	0.1495
AT1G25580	AT2G43130	0.032
AT1G25580	AT2G43290	0.3537
AT1G25580	AT2G43445	0.0111
AT1G25580	AT2G43930	0.8493
AT1G25580	AT2G44175	0.534
AT1G25580	AT2G44570	0.0396
AT1G25580	AT2G44710	0.4706
AT1G25580	AT2G44790	0.1955
AT1G25580	AT2G44995	0.5701
AT1G25580	AT2G45000	0.5707
AT1G25580	AT2G45030	0.1268
AT1G25580	AT2G45315	0.3426
AT1G25580	AT2G45380	0.872
AT1G25580	AT2G45403	0.1827
AT1G25580	AT2G45405	0.1821
AT1G25580	AT2G45460	0.8685
AT1G25580	AT2G45685	0.2368
AT1G25580	AT2G46180	0.7318
AT1G25580	AT2G46240	0.1553
AT1G25580	AT2G46440	0.943
AT1G25580	AT2G46450	0.9383
AT1G25580	AT2G46550	0.1704
AT1G25580	AT2G46610	0.6399
AT1G25580	AT2G46660	0.7039
AT1G25580	AT2G46670	0.9715
AT1G25580	AT2G47485	0.0413
AT1G25580	AT2G47490	0.0419
AT1G25580	AT2G47610	0.3496
AT1G25580	AT2G47680	0.5736
AT1G25580	AT2G47770	0.7027
AT1G25580	AT2G47990	0.0308
AT1G25580	AT2G48120	0.3455
AT1G25580	AT2G48121	0.7167
AT1G25580	AT3G01326	0.0116
AT1G25580	AT3G01510	0.3892
AT1G25580	AT3G01513	0.3898
AT1G25580	AT3G01515	0.5934
AT1G25580	AT3G01580	0.1926
AT1G25580	AT3G01590	0.1931
AT1G25580	AT3G01600	0.8819
AT1G25580	AT3G01625	0.7208
AT1G25580	AT3G01715	0.6917
AT1G25580	AT3G01835	0.5899
AT1G25580	AT3G01910	0.3287
AT1G25580	AT3G02095	0.5329
AT1G25580	AT3G02130	0.4671
AT1G25580	AT3G02260	0.0041
AT1G25580	AT3G02320	0.1675
AT1G25580	AT3G02400	0.8458
AT1G25580	AT3G02525	0.502
AT1G25580	AT3G02695	0.2641
AT1G25580	AT3G03000	0.2275
AT1G25580	AT3G03040	0
AT1G25580	AT3G03460	0.5422
AT1G25580	AT3G03620	0.3857
AT1G25580	AT3G03665	0.2513
AT1G25580	AT3G03700	0.6603
AT1G25580	AT3G03702	0.897
AT1G25580	AT3G03710	0.6992
AT1G25580	AT3G04440	0.2723
AT1G25580	AT3G04450	0.7493
AT1G25580	AT3G04680	0.0803
AT1G25580	AT3G04775	0.4857
AT1G25580	AT3G04835	0.8813
AT1G25580	AT3G04935	0.0582
AT1G25580	AT3G05125	0.7429
AT1G25580	AT3G05320	0.1274
AT1G25580	AT3G05340	0.6667
AT1G25580	AT3G05350	0.5369
AT1G25580	AT3G05365	0.7202
AT1G25580	AT3G05410	0.3746
AT1G25580	AT3G05475	0.2158
AT1G25580	AT3G05555	0.7277
AT1G25580	AT3G05805	0.6731
AT1G25580	AT3G05890	0.4834
AT1G25580	AT3G05915	0.4735
AT1G25580	AT3G05925	0.4741
AT1G25580	AT3G06230	0.7336
AT1G25580	AT3G06340	0.0465
AT1G25580	AT3G06405	0.1745
AT1G25580	AT3G06436	0.683
AT1G25580	AT3G06615	0.6841
AT1G25580	AT3G06715	0.5684
AT1G25580	AT3G06795	0.9616
AT1G25580	AT3G07140	0.5835
AT1G25580	AT3G07300	0.2001
AT1G25580	AT3G07320	0.2443
AT1G25580	AT3G07335	0.5038
AT1G25580	AT3G07345	0.5032
AT1G25580	AT3G07350	0.2403
AT1G25580	AT3G07360	0.2821
AT1G25580	AT3G07695	0.3572
AT1G25580	AT3G07755	0.801
AT1G25580	AT3G07760	0.1611
AT1G25580	AT3G07800	0.7656
AT1G25580	AT3G07925	0.1582
AT1G25580	AT3G08215	0.0343
AT1G25580	AT3G08265	0.491
AT1G25580	AT3G08640	0.4346
AT1G25580	AT3G08745	0.2339
AT1G25580	AT3G08755	0.2344
AT1G25580	AT3G08915	0.6614
AT1G25580	AT3G08925	0.6608
AT1G25580	AT3G08935	0.0262
AT1G25580	AT3G08943	0.7592
AT1G25580	AT3G08990	0.2961
AT1G25580	AT3G09020	0.5154
AT1G25580	AT3G09050	0.3973
AT1G25580	AT3G09055	0.3979
AT1G25580	AT3G09115	0.2152
AT1G25580	AT3G09130	0.0942
AT1G25580	AT3G09162	0.5928
AT1G25580	AT3G09180	0.8261
AT1G25580	AT3G09380	0.8487
AT1G25580	AT3G09455	0.3403
AT1G25580	AT3G09510	0.9261
AT1G25580	AT3G09520	0.9267
AT1G25580	AT3G10040	0.3665
AT1G25580	AT3G10110	0.516
AT1G25580	AT3G10113	0.8511
AT1G25580	AT3G10280	0.8185
AT1G25580	AT3G10350	0.4468
AT1G25580	AT3G10500	0.7394
AT1G25580	AT3G10525	0.7731
AT1G25580	AT3G10527	0.7737
AT1G25580	AT3G10550	0.0349
AT1G25580	AT3G10560	0.0355
AT1G25580	AT3G11000	0.5969
AT1G25580	AT3G11530	0.1722
AT1G25580	AT3G11964	0.9674
AT1G25580	AT3G12400	0.1065
AT1G25580	AT3G12410	0.107
AT1G25580	AT3G12670	0.7755
AT1G25580	AT3G13020	0.21
AT1G25580	AT3G13225	0.5526
AT1G25580	AT3G13300	0.4282
AT1G25580	AT3G13380	0.7545
AT1G25580	AT3G13403	0.5183
AT1G25580	AT3G13433	0.1286
AT1G25580	AT3G13435	0.1291
AT1G25580	AT3G13900	0.4124
AT1G25580	AT3G14067	0.5765
AT1G25580	AT3G14210	0.9104
AT1G25580	AT3G14560	0.6591
AT1G25580	AT3G15090	0.2554
AT1G25580	AT3G15290	0.562
AT1G25580	AT3G15430	0.4183
AT1G25580	AT3G15540	0.676
AT1G25580	AT3G16410	0.0303
AT1G25580	AT3G16525	0.6876
AT1G25580	AT3G17250	0.4398
AT1G25580	AT3G17712	0.9913
AT1G25580	AT3G17740	0.9924
AT1G25580	AT3G18240	0.5364
AT1G25580	AT3G18524	0.3392
AT1G25580	AT3G18535	0.1687
AT1G25580	AT3G18940	0.4491
AT1G25580	AT3G19055	0.3613
AT1G25580	AT3G19150	0.8476
AT1G25580	AT3G19210	0.4584
AT1G25580	AT3G19220	0.4578
AT1G25580	AT3G19300	0.2926
AT1G25580	AT3G19310	0.2263
AT1G25580	AT3G19320	0.1053
AT1G25580	AT3G19460	0.2653
AT1G25580	AT3G19580	0.5544
AT1G25580	AT3G19800	0.2647
AT1G25580	AT3G20475	0.3531
AT1G25580	AT3G20490	0.8109
AT1G25580	AT3G20570	0.292
AT1G25580	AT3G20810	0.7615
AT1G25580	AT3G20970	0.4363
AT1G25580	AT3G21090	0.0204
AT1G25580	AT3G21305	0.1524
AT1G25580	AT3G21470	0.3025
AT1G25580	AT3G21610	0.6905
AT1G25580	AT3G21660	0.5474
AT1G25580	AT3G21950	0.3711
AT1G25580	AT3G22231	0.324
AT1G25580	AT3G22250	0.3682
AT1G25580	AT3G22333	0.559
AT1G25580	AT3G22337	0.5596
AT1G25580	AT3G22440	0.1059
AT1G25580	AT3G22870	0.9366
AT1G25580	AT3G22880	0.9697
AT1G25580	AT3G22935	0.6626
AT1G25580	AT3G22940	0.6632
AT1G25580	AT3G23070	0.2606
AT1G25580	AT3G23660	0.2676
AT1G25580	AT3G23950	0.6899
AT1G25580	AT3G24360	0.8575
AT1G25580	AT3G24615	0.4863
AT1G25580	AT3G24870	0.9389
AT1G25580	AT3G25250	0.8191
AT1G25580	AT3G25500	0.2071
AT1G25580	AT3G25716	0.349
AT1G25580	AT3G25719	0.0588
AT1G25580	AT3G25760	0.5177
AT1G25580	AT3G25882	0.8499
AT1G25580	AT3G26210	0.6166
AT1G25580	AT3G26520	0.8144
AT1G25580	AT3G26610	0.3194
AT1G25580	AT3G26800	0.3333
AT1G25580	AT3G27010	0.7504
AT1G25580	AT3G27060	0.8627
AT1G25580	AT3G27090	0.5654
AT1G25580	AT3G27110	0.4962
AT1G25580	AT3G27120	0.1891
AT1G25580	AT3G27380	0.5317
AT1G25580	AT3G27610	0.0361
AT1G25580	AT3G27620	0.8377
AT1G25580	AT3G27630	0.8371
AT1G25580	AT3G27640	0.8284
AT1G25580	AT3G28007	0.0983
AT1G25580	AT3G28290	0.8517
AT1G25580	AT3G28660	0.8976
AT1G25580	AT3G28685	0.7283
AT1G25580	AT3G28940	0.4945
AT1G25580	AT3G29080	0.0966
AT1G25580	AT3G29180	0.5195
AT1G25580	AT3G29340	0.7574
AT1G25580	AT3G29430	0.4759
AT1G25580	AT3G29763	0.8877
AT1G25580	AT3G29765	0.8883
AT1G25580	AT3G30160	0.135
AT1G25580	AT3G30385	0.6463
AT1G25580	AT3G30387	0.893
AT1G25580	AT3G31560	0.2781
AT1G25580	AT3G32130	0.5695
AT1G25580	AT3G32190	0.4223
AT1G25580	AT3G32410	0.6469
AT1G25580	AT3G42560	0.7091
AT1G25580	AT3G42786	0.6777
AT1G25580	AT3G42860	0.8005
AT1G25580	AT3G43160	0.2787
AT1G25580	AT3G43180	0.3101
AT1G25580	AT3G43572	0.6201
AT1G25580	AT3G43574	0.6207
AT1G25580	AT3G43870	0.114
AT1G25580	AT3G43910	0.6318
AT1G25580	AT3G43930	0.3933
AT1G25580	AT3G44006	0.5282
AT1G25580	AT3G44130	0.6323
AT1G25580	AT3G44250	0.5259
AT1G25580	AT3G44260	0.2705
AT1G25580	AT3G44430	0.1454
AT1G25580	AT3G44435	0.146
AT1G25580	AT3G44480	0.9889
AT1G25580	AT3G44485	0.9895
AT1G25580	AT3G44620	0.3409
AT1G25580	AT3G44630	0.4846
AT1G25580	AT3G44660	0.5271
AT1G25580	AT3G44665	0.285
AT1G25580	AT3G44670	0.5253
AT1G25580	AT3G44950	0.2385
AT1G25580	AT3G45450	0.0971
AT1G25580	AT3G45510	0.3019
AT1G25580	AT3G45730	0.8226
AT1G25580	AT3G45740	0.822
AT1G25580	AT3G45790	0.8162
AT1G25580	AT3G45900	0.4002
AT1G25580	AT3G45910	0.4008
AT1G25580	AT3G45920	0.9127
AT1G25580	AT3G45930	0.9133
AT1G25580	AT3G46150	0.1303
AT1G25580	AT3G46320	0.8633
AT1G25580	AT3G46400	0.0878
AT1G25580	AT3G46420	0.6661
AT1G25580	AT3G46530	0.3677
AT1G25580	AT3G46658	0.2542
AT1G25580	AT3G46710	0.1803
AT1G25580	AT3G46760	0.4799
AT1G25580	AT3G46880	0.1786
AT1G25580	AT3G46960	0.3583
AT1G25580	AT3G47580	0.523
AT1G25580	AT3G47620	0.6638
AT1G25580	AT3G48320	0.1576
AT1G25580	AT3G48425	0.6387
AT1G25580	AT3G48740	0.7138
AT1G25580	AT3G48980	0.1873
AT1G25580	AT3G49060	0.0105
AT1G25580	AT3G49070	0.0099
AT1G25580	AT3G49130	0.2577
AT1G25580	AT3G49160	0.6062
AT1G25580	AT3G49200	0.4514
AT1G25580	AT3G49450	0.3886
AT1G25580	AT3G49796	0.2141
AT1G25580	AT3G50140	0.5812
AT1G25580	AT3G50190	0.715
AT1G25580	AT3G50250	0.6312
AT1G25580	AT3G50390	0.3298
AT1G25580	AT3G50665	0.5125
AT1G25580	AT3G51580	0.7632
AT1G25580	AT3G52110	0.8522
AT1G25580	AT3G52115	0.8668
AT1G25580	AT3G52330	0.2112
AT1G25580	AT3G52880	0.2839
AT1G25580	AT3G53280	0.6003
AT1G25580	AT3G53810	0.046
AT1G25580	AT3G53820	0.0483
AT1G25580	AT3G53850	0.0384
AT1G25580	AT3G54380	0.3106
AT1G25580	AT3G54420	0.6928
AT1G25580	AT3G54590	0.6021
AT1G25580	AT3G54640	0.0838
AT1G25580	AT3G54730	0.8796
AT1G25580	AT3G55005	0.7458
AT1G25580	AT3G55220	0.829
AT1G25580	AT3G55310	0.7929
AT1G25580	AT3G55640	0.3234
AT1G25580	AT3G56250	0.6568
AT1G25580	AT3G56650	0.5044
AT1G25580	AT3G56800	0.4247
AT1G25580	AT3G56850	0.4386
AT1G25580	AT3G56990	0.4939
AT1G25580	AT3G57465	0.0256
AT1G25580	AT3G57540	0.5614
AT1G25580	AT3G57550	0.3642
AT1G25580	AT3G57800	0.7365
AT1G25580	AT3G57890	0.4171
AT1G25580	AT3G58270	0.8028
AT1G25580	AT3G58400	0.4823
AT1G25580	AT3G59130	0.3357
AT1G25580	AT3G59590	0.6393
AT1G25580	AT3G60176	0.8551
AT1G25580	AT3G60320	0.2118
AT1G25580	AT3G60340	0.4357
AT1G25580	AT3G60570	0.9343
AT1G25580	AT3G60970	0.0931
AT1G25580	AT3G60990	0.9546
AT1G25580	AT3G61280	0.1419
AT1G25580	AT3G61460	0.4322
AT1G25580	AT3G61580	0.1478
AT1G25580	AT3G61620	0.4479
AT1G25580	AT3G61630	0.4485
AT1G25580	AT3G61850	0.5585
AT1G25580	AT3G62070	0.7353
AT1G25580	AT3G62150	0.2077
AT1G25580	AT3G62420	0.0908
AT1G25580	AT3G62528	0.1629
AT1G25580	AT3G62540	0.9808
AT1G25580	AT3G62650	0.1158
AT1G25580	AT3G63020	0.1169
AT1G25580	AT3G63030	0.1163
AT1G25580	AT3G63080	0.0977
AT1G25580	AT3G63200	0.4119
AT1G25580	AT3G63230	0.7045
AT1G25580	AT3G63300	0.5305
AT1G25580	AT4G00040	0.0512
AT1G25580	AT4G00232	0.5073
AT1G25580	AT4G00630	0.1222
AT1G25580	AT4G00650	0.1227
AT1G25580	AT4G00750	0.0861
AT1G25580	AT4G00889	0.4421
AT1G25580	AT4G00890	0.4427
AT1G25580	AT4G00960	0.6498
AT1G25580	AT4G00985	0.0192
AT1G25580	AT4G01110	0.1402
AT1G25580	AT4G01460	0.6108
AT1G25580	AT4G01640	0.3485
AT1G25580	AT4G01690	0.3304
AT1G25580	AT4G02010	0.4689
AT1G25580	AT4G02110	0.8232
AT1G25580	AT4G02390	0.8447
AT1G25580	AT4G02489	0.6707
AT1G25580	AT4G02540	0.0209
AT1G25580	AT4G03435	0.1373
AT1G25580	AT4G03443	0.4764
AT1G25580	AT4G03445	0.477
AT1G25580	AT4G03570	0.0163
AT1G25580	AT4G03805	0.0186
AT1G25580	AT4G04402	0.6451
AT1G25580	AT4G04601	0.2996
AT1G25580	AT4G04640	0.0547
AT1G25580	AT4G04775	0.8214
AT1G25580	AT4G04780	0.797
AT1G25580	AT4G04865	0.8098
AT1G25580	AT4G04895	0.288
AT1G25580	AT4G05085	0.8237
AT1G25580	AT4G05125	0.0372
AT1G25580	AT4G05135	0.2752
AT1G25580	AT4G05245	0.007
AT1G25580	AT4G05310	0.4415
AT1G25580	AT4G05335	0.1315
AT1G25580	AT4G05380	0.0558
AT1G25580	AT4G05415	0.2862
AT1G25580	AT4G05425	0.5212
AT1G25580	AT4G05435	0.5207
AT1G25580	AT4G05555	0.5963
AT1G25580	AT4G05605	0.1257
AT1G25580	AT4G06300	0.2816
AT1G25580	AT4G06305	0.5788
AT1G25580	AT4G06310	0.5782
AT1G25580	AT4G06395	0.6684
AT1G25580	AT4G06490	0.0169
AT1G25580	AT4G06583	0.5102
AT1G25580	AT4G06885	0.2536
AT1G25580	AT4G06965	0.4619
AT1G25580	AT4G06975	0.7062
AT1G25580	AT4G07325	0.1001
AT1G25580	AT4G07350	0.7388
AT1G25580	AT4G07375	0.566
AT1G25580	AT4G07526	0.2833
AT1G25580	AT4G07745	0.7964
AT1G25580	AT4G07965	0.6015
AT1G25580	AT4G08116	0.2629
AT1G25580	AT4G08190	0.3461
AT1G25580	AT4G08260	0.8173
AT1G25580	AT4G08300	0.5974
AT1G25580	AT4G08325	0.6736
AT1G25580	AT4G08410	0.3688
AT1G25580	AT4G08435	0.217
AT1G25580	AT4G08535	0.4921
AT1G25580	AT4G08700	0.4828
AT1G25580	AT4G08730	0.1035
AT1G25580	AT4G08760	0.2019
AT1G25580	AT4G08795	0.0873
AT1G25580	AT4G08810	0.4538
AT1G25580	AT4G08975	0.1559
AT1G25580	AT4G09105	0.3252
AT1G25580	AT4G09120	0.7475
AT1G25580	AT4G09210	0.8866
AT1G25580	AT4G09250	0.598
AT1G25580	AT4G09260	0.9831
AT1G25580	AT4G09460	0.4444
AT1G25580	AT4G09464	0.8115
AT1G25580	AT4G09467	0.8918
AT1G25580	AT4G09610	0.2391
AT1G25580	AT4G09630	0.0855
AT1G25580	AT4G10000	0.2885
AT1G25580	AT4G10040	0.331
AT1G25580	AT4G10230	0.8307
AT1G25580	AT4G10280	0.8365
AT1G25580	AT4G10400	0.5468
AT1G25580	AT4G10465	0.0867
AT1G25580	AT4G10530	0.3368
AT1G25580	AT4G10540	0.4602
AT1G25580	AT4G10695	0.2717
AT1G25580	AT4G10700	0.7522
AT1G25580	AT4G10840	0.2164
AT1G25580	AT4G11010	0.0617
AT1G25580	AT4G11280	0.2455
AT1G25580	AT4G11700	0.4555
AT1G25580	AT4G11740	0.8418
AT1G25580	AT4G12040	0.3525
AT1G25580	AT4G12080	0.0692
AT1G25580	AT4G12510	0.8296
AT1G25580	AT4G12520	0.9354
AT1G25580	AT4G13370	0.8051
AT1G25580	AT4G13445	0.6219
AT1G25580	AT4G13640	0.3706
AT1G25580	AT4G13890	0.5713
AT1G25580	AT4G14140	0.3816
AT1G25580	AT4G14480	0.0768
AT1G25580	AT4G14520	0.0006
AT1G25580	AT4G14970	0.694
AT1G25580	AT4G15320	0.9279
AT1G25580	AT4G15410	0.5003
AT1G25580	AT4G15760	0.2891
AT1G25580	AT4G15850	0.4212
AT1G25580	AT4G15980	0.427
AT1G25580	AT4G16015	0.8464
AT1G25580	AT4G16080	0.6597
AT1G25580	AT4G16180	0.6033
AT1G25580	AT4G16200	0.3822
AT1G25580	AT4G16215	0.3781
AT1G25580	AT4G16240	0.6446
AT1G25580	AT4G16410	0.6678
AT1G25580	AT4G16420	0.4177
AT1G25580	AT4G16550	0.5625
AT1G25580	AT4G16580	0.4287
AT1G25580	AT4G16800	0.758
AT1G25580	AT4G16890	0.6562
AT1G25580	AT4G16940	0.8703
AT1G25580	AT4G16950	0.7789
AT1G25580	AT4G16955	0.982
AT1G25580	AT4G17010	0.8301
AT1G25580	AT4G17520	0.6306
AT1G25580	AT4G17710	0.7289
AT1G25580	AT4G17713	0.7295
AT1G25580	AT4G17790	0.2147
AT1G25580	AT4G17920	0.0593
AT1G25580	AT4G17950	0.0477
AT1G25580	AT4G18400	0.4654
AT1G25580	AT4G19003	0.3845
AT1G25580	AT4G19006	0.256
AT1G25580	AT4G19120	0.1233
AT1G25580	AT4G19130	0.7557
AT1G25580	AT4G19140	0.7551
AT1G25580	AT4G19160	0.0215
AT1G25580	AT4G19170	0.2257
AT1G25580	AT4G19185	0.0698
AT1G25580	AT4G19190	0.0704
AT1G25580	AT4G19240	0.4311
AT1G25580	AT4G19260	0.865
AT1G25580	AT4G19275	0.8778
AT1G25580	AT4G19340	0.8604
AT1G25580	AT4G19630	0.2973
AT1G25580	AT4G19720	0.3578
AT1G25580	AT4G20260	0.1338
AT1G25580	AT4G20630	0.9401
AT1G25580	AT4G20700	0.8313
AT1G25580	AT4G20703	0.8924
AT1G25580	AT4G20720	0.9837
AT1G25580	AT4G20800	0.1815
AT1G25580	AT4G20953	0.7056
AT1G25580	AT4G21070	0.8598
AT1G25580	AT4G21640	0.6853
AT1G25580	AT4G21840	0.0669
AT1G25580	AT4G21903	0.2408
AT1G25580	AT4G21990	0.2763
AT1G25580	AT4G22130	0.0832
AT1G25580	AT4G22240	0.6341
AT1G25580	AT4G22250	0.6347
AT1G25580	AT4G22666	0.0756
AT1G25580	AT4G22670	0.0762
AT1G25580	AT4G22710	0.9779
AT1G25580	AT4G22910	0.3269
AT1G25580	AT4G22960	0.8272
AT1G25580	AT4G23060	0.4404
AT1G25580	AT4G23590	0.5049
AT1G25580	AT4G23650	0.0657
AT1G25580	AT4G23713	0.1082
AT1G25580	AT4G24050	0.5055
AT1G25580	AT4G24160	0.0925
AT1G25580	AT4G24310	0.0506
AT1G25580	AT4G24460	0.5538
AT1G25580	AT4G24560	0.1431
AT1G25580	AT4G24580	0.2531
AT1G25580	AT4G24610	0.6742
AT1G25580	AT4G24710	0.5817
AT1G25580	AT4G24980	0.192
AT1G25580	AT4G25220	0.5334
AT1G25580	AT4G25330	0.8243
AT1G25580	AT4G25570	0.6492
AT1G25580	AT4G25580	0.6486
AT1G25580	AT4G25950	0.057
AT1G25580	AT4G26330	0.2589
AT1G25580	AT4G27050	0.7696
AT1G25580	AT4G27070	0.5492
AT1G25580	AT4G27110	0.4136
AT1G25580	AT4G27160	0.2228
AT1G25580	AT4G27170	0.2234
AT1G25580	AT4G27320	0.466
AT1G25580	AT4G27440	0.16
AT1G25580	AT4G27800	0.6289
AT1G25580	AT4G27980	0.5939
AT1G25580	AT4G28070	0.2187
AT1G25580	AT4G28088	0.4596
AT1G25580	AT4G28100	0.1175
AT1G25580	AT4G28520	0.7272
AT1G25580	AT4G28640	0.0739
AT1G25580	AT4G28950	0.5358
AT1G25580	AT4G28980	0.8319
AT1G25580	AT4G29050	0.2874
AT1G25580	AT4G29170	0.765
AT1G25580	AT4G29450	0.0047
AT1G25580	AT4G30460	0.5742
AT1G25580	AT4G30610	0.2083
AT1G25580	AT4G30640	0.2472
AT1G25580	AT4G30770	0.1547
AT1G25580	AT4G30790	0.7243
AT1G25580	AT4G30910	0.1117
AT1G25580	AT4G31060	0.4206
AT1G25580	AT4G31115	0.0989
AT1G25580	AT4G31180	0.5608
AT1G25580	AT4G31351	0.6981
AT1G25580	AT4G31354	0.9325
AT1G25580	AT4G31405	0.7563
AT1G25580	AT4G31520	0.1739
AT1G25580	AT4G31890	0.3636
AT1G25580	AT4G31895	0.363
AT1G25580	AT4G31910	0.7644
AT1G25580	AT4G32020	0.0064
AT1G25580	AT4G32208	0.8394
AT1G25580	AT4G32210	0.9866
AT1G25580	AT4G32280	0.6719
AT1G25580	AT4G32450	0.1774
AT1G25580	AT4G32770	0.4159
AT1G25580	AT4G32950	0.1966
AT1G25580	AT4G33160	0.6847
AT1G25580	AT4G33170	0.5172
AT1G25580	AT4G33180	0.5166
AT1G25580	AT4G33905	0.0151
AT1G25580	AT4G34020	0.3764
AT1G25580	AT4G34030	0.4235
AT1G25580	AT4G34080	0.8965
AT1G25580	AT4G34220	0.6126
AT1G25580	AT4G34270	0.1832
AT1G25580	AT4G34320	0.4892
AT1G25580	AT4G34430	0.4956
AT1G25580	AT4G34500	0.6097
AT1G25580	AT4G34510	0.7359
AT1G25580	AT4G34620	0.1099
AT1G25580	AT4G34881	0.751
AT1G25580	AT4G34920	0.7941
AT1G25580	AT4G35025	0.6143
AT1G25580	AT4G35030	0.6137
AT1G25580	AT4G35240	0.0268
AT1G25580	AT4G35420	0.3066
AT1G25580	AT4G35430	0.306
AT1G25580	AT4G35740	0.8441
AT1G25580	AT4G36030	0.74
AT1G25580	AT4G36100	0.3159
AT1G25580	AT4G36140	0.2757
AT1G25580	AT4G36240	0.3554
AT1G25580	AT4G36635	0.0489
AT1G25580	AT4G36720	0.0937
AT1G25580	AT4G37380	0.0326
AT1G25580	AT4G37420	0.2467
AT1G25580	AT4G37450	0.3909
AT1G25580	AT4G37490	0.4462
AT1G25580	AT4G37500	0.6894
AT1G25580	AT4G37530	0.8127
AT1G25580	AT4G38130	0.409
AT1G25580	AT4G38140	0.4084
AT1G25580	AT4G38225	0.8348
AT1G25580	AT4G38320	0.4508
AT1G25580	AT4G38420	0.2845
AT1G25580	AT4G38460	0.3205
AT1G25580	AT4G39060	0.9314
AT1G25580	AT4G39180	0.8592
AT1G25580	AT4G39230	0.3618
AT1G25580	AT4G39500	0.6754
AT1G25580	AT4G39780	0.7405
AT1G25580	AT4G39880	0.0273
AT1G25580	AT4G39900	0.7469
AT1G25580	AT4G39952	0.591
AT1G25580	AT4G39955	0.2135
AT1G25580	AT5G00815	0.4997
AT1G25580	AT5G00930	0.5218
AT1G25580	AT5G01275	0.1216
AT1G25580	AT5G01840	0.1111
AT1G25580	AT5G01970	0.6998
AT1G25580	AT5G02020	0.4561
AT1G25580	AT5G02140	0.4991
AT1G25580	AT5G02220	0.8412
AT1G25580	AT5G02260	0.4927
AT1G25580	AT5G02480	0.5428
AT1G25580	AT5G02660	0.6038
AT1G25580	AT5G02870	0.4264
AT1G25580	AT5G02945	0.1972
AT1G25580	AT5G02995	0.3741
AT1G25580	AT5G03055	0.1652
AT1G25580	AT5G03465	0.9226
AT1G25580	AT5G03545	0.2914
AT1G25580	AT5G03550	0.2909
AT1G25580	AT5G03735	0.7714
AT1G25580	AT5G03780	0.8342
AT1G25580	AT5G04055	0.0791
AT1G25580	AT5G04140	0.6085
AT1G25580	AT5G04470	0.0081
AT1G25580	AT5G04475	0.0087
AT1G25580	AT5G04675	0.0721
AT1G25580	AT5G04685	0.0716
AT1G25580	AT5G04775	0.8528
AT1G25580	AT5G04810	0.5061
AT1G25580	AT5G04890	0.7888
AT1G25580	AT5G04895	0.7894
AT1G25580	AT5G04935	0.7051
AT1G25580	AT5G04965	0.9878
AT1G25580	AT5G04985	0.395
AT1G25580	AT5G05005	0.936
AT1G25580	AT5G05035	0.043
AT1G25580	AT5G05125	0.4817
AT1G25580	AT5G05240	0.2938
AT1G25580	AT5G05335	0.5148
AT1G25580	AT5G05425	0.2024
AT1G25580	AT5G05440	0.2769
AT1G25580	AT5G05445	0.203
AT1G25580	AT5G05765	0.6102
AT1G25580	AT5G05840	0.1908
AT1G25580	AT5G05965	0.1606
AT1G25580	AT5G06190	0.2309
AT1G25580	AT5G06200	0.2315
AT1G25580	AT5G06475	0.4724
AT1G25580	AT5G06610	0.1751
AT1G25580	AT5G06630	0.9994
AT1G25580	AT5G06980	0.2059
AT1G25580	AT5G07005	0.0227
AT1G25580	AT5G07035	0.3595
AT1G25580	AT5G07100	0.4916
AT1G25580	AT5G07160	0.6969
AT1G25580	AT5G07165	0.6975
AT1G25580	AT5G07340	0.0378
AT1G25580	AT5G07390	0.167
AT1G25580	AT5G07400	0.1664
AT1G25580	AT5G07425	0.6254
AT1G25580	AT5G07465	0.0524
AT1G25580	AT5G07540	0.0954
AT1G25580	AT5G07600	0.7411
AT1G25580	AT5G07610	0.7417
AT1G25580	AT5G07665	0.79
AT1G25580	AT5G07770	0.2519
AT1G25580	AT5G07785	0.7179
AT1G25580	AT5G07790	0.4887
AT1G25580	AT5G07945	0.1123
AT1G25580	AT5G07955	0.4299
AT1G25580	AT5G07970	0.0611
AT1G25580	AT5G08040	0.3147
AT1G25580	AT5G08050	0.3153
AT1G25580	AT5G08085	0.669
AT1G25580	AT5G08330	0.712
AT1G25580	AT5G08335	0.4729
AT1G25580	AT5G08400	0.6504
AT1G25580	AT5G08540	0.5387
AT1G25580	AT5G08620	0.4648
AT1G25580	AT5G08715	0.6172
AT1G25580	AT5G08800	0.651
AT1G25580	AT5G08830	0.2728
AT1G25580	AT5G09095	0.0407
AT1G25580	AT5G09135	0.2356
AT1G25580	AT5G09455	0.5887
AT1G25580	AT5G09500	0.0849
AT1G25580	AT5G09600	0.701
AT1G25580	AT5G09760	0.3444
AT1G25580	AT5G09785	0.0814
AT1G25580	AT5G09965	0.5067
AT1G25580	AT5G10250	0.5189
AT1G25580	AT5G10310	0.5532
AT1G25580	AT5G10336	0.6649
AT1G25580	AT5G10340	0.6643
AT1G25580	AT5G10470	0.42
AT1G25580	AT5G10650	0.2292
AT1G25580	AT5G10980	0.7627
AT1G25580	AT5G11460	0.7952
AT1G25580	AT5G11640	0.4898
AT1G25580	AT5G11690	0.0175
AT1G25580	AT5G11730	0.3607
AT1G25580	AT5G11850	0.6952
AT1G25580	AT5G11890	0.0844
AT1G25580	AT5G12190	0.0454
AT1G25580	AT5G12300	0.4328
AT1G25580	AT5G12330	0.6161
AT1G25580	AT5G12340	0.6149
AT1G25580	AT5G13110	0.3229
AT1G25580	AT5G13810	0.1297
AT1G25580	AT5G13890	0.4107
AT1G25580	AT5G13930	0.6079
AT1G25580	AT5G14345	0.1513
AT1G25580	AT5G14490	0.8639
AT1G25580	AT5G14495	0.8645
AT1G25580	AT5G14820	0.7086
AT1G25580	AT5G14860	0.0145
AT1G25580	AT5G15360	0.4113
AT1G25580	AT5G15410	0.3136
AT1G25580	AT5G15420	0.2932
AT1G25580	AT5G15540	0.7691
AT1G25580	AT5G15690	0.8383
AT1G25580	AT5G15730	0.3805
AT1G25580	AT5G16020	0.0337
AT1G25580	AT5G16130	0.0436
AT1G25580	AT5G16520	0.7882
AT1G25580	AT5G16650	0.2042
AT1G25580	AT5G16790	0.1518
AT1G25580	AT5G16940	0.1344
AT1G25580	AT5G17167	0.3671
AT1G25580	AT5G17170	0.4933
AT1G25580	AT5G17500	0.3967
AT1G25580	AT5G17530	0.8988
AT1G25580	AT5G18090	0.3275
AT1G25580	AT5G18100	0.3281
AT1G25580	AT5G18270	0.573
AT1G25580	AT5G18390	0.014
AT1G25580	AT5G18490	0.6521
AT1G25580	AT5G18636	0.687
AT1G25580	AT5G18640	0.6864
AT1G25580	AT5G19390	0.5945
AT1G25580	AT5G19630	0.9948
AT1G25580	AT5G19633	0.9942
AT1G25580	AT5G19850	0.5236
AT1G25580	AT5G19900	0.1466
AT1G25580	AT5G20320	0.2432
AT1G25580	AT5G20635	0.3869
AT1G25580	AT5G20850	0.8179
AT1G25580	AT5G20852	0.0029
AT1G25580	AT5G20900	0.5631
AT1G25580	AT5G22010	0.7906
AT1G25580	AT5G22020	0.2664
AT1G25580	AT5G22110	0.4852
AT1G25580	AT5G22540	0.7225
AT1G25580	AT5G22840	0.3386
AT1G25580	AT5G23100	0.4532
AT1G25580	AT5G23360	0.3828
AT1G25580	AT5G23390	0.5131
AT1G25580	AT5G23910	0.8336
AT1G25580	AT5G24100	0.8016
AT1G25580	AT5G24280	0.7248
AT1G25580	AT5G24318	0.3647
AT1G25580	AT5G24460	0.7871
AT1G25580	AT5G24520	0.2182
AT1G25580	AT5G24560	0.1187
AT1G25580	AT5G24670	0.1501
AT1G25580	AT5G25200	0.8249
AT1G25580	AT5G25230	0.3787
AT1G25580	AT5G25280	0.5957
AT1G25580	AT5G25350	0.0518
AT1G25580	AT5G25585	0.6353
AT1G25580	AT5G26170	0.2496
AT1G25580	AT5G26190	0.0122
AT1G25580	AT5G26240	0.7568
AT1G25580	AT5G26950	0.6411
AT1G25580	AT5G26955	0.6417
AT1G25580	AT5G27030	0.5457
AT1G25580	AT5G27050	0.3013
AT1G25580	AT5G27170	0.5864
AT1G25580	AT5G27247	0.2362
AT1G25580	AT5G27310	0.6242
AT1G25580	AT5G27350	0.377
AT1G25580	AT5G27760	0.7784
AT1G25580	AT5G27780	0.039
AT1G25580	AT5G27893	0.2525
AT1G25580	AT5G27950	0.619
AT1G25580	AT5G28235	0.9645
AT1G25580	AT5G28320	0.7685
AT1G25580	AT5G28340	0.6696
AT1G25580	AT5G28370	0.9034
AT1G25580	AT5G28390	0.8121
AT1G25580	AT5G28420	0.1792
AT1G25580	AT5G28462	0.3775
AT1G25580	AT5G28540	0.2176
AT1G25580	AT5G28590	0.1844
AT1G25580	AT5G28610	0.58
AT1G25580	AT5G28615	0.5794
AT1G25580	AT5G29624	0.3165
AT1G25580	AT5G32017	0.7022
AT1G25580	AT5G33898	0.1937
AT1G25580	AT5G34581	0.4753
AT1G25580	AT5G34870	0.612
AT1G25580	AT5G35195	0.8837
AT1G25580	AT5G35370	0.484
AT1G25580	AT5G35810	0.9412
AT1G25580	AT5G36310	0.7312
AT1G25580	AT5G36320	0.5777
AT1G25580	AT5G36330	0.9849
AT1G25580	AT5G36340	0.9843
AT1G25580	AT5G36350	0.861
AT1G25580	AT5G36360	0.9447
AT1G25580	AT5G36370	0.8743
AT1G25580	AT5G36460	0.9575
AT1G25580	AT5G36480	0.9738
AT1G25580	AT5G36490	0.9407
AT1G25580	AT5G36500	0.708
AT1G25580	AT5G36520	0.879
AT1G25580	AT5G36550	0.6184
AT1G25580	AT5G36658	0.9348
AT1G25580	AT5G36659	0.7638
AT1G25580	AT5G36870	0.2321
AT1G25580	AT5G36970	0.2571
AT1G25580	AT5G38010	0.0297
AT1G25580	AT5G38190	0.8569
AT1G25580	AT5G38650	0.5649
AT1G25580	AT5G39130	0.4951
AT1G25580	AT5G39140	0.7801
AT1G25580	AT5G39150	0.8982
AT1G25580	AT5G39160	0.9907
AT1G25580	AT5G39170	0.9901
AT1G25580	AT5G39180	0.957
AT1G25580	AT5G39190	0.9488
AT1G25580	AT5G39490	0.7702
AT1G25580	AT5G39770	0.7586
AT1G25580	AT5G39810	0.4904
AT1G25580	AT5G40320	0.1536
AT1G25580	AT5G40405	0.1385
AT1G25580	AT5G40840	0.7923
AT1G25580	AT5G41500	0.5113
AT1G25580	AT5G41630	0.2856
AT1G25580	AT5G41660	0.6527
AT1G25580	AT5G41940	0.3362
AT1G25580	AT5G42053	0.1321
AT1G25580	AT5G42092	0.6987
AT1G25580	AT5G42210	0.6073
AT1G25580	AT5G42740	0.3089
AT1G25580	AT5G43010	0.4026
AT1G25580	AT5G43100	0.2036
AT1G25580	AT5G43211	0.3874
AT1G25580	AT5G43300	0.4375
AT1G25580	AT5G43440	0.1856
AT1G25580	AT5G43450	0.4194
AT1G25580	AT5G43455	0.4188
AT1G25580	AT5G43630	0.7609
AT1G25580	AT5G43700	0.4369
AT1G25580	AT5G43822	0.7865
AT1G25580	AT5G44540	0.0221
AT1G25580	AT5G44900	0.7795
AT1G25580	AT5G45400	0.8022
AT1G25580	AT5G45472	0.5998
AT1G25580	AT5G45620	0.1838
AT1G25580	AT5G45770	0.2635
AT1G25580	AT5G45775	0.7266
AT1G25580	AT5G45820	0.4316
AT1G25580	AT5G46825	0.5084
AT1G25580	AT5G46830	0.509
AT1G25580	AT5G47380	0.0233
AT1G25580	AT5G48020	0.7999
AT1G25580	AT5G48360	0.4503
AT1G25580	AT5G48690	0.726
AT1G25580	AT5G48710	0.5986
AT1G25580	AT5G48720	0.8691
AT1G25580	AT5G48830	0.0686
AT1G25580	AT5G48990	0.0494
AT1G25580	AT5G49110	0.847
AT1G25580	AT5G49300	0.5806
AT1G25580	AT5G49480	0.8679
AT1G25580	AT5G49630	0.2734
AT1G25580	AT5G49990	0.6481
AT1G25580	AT5G50150	0.1024
AT1G25580	AT5G50330	0.2693
AT1G25580	AT5G50410	0.26
AT1G25580	AT5G50440	0.3799
AT1G25580	AT5G50443	0.3793
AT1G25580	AT5G50520	0.9814
AT1G25580	AT5G50717	0.7132
AT1G25580	AT5G51030	0.4497
AT1G25580	AT5G51150	0.3543
AT1G25580	AT5G51180	0.6585
AT1G25580	AT5G51260	0.1443
AT1G25580	AT5G51585	0.6882
AT1G25580	AT5G51730	0.3002
AT1G25580	AT5G52180	0.5451
AT1G25580	AT5G52190	0.5445
AT1G25580	AT5G52530	0.171
AT1G25580	AT5G53010	0.3264
AT1G25580	AT5G53160	0.4293
AT1G25580	AT5G53570	0.5276
AT1G25580	AT5G54000	0.6702
AT1G25580	AT5G54850	0.0884
AT1G25580	AT5G54970	0.5748
AT1G25580	AT5G55055	0.445
AT1G25580	AT5G55060	0.4456
AT1G25580	AT5G55330	0.064
AT1G25580	AT5G55505	0.0442
AT1G25580	AT5G55507	0.0448
AT1G25580	AT5G55880	0.8848
AT1G25580	AT5G55890	0.8749
AT1G25580	AT5G56320	0.05
AT1G25580	AT5G56368	0.8133
AT1G25580	AT5G56745	0.3217
AT1G25580	AT5G56750	0.3223
AT1G25580	AT5G56780	0.6457
AT1G25580	AT5G57560	0.1379
AT1G25580	AT5G57650	0.541
AT1G25580	AT5G58070	0.662
AT1G25580	AT5G58270	0.4305
AT1G25580	AT5G58610	0.6259
AT1G25580	AT5G59420	0.7603
AT1G25580	AT5G59780	0.6248
AT1G25580	AT5G59945	0.1076
AT1G25580	AT5G60090	0.7213
AT1G25580	AT5G60180	0.7993
AT1G25580	AT5G60230	0.8586
AT1G25580	AT5G60250	0.8581
AT1G25580	AT5G60370	0.5265
AT1G25580	AT5G61160	0.0774
AT1G25580	AT5G61190	0.3962
AT1G25580	AT5G61310	0.3438
AT1G25580	AT5G61320	0.3432
AT1G25580	AT5G61340	0.2595
AT1G25580	AT5G61420	0.1437
AT1G25580	AT5G61660	0.5503
AT1G25580	AT5G62280	0.6265
AT1G25580	AT5G62660	0.0023
AT1G25580	AT5G62690	0.1768
AT1G25580	AT5G62960	0.9703
AT1G25580	AT5G63050	0.235
AT1G25580	AT5G63200	0.128
AT1G25580	AT5G63450	0.1681
AT1G25580	AT5G63630	0.0058
AT1G25580	AT5G63750	0.1012
AT1G25580	AT5G64060	0.6783
AT1G25580	AT5G64330	0.1902
AT1G25580	AT5G64687	0.3316
AT1G25580	AT5G65360	0.7341
AT1G25580	AT5G65370	0.7347
AT1G25580	AT5G65720	0.5241
AT1G25580	AT5G65820	0.4782
AT1G25580	AT5G65920	0.2548
AT1G25580	AT5G66120	0.7743
AT1G25580	AT5G66130	0.733
AT1G25580	AT5G66140	0.7301
AT1G25580	AT5G66150	0.2659
AT1G25580	AT5G66200	0.47
AT1G25580	AT5G66270	0.7173
AT1G25580	AT5G66420	0.3037
AT1G25580	AT5G66430	0.3031
AT1G25580	AT5G66640	0.3246
AT1G25580	AT5G66680	0.5567
AT1G25580	AT5G66730	0.7935
AT1G25580	AT5G66770	0.2711
AT1G25580	AT5G66880	0.0809
AT1G25580	AT5G67000	0.0675
AT1G25580	AT5G67030	0.3508
AT1G25580	AT5G67210	0.0995
AT1G25580	AT5G67350	0.2618
AT1G25580	AT5G67360	0.68
AT1G25580	ATMG00170	0.9459
AT1G25580	ATMG00200	0.9273
AT1G25580	ATMG00210	0.9651
AT1G25580	ATMG00230	0.929
AT1G25580	ATMG00240	0.9378
AT1G25580	ATMG00270	0.9791
AT1G25580	ATMG00280	0.9796
AT1G25580	ATMG00285	0.9552
AT1G25580	ATMG00330	0.8482
AT1G25580	ATMG00350	0.8999
AT1G25580	ATMG00360	0.8994
AT1G25580	ATMG00370	0.53
AT1G25580	ATMG00380	0.5294
AT1G25580	ATMG00400	0.9372
AT1G25580	ATMG00480	0.9197
AT1G25580	ATMG00490	0.9191
AT1G25580	ATMG00513	0.9075
AT1G25580	ATMG00520	0.8034
AT1G25580	ATMG00550	0.9825
AT1G25580	ATMG00570	0.9465
AT1G25580	ATMG00800	0.922
AT1G25580	ATMG00810	0.9215
AT1G25580	ATMG00820	0.1425
AT1G25580	ATMG00860	0.9529
AT1G25580	ATMG00870	0.9732
AT1G25580	ATMG00880	0.9727
AT1G25580	ATMG00900	0.9151
AT1G25580	ATMG00910	0.9156
AT1G25580	ATMG00940	0.6806
AT1G25580	ATMG01030	0.9971
AT1G25580	ATMG01050	0.8842
AT1G25580	ATMG01090	0.9761
AT1G25580	ATMG01110	0.9255
AT1G25580	ATMG01190	0.9482
AT1G25580	ATMG01200	0.9476
AT1G25580	ATMG01210	0.8546
AT1G25580	ATMG01220	0.854
AT1G25580	ATMG01230	0.9063
AT1G25580	ATMG01260	0.8697
AT1G25580	ATMG01275	0.7842
AT1G25580	ATMG01330	0.9209
