TF	family	name
AT1G01010	NAC	AT1G01010
AT1G01030	B3	AT1G01030
AT1G01060	MYB_related	AT1G01060
AT1G01250	ERF	AT1G01250
AT1G01260	bHLH	AT1G01260
AT1G01350	C3H	AT1G01350
AT1G01380	MYB_related	AT1G01380
AT1G01520	MYB_related	AT1G01520
AT1G01530	M-type_MADS	AT1G01530
AT1G01720	NAC	AT1G01720
AT1G02030	C2H2	AT1G02030
AT1G02065	SBP	AT1G02065
AT1G02210	NAC	AT1G02210
AT1G02220	NAC	AT1G02220
AT1G02230	NAC	AT1G02230
AT1G02250	NAC	AT1G02250
AT1G02340	bHLH	AT1G02340
AT1G03040	bHLH	AT1G03040
AT1G03490	NAC	AT1G03490
AT1G03790	C3H	AT1G03790
AT1G03800	ERF	AT1G03800
AT1G03840	C2H2	AT1G03840
AT1G03970	bZIP	AT1G03970
AT1G04370	ERF	AT1G04370
AT1G04445	C2H2	AT1G04445
AT1G04990	C3H	AT1G04990
AT1G05230	HD-ZIP	AT1G05230
AT1G05710	bHLH	AT1G05710
AT1G05805	bHLH	AT1G05805
AT1G05930	B3	AT1G05930
AT1G06040	DBB	AT1G06040
AT1G06070	bZIP	AT1G06070
AT1G06160	ERF	AT1G06160
AT1G06170	bHLH	AT1G06170
AT1G06180	MYB	AT1G06180
AT1G06280	LBD	AT1G06280
AT1G06850	bZIP	AT1G06850
AT1G06910	MYB_related	AT1G06910
AT1G07520	GRAS	AT1G07520
AT1G07530	GRAS	AT1G07530
AT1G07540	MYB_related	AT1G07540
AT1G07640	Dof	AT1G07640
AT1G07900	LBD	AT1G07900
AT1G07980	NF-YC	AT1G07980
AT1G08000	GATA	AT1G08000
AT1G08010	GATA	AT1G08010
AT1G08290	C2H2	AT1G08290
AT1G08320	bZIP	AT1G08320
AT1G08465	YABBY	AT1G08465
AT1G08810	MYB_related	AT1G08810
AT1G08970	NF-YC	AT1G08970
AT1G08985	B3	AT1G08985
AT1G09030	NF-YB	AT1G09030
AT1G09530	bHLH	AT1G09530
AT1G09540	MYB	AT1G09540
AT1G09710	MYB_related	AT1G09710
AT1G09770	MYB	AT1G09770
AT1G10120	bHLH	AT1G10120
AT1G10170	NF-X1	AT1G10170
AT1G10240	FAR1	AT1G10240
AT1G10320	C3H	AT1G10320
AT1G10480	C2H2	AT1G10480
AT1G10585	bHLH	AT1G10585
AT1G10586	bHLH	AT1G10586
AT1G10610	bHLH	AT1G10610
AT1G11510	GeBP	AT1G11510
AT1G12260	NAC	AT1G12260
AT1G12540	bHLH	AT1G12540
AT1G12610	ERF	AT1G12610
AT1G12630	ERF	AT1G12630
AT1G12860	bHLH	AT1G12860
AT1G12890	ERF	AT1G12890
AT1G12980	ERF	AT1G12980
AT1G13260	RAV	AT1G13260
AT1G13290	C2H2	AT1G13290
AT1G13300	G2-like	AT1G13300
AT1G13450	Trihelix	AT1G13450
AT1G13600	bZIP	AT1G13600
AT1G13960	WRKY	AT1G13960
AT1G14350	MYB	AT1G14350
AT1G14410	Whirly	AT1G14410
AT1G14440	ZF-HD	AT1G14440
AT1G14580	C2H2	AT1G14580
AT1G14600	G2-like	AT1G14600
AT1G14685	BBR-BPC	AT1G14685
AT1G14687	ZF-HD	AT1G14687
AT1G14920	GRAS	AT1G14920
AT1G15360	ERF	AT1G15360
AT1G15720	MYB_related	AT1G15720
AT1G15790	bHLH	AT1G15790
AT1G16060	AP2	AT1G16060
AT1G16490	MYB	AT1G16490
AT1G16530	LBD	AT1G16530
AT1G16640	B3	AT1G16640
AT1G17040	STAT	AT1G17040
AT1G17310	M-type_MADS	AT1G17310
AT1G17460	MYB_related	AT1G17460
AT1G17520	MYB_related	AT1G17520
AT1G17590	NF-YA	AT1G17590
AT1G17920	HD-ZIP	AT1G17920
AT1G17950	MYB	AT1G17950
AT1G18330	MYB_related	AT1G18330
AT1G18400	bHLH	AT1G18400
AT1G18570	MYB	AT1G18570
AT1G18710	MYB	AT1G18710
AT1G18750	M-type_MADS	AT1G18750
AT1G18790	Nin-like	AT1G18790
AT1G18835	ZF-HD	AT1G18835
AT1G18860	WRKY	AT1G18860
AT1G18960	MYB_related	AT1G18960
AT1G19000	MYB_related	AT1G19000
AT1G19040	NAC	AT1G19040
AT1G19210	ERF	AT1G19210
AT1G19220	ARF	AT1G19220
AT1G19350	BES1	AT1G19350
AT1G19490	bZIP	AT1G19490
AT1G19510	MYB_related	AT1G19510
AT1G19700	TALE	AT1G19700
AT1G19790	SRS	AT1G19790
AT1G19850	ARF	AT1G19850
AT1G20600	B3	AT1G20600
AT1G20640	Nin-like	AT1G20640
AT1G20700	WOX	AT1G20700
AT1G20710	WOX	AT1G20710
AT1G20980	SBP	AT1G20980
AT1G21200	Trihelix	AT1G21200
AT1G21340	Dof	AT1G21340
AT1G21450	GRAS	AT1G21450
AT1G21910	ERF	AT1G21910
AT1G21970	NF-YB	AT1G21970
AT1G22070	bZIP	AT1G22070
AT1G22130	MIKC_MADS	AT1G22130
AT1G22190	ERF	AT1G22190
AT1G22490	bHLH	AT1G22490
AT1G22590	M-type_MADS	AT1G22590
AT1G22640	MYB	AT1G22640
AT1G22810	ERF	AT1G22810
AT1G22985	ERF	AT1G22985
AT1G23380	TALE	AT1G23380
AT1G23420	YABBY	AT1G23420
AT1G24260	MIKC_MADS	AT1G24260
AT1G24590	ERF	AT1G24590
AT1G24625	C2H2	AT1G24625
AT1G25250	C2H2	AT1G25250
AT1G25310	bHLH	AT1G25310
AT1G25330	bHLH	AT1G25330
AT1G25340	MYB	AT1G25340
AT1G25440	CO-like	AT1G25440
AT1G25470	ERF	AT1G25470
AT1G25550	G2-like	AT1G25550
AT1G25560	RAV	AT1G25560
AT1G25580	NAC	AT1G25580
AT1G26260	bHLH	AT1G26260
AT1G26310	MIKC_MADS	AT1G26310
AT1G26590	C2H2	AT1G26590
AT1G26610	C2H2	AT1G26610
AT1G26680	B3	AT1G26680
AT1G26780	MYB	AT1G26780
AT1G26790	Dof	AT1G26790
AT1G26870	NAC	AT1G26870
AT1G26945	bHLH	AT1G26945
AT1G26960	HD-ZIP	AT1G26960
AT1G27045	HD-ZIP	AT1G27045
AT1G27360	SBP	AT1G27360
AT1G27370	SBP	AT1G27370
AT1G27660	bHLH	AT1G27660
AT1G27730	C2H2	AT1G27730
AT1G27740	bHLH	AT1G27740
AT1G28050	CO-like	AT1G28050
AT1G28160	ERF	AT1G28160
AT1G28300	B3	AT1G28300
AT1G28310	Dof	AT1G28310
AT1G28360	ERF	AT1G28360
AT1G28370	ERF	AT1G28370
AT1G28420	HB-other	AT1G28420
AT1G28450	M-type_MADS	AT1G28450
AT1G28460	M-type_MADS	AT1G28460
AT1G28470	NAC	AT1G28470
AT1G28520	VOZ	AT1G28520
AT1G29160	Dof	AT1G29160
AT1G29280	WRKY	AT1G29280
AT1G29560	C3H	AT1G29560
AT1G29570	C3H	AT1G29570
AT1G29600	C3H	AT1G29600
AT1G29860	WRKY	AT1G29860
AT1G29950	bHLH	AT1G29950
AT1G29962	M-type_MADS	AT1G29962
AT1G30210	TCP	AT1G30210
AT1G30330	ARF	AT1G30330
AT1G30490	HD-ZIP	AT1G30490
AT1G30500	NF-YA	AT1G30500
AT1G30650	WRKY	AT1G30650
AT1G30670	bHLH	AT1G30670
AT1G30970	C2H2	AT1G30970
AT1G31050	bHLH	AT1G31050
AT1G31140	MIKC_MADS	AT1G31140
AT1G31310	Trihelix	AT1G31310
AT1G31320	LBD	AT1G31320
AT1G31630	M-type_MADS	AT1G31630
AT1G31640	M-type_MADS	AT1G31640
AT1G32150	bZIP	AT1G32150
AT1G32240	G2-like	AT1G32240
AT1G32330	HSF	AT1G32330
AT1G32360	C3H	AT1G32360
AT1G32510	NAC	AT1G32510
AT1G32540	LSD	AT1G32540
AT1G32640	bHLH	AT1G32640
AT1G32730	SRS	AT1G32730
AT1G32770	NAC	AT1G32770
AT1G32870	NAC	AT1G32870
AT1G33060	NAC	AT1G33060
AT1G33070	M-type_MADS	AT1G33070
AT1G33240	Trihelix	AT1G33240
AT1G33280	NAC	AT1G33280
AT1G33760	ERF	AT1G33760
AT1G34170	ARF	AT1G34170
AT1G34180	NAC	AT1G34180
AT1G34190	NAC	AT1G34190
AT1G34310	ARF	AT1G34310
AT1G34370	C2H2	AT1G34370
AT1G34390	ARF	AT1G34390
AT1G34410	ARF	AT1G34410
AT1G34650	HD-ZIP	AT1G34650
AT1G34670	MYB	AT1G34670
AT1G34790	C2H2	AT1G34790
AT1G35240	ARF	AT1G35240
AT1G35460	bHLH	AT1G35460
AT1G35515	MYB	AT1G35515
AT1G35520	ARF	AT1G35520
AT1G35540	ARF	AT1G35540
AT1G35560	TCP	AT1G35560
AT1G36000	LBD	AT1G36000
AT1G36060	ERF	AT1G36060
AT1G42990	bZIP	AT1G42990
AT1G43160	ERF	AT1G43160
AT1G43700	bZIP	AT1G43700
AT1G43950	B3	AT1G43950
AT1G44810	GeBP	AT1G44810
AT1G44830	ERF	AT1G44830
AT1G45249	bZIP	AT1G45249
AT1G46264	HSF	AT1G46264
AT1G46408	M-type_MADS	AT1G46408
AT1G46480	WOX	AT1G46480
AT1G46768	ERF	AT1G46768
AT1G47655	Dof	AT1G47655
AT1G47760	M-type_MADS	AT1G47760
AT1G47870	E2F/DP	AT1G47870
AT1G48000	MYB	AT1G48000
AT1G48150	M-type_MADS	AT1G48150
AT1G48195	C3H	AT1G48195
AT1G49010	MYB	AT1G49010
AT1G49120	ERF	AT1G49120
AT1G49130	CO-like	AT1G49130
AT1G49190	ARR-B	AT1G49190
AT1G49475	B3	AT1G49475
AT1G49480	B3	AT1G49480
AT1G49560	G2-like	AT1G49560
AT1G49720	bZIP	AT1G49720
AT1G49770	bHLH	AT1G49770
AT1G49950	MYB_related	AT1G49950
AT1G50420	GRAS	AT1G50420
AT1G50600	GRAS	AT1G50600
AT1G50640	ERF	AT1G50640
AT1G50680	RAV	AT1G50680
AT1G51070	bHLH	AT1G51070
AT1G51120	RAV	AT1G51120
AT1G51140	bHLH	AT1G51140
AT1G51190	AP2	AT1G51190
AT1G51220	C2H2	AT1G51220
AT1G51600	GATA	AT1G51600
AT1G51700	Dof	AT1G51700
AT1G52150	HD-ZIP	AT1G52150
AT1G52520	FAR1	AT1G52520
AT1G52880	NAC	AT1G52880
AT1G52890	NAC	AT1G52890
AT1G53160	SBP	AT1G53160
AT1G53170	ERF	AT1G53170
AT1G53230	TCP	AT1G53230
AT1G53910	ERF	AT1G53910
AT1G54060	Trihelix	AT1G54060
AT1G54160	NF-YA	AT1G54160
AT1G54330	NAC	AT1G54330
AT1G54760	M-type_MADS	AT1G54760
AT1G54830	NF-YC	AT1G54830
AT1G55110	C2H2	AT1G55110
AT1G55580	GRAS	AT1G55580
AT1G55600	WRKY	AT1G55600
AT1G55950	GeBP	AT1G55950
AT1G56010	NAC	AT1G56010
AT1G56160	MYB	AT1G56160
AT1G56170	NF-YC	AT1G56170
AT1G56650	MYB	AT1G56650
AT1G57560	MYB	AT1G57560
AT1G58100	TCP	AT1G58100
AT1G58110	bZIP	AT1G58110
AT1G58220	MYB_related	AT1G58220
AT1G59530	bZIP	AT1G59530
AT1G59640	bHLH	AT1G59640
AT1G59750	ARF	AT1G59750
AT1G59810	M-type_MADS	AT1G59810
AT1G60040	M-type_MADS	AT1G60040
AT1G60240	NAC	AT1G60240
AT1G60280	NAC	AT1G60280
AT1G60300	NAC	AT1G60300
AT1G60340	NAC	AT1G60340
AT1G60350	NAC	AT1G60350
AT1G60380	NAC	AT1G60380
AT1G60880	M-type_MADS	AT1G60880
AT1G60920	M-type_MADS	AT1G60920
AT1G61110	NAC	AT1G61110
AT1G61660	bHLH	AT1G61660
AT1G61730	GeBP	AT1G61730
AT1G62300	WRKY	AT1G62300
AT1G62360	TALE	AT1G62360
AT1G62700	NAC	AT1G62700
AT1G62975	bHLH	AT1G62975
AT1G62990	TALE	AT1G62990
AT1G63030	ERF	AT1G63030
AT1G63100	GRAS	AT1G63100
AT1G63650	bHLH	AT1G63650
AT1G63910	MYB	AT1G63910
AT1G64000	WRKY	AT1G64000
AT1G64100	NAC	AT1G64100
AT1G64105	NAC	AT1G64105
AT1G64380	ERF	AT1G64380
AT1G64530	Nin-like	AT1G64530
AT1G64620	Dof	AT1G64620
AT1G65300	M-type_MADS	AT1G65300
AT1G65330	M-type_MADS	AT1G65330
AT1G65360	M-type_MADS	AT1G65360
AT1G65620	LBD	AT1G65620
AT1G65910	NAC	AT1G65910
AT1G66140	C2H2	AT1G66140
AT1G66230	MYB	AT1G66230
AT1G66350	GRAS	AT1G66350
AT1G66370	MYB	AT1G66370
AT1G66380	MYB	AT1G66380
AT1G66390	MYB	AT1G66390
AT1G66420	GeBP	AT1G66420
AT1G66470	bHLH	AT1G66470
AT1G66550	WRKY	AT1G66550
AT1G66560	WRKY	AT1G66560
AT1G66600	WRKY	AT1G66600
AT1G66810	C3H	AT1G66810
AT1G67100	LBD	AT1G67100
AT1G67260	TCP	AT1G67260
AT1G67310	CAMTA	AT1G67310
AT1G67710	ARR-B	AT1G67710
AT1G67970	HSF	AT1G67970
AT1G68120	BBR-BPC	AT1G68120
AT1G68130	C2H2	AT1G68130
AT1G68150	WRKY	AT1G68150
AT1G68200	C3H	AT1G68200
AT1G68210	ARR-B	AT1G68210
AT1G68240	bHLH	AT1G68240
AT1G68320	MYB	AT1G68320
AT1G68510	LBD	AT1G68510
AT1G68520	CO-like	AT1G68520
AT1G68550	ERF	AT1G68550
AT1G68640	bZIP	AT1G68640
AT1G68670	G2-like	AT1G68670
AT1G68800	TCP	AT1G68800
AT1G68810	bHLH	AT1G68810
AT1G68840	RAV	AT1G68840
AT1G68880	bZIP	AT1G68880
AT1G68920	bHLH	AT1G68920
AT1G69010	bHLH	AT1G69010
AT1G69120	MIKC_MADS	AT1G69120
AT1G69170	SBP	AT1G69170
AT1G69180	YABBY	AT1G69180
AT1G69310	WRKY	AT1G69310
AT1G69490	NAC	AT1G69490
AT1G69540	M-type_MADS	AT1G69540
AT1G69560	MYB	AT1G69560
AT1G69570	Dof	AT1G69570
AT1G69580	G2-like	AT1G69580
AT1G69600	ZF-HD	AT1G69600
AT1G69690	TCP	AT1G69690
AT1G69780	HD-ZIP	AT1G69780
AT1G69810	WRKY	AT1G69810
AT1G70000	MYB_related	AT1G70000
AT1G70510	TALE	AT1G70510
AT1G70920	HD-ZIP	AT1G70920
AT1G71030	MYB_related	AT1G71030
AT1G71130	ERF	AT1G71130
AT1G71200	bHLH	AT1G71200
AT1G71260	Whirly	AT1G71260
AT1G71450	ERF	AT1G71450
AT1G71520	ERF	AT1G71520
AT1G71692	MIKC_MADS	AT1G71692
AT1G71930	NAC	AT1G71930
AT1G72010	TCP	AT1G72010
AT1G72050	C2H2	AT1G72050
AT1G72210	bHLH	AT1G72210
AT1G72350	M-type_MADS	AT1G72350
AT1G72360	ERF	AT1G72360
AT1G72570	AP2	AT1G72570
AT1G72650	MYB_related	AT1G72650
AT1G72740	MYB_related	AT1G72740
AT1G72830	NF-YA	AT1G72830
AT1G72980	LBD	AT1G72980
AT1G73360	HD-ZIP	AT1G73360
AT1G73410	MYB	AT1G73410
AT1G73730	EIL	AT1G73730
AT1G73830	bHLH	AT1G73830
AT1G73870	CO-like	AT1G73870
AT1G74080	MYB	AT1G74080
AT1G74250	C2H2	AT1G74250
AT1G74430	MYB	AT1G74430
AT1G74480	Nin-like	AT1G74480
AT1G74500	bHLH	AT1G74500
AT1G74650	MYB	AT1G74650
AT1G74660	ZF-HD	AT1G74660
AT1G74840	MYB_related	AT1G74840
AT1G74930	ERF	AT1G74930
AT1G75080	BES1	AT1G75080
AT1G75240	ZF-HD	AT1G75240
AT1G75250	MYB_related	AT1G75250
AT1G75340	C3H	AT1G75340
AT1G75390	bZIP	AT1G75390
AT1G75410	TALE	AT1G75410
AT1G75430	TALE	AT1G75430
AT1G75490	ERF	AT1G75490
AT1G75520	SRS	AT1G75520
AT1G75540	DBB	AT1G75540
AT1G75710	C2H2	AT1G75710
AT1G76320	FAR1	AT1G76320
AT1G76350	Nin-like	AT1G76350
AT1G76420	NAC	AT1G76420
AT1G76580	SBP	AT1G76580
AT1G76870	Trihelix	AT1G76870
AT1G76880	Trihelix	AT1G76880
AT1G76890	Trihelix	AT1G76890
AT1G77080	MIKC_MADS	AT1G77080
AT1G77200	ERF	AT1G77200
AT1G77450	NAC	AT1G77450
AT1G77570	HSF	AT1G77570
AT1G77640	ERF	AT1G77640
AT1G77850	ARF	AT1G77850
AT1G77920	bZIP	AT1G77920
AT1G77950	MIKC_MADS	AT1G77950
AT1G77980	MIKC_MADS	AT1G77980
AT1G78080	ERF	AT1G78080
AT1G78540	STAT	AT1G78540
AT1G78600	DBB	AT1G78600
AT1G78700	BES1	AT1G78700
AT1G79180	MYB	AT1G79180
AT1G79430	G2-like	AT1G79430
AT1G79580	NAC	AT1G79580
AT1G79700	AP2	AT1G79700
AT1G79840	HD-ZIP	AT1G79840
AT1G80010	FAR1	AT1G80010
AT1G80580	ERF	AT1G80580
AT1G80590	WRKY	AT1G80590
AT1G80730	C2H2	AT1G80730
AT1G80840	WRKY	AT1G80840
AT2G01060	G2-like	AT2G01060
AT2G01370	GeBP	AT2G01370
AT2G01430	HD-ZIP	AT2G01430
AT2G01500	WOX	AT2G01500
AT2G01570	GRAS	AT2G01570
AT2G01760	ARR-B	AT2G01760
AT2G01930	BBR-BPC	AT2G01930
AT2G01940	C2H2	AT2G01940
AT2G02060	G2-like	AT2G02060
AT2G02070	C2H2	AT2G02070
AT2G02080	C2H2	AT2G02080
AT2G02450	NAC	AT2G02450
AT2G02540	ZF-HD	AT2G02540
AT2G02740	Whirly	AT2G02740
AT2G02820	MYB	AT2G02820
AT2G03060	M-type_MADS	AT2G03060
AT2G03340	WRKY	AT2G03340
AT2G03500	G2-like	AT2G03500
AT2G03710	MIKC_MADS	AT2G03710
AT2G04038	bZIP	AT2G04038
AT2G04880	WRKY	AT2G04880
AT2G04890	GRAS	AT2G04890
AT2G06020	G2-like	AT2G06020
AT2G06200	GRF	AT2G06200
AT2G12900	bZIP	AT2G12900
AT2G12940	bZIP	AT2G12940
AT2G13150	bZIP	AT2G13150
AT2G13570	NF-YB	AT2G13570
AT2G13960	MYB_related	AT2G13960
AT2G14210	MIKC_MADS	AT2G14210
AT2G14760	bHLH	AT2G14760
AT2G15740	C2H2	AT2G15740
AT2G16210	B3	AT2G16210
AT2G16400	TALE	AT2G16400
AT2G16485	C3H	AT2G16485
AT2G16720	MYB	AT2G16720
AT2G16770	bZIP	AT2G16770
AT2G16910	bHLH	AT2G16910
AT2G17040	NAC	AT2G17040
AT2G17150	Nin-like	AT2G17150
AT2G17180	C2H2	AT2G17180
AT2G17770	bZIP	AT2G17770
AT2G17950	WOX	AT2G17950
AT2G18060	NAC	AT2G18060
AT2G18120	SRS	AT2G18120
AT2G18160	bZIP	AT2G18160
AT2G18300	bHLH	AT2G18300
AT2G18328	MYB_related	AT2G18328
AT2G18350	ZF-HD	AT2G18350
AT2G18380	GATA	AT2G18380
AT2G18490	C2H2	AT2G18490
AT2G18550	HD-ZIP	AT2G18550
AT2G19510	LBD	AT2G19510
AT2G19810	C3H	AT2G19810
AT2G19820	LBD	AT2G19820
AT2G20110	CPP	AT2G20110
AT2G20180	bHLH	AT2G20180
AT2G20280	C3H	AT2G20280
AT2G20350	ERF	AT2G20350
AT2G20400	G2-like	AT2G20400
AT2G20570	G2-like	AT2G20570
AT2G20613	GeBP	AT2G20613
AT2G20880	ERF	AT2G20880
AT2G21230	bZIP	AT2G21230
AT2G21240	BBR-BPC	AT2G21240
AT2G21320	DBB	AT2G21320
AT2G21400	SRS	AT2G21400
AT2G21900	WRKY	AT2G21900
AT2G22200	ERF	AT2G22200
AT2G22300	CAMTA	AT2G22300
AT2G22430	HD-ZIP	AT2G22430
AT2G22540	MIKC_MADS	AT2G22540
AT2G22630	MIKC_MADS	AT2G22630
AT2G22750	bHLH	AT2G22750
AT2G22760	bHLH	AT2G22760
AT2G22770	bHLH	AT2G22770
AT2G22800	HD-ZIP	AT2G22800
AT2G22840	GRF	AT2G22840
AT2G22850	bZIP	AT2G22850
AT2G23290	MYB	AT2G23290
AT2G23320	WRKY	AT2G23320
AT2G23340	ERF	AT2G23340
AT2G23660	LBD	AT2G23660
AT2G23760	TALE	AT2G23760
AT2G24260	bHLH	AT2G24260
AT2G24430	NAC	AT2G24430
AT2G24570	WRKY	AT2G24570
AT2G24645	B3	AT2G24645
AT2G24650	B3	AT2G24650
AT2G24680	B3	AT2G24680
AT2G24681	B3	AT2G24681
AT2G24690	B3	AT2G24690
AT2G24696	B3	AT2G24696
AT2G24700	B3	AT2G24700
AT2G24790	CO-like	AT2G24790
AT2G24830	C3H	AT2G24830
AT2G24840	M-type_MADS	AT2G24840
AT2G25000	WRKY	AT2G25000
AT2G25180	ARR-B	AT2G25180
AT2G25230	MYB	AT2G25230
AT2G25650	GeBP	AT2G25650
AT2G25820	ERF	AT2G25820
AT2G25900	C3H	AT2G25900
AT2G26150	HSF	AT2G26150
AT2G26320	M-type_MADS	AT2G26320
AT2G26580	YABBY	AT2G26580
AT2G26940	C2H2	AT2G26940
AT2G26950	MYB	AT2G26950
AT2G26960	MYB	AT2G26960
AT2G27050	EIL	AT2G27050
AT2G27070	ARR-B	AT2G27070
AT2G27110	FAR1	AT2G27110
AT2G27220	TALE	AT2G27220
AT2G27300	NAC	AT2G27300
AT2G27470	NF-YB	AT2G27470
AT2G27990	TALE	AT2G27990
AT2G28160	bHLH	AT2G28160
AT2G28200	C2H2	AT2G28200
AT2G28340	GATA	AT2G28340
AT2G28350	ARF	AT2G28350
AT2G28450	C3H	AT2G28450
AT2G28500	LBD	AT2G28500
AT2G28510	Dof	AT2G28510
AT2G28550	AP2	AT2G28550
AT2G28610	WOX	AT2G28610
AT2G28700	M-type_MADS	AT2G28700
AT2G28710	C2H2	AT2G28710
AT2G28810	Dof	AT2G28810
AT2G29060	GRAS	AT2G29060
AT2G29065	GRAS	AT2G29065
AT2G29660	C2H2	AT2G29660
AT2G30130	LBD	AT2G30130
AT2G30250	WRKY	AT2G30250
AT2G30340	LBD	AT2G30340
AT2G30420	MYB_related	AT2G30420
AT2G30424	MYB_related	AT2G30424
AT2G30432	MYB_related	AT2G30432
AT2G30470	B3	AT2G30470
AT2G30590	WRKY	AT2G30590
AT2G31070	TCP	AT2G31070
AT2G31180	MYB	AT2G31180
AT2G31210	bHLH	AT2G31210
AT2G31215	bHLH	AT2G31215
AT2G31220	bHLH	AT2G31220
AT2G31230	ERF	AT2G31230
AT2G31280	bHLH	AT2G31280
AT2G31310	LBD	AT2G31310
AT2G31370	bZIP	AT2G31370
AT2G31380	DBB	AT2G31380
AT2G31730	bHLH	AT2G31730
AT2G32250	FAR1	AT2G32250
AT2G32370	HD-ZIP	AT2G32370
AT2G32460	MYB	AT2G32460
AT2G32930	C3H	AT2G32930
AT2G33480	NAC	AT2G33480
AT2G33500	CO-like	AT2G33500
AT2G33550	Trihelix	AT2G33550
AT2G33710	ERF	AT2G33710
AT2G33720	B3	AT2G33720
AT2G33810	SBP	AT2G33810
AT2G33835	C3H	AT2G33835
AT2G33860	ARF	AT2G33860
AT2G33880	WOX	AT2G33880
AT2G34140	Dof	AT2G34140
AT2G34440	M-type_MADS	AT2G34440
AT2G34710	HD-ZIP	AT2G34710
AT2G34720	NF-YA	AT2G34720
AT2G34820	bHLH	AT2G34820
AT2G34830	WRKY	AT2G34830
AT2G35310	B3	AT2G35310
AT2G35430	C3H	AT2G35430
AT2G35530	bZIP	AT2G35530
AT2G35550	BBR-BPC	AT2G35550
AT2G35640	Trihelix	AT2G35640
AT2G35700	ERF	AT2G35700
AT2G35940	TALE	AT2G35940
AT2G36010	E2F/DP	AT2G36010
AT2G36080	B3	AT2G36080
AT2G36270	bZIP	AT2G36270
AT2G36340	GeBP	AT2G36340
AT2G36400	GRF	AT2G36400
AT2G36450	ERF	AT2G36450
AT2G36610	HD-ZIP	AT2G36610
AT2G36890	MYB	AT2G36890
AT2G36960	MYB_related	AT2G36960
AT2G37000	TCP	AT2G37000
AT2G37060	NF-YB	AT2G37060
AT2G37120	S1Fa-like	AT2G37120
AT2G37260	WRKY	AT2G37260
AT2G37430	C2H2	AT2G37430
AT2G37590	Dof	AT2G37590
AT2G37630	MYB	AT2G37630
AT2G37650	GRAS	AT2G37650
AT2G37740	C2H2	AT2G37740
AT2G38090	MYB	AT2G38090
AT2G38250	Trihelix	AT2G38250
AT2G38300	G2-like	AT2G38300
AT2G38340	ERF	AT2G38340
AT2G38470	WRKY	AT2G38470
AT2G38880	NF-YB	AT2G38880
AT2G39250	AP2	AT2G39250
AT2G39880	MYB	AT2G39880
AT2G40140	C3H	AT2G40140
AT2G40200	bHLH	AT2G40200
AT2G40210	M-type_MADS	AT2G40210
AT2G40220	ERF	AT2G40220
AT2G40260	G2-like	AT2G40260
AT2G40340	ERF	AT2G40340
AT2G40350	ERF	AT2G40350
AT2G40470	LBD	AT2G40470
AT2G40620	bZIP	AT2G40620
AT2G40740	WRKY	AT2G40740
AT2G40750	WRKY	AT2G40750
AT2G40950	bZIP	AT2G40950
AT2G40970	G2-like	AT2G40970
AT2G41070	bZIP	AT2G41070
AT2G41130	bHLH	AT2G41130
AT2G41240	bHLH	AT2G41240
AT2G41690	HSF	AT2G41690
AT2G41710	AP2	AT2G41710
AT2G41835	C2H2	AT2G41835
AT2G41900	C3H	AT2G41900
AT2G41940	C2H2	AT2G41940
AT2G42150	MYB_related	AT2G42150
AT2G42200	SBP	AT2G42200
AT2G42280	bHLH	AT2G42280
AT2G42300	bHLH	AT2G42300
AT2G42380	bZIP	AT2G42380
AT2G42400	VOZ	AT2G42400
AT2G42410	C2H2	AT2G42410
AT2G42430	LBD	AT2G42430
AT2G42440	LBD	AT2G42440
AT2G42660	G2-like	AT2G42660
AT2G42830	MIKC_MADS	AT2G42830
AT2G43000	NAC	AT2G43000
AT2G43010	bHLH	AT2G43010
AT2G43140	bHLH	AT2G43140
AT2G43280	FAR1	AT2G43280
AT2G43500	Nin-like	AT2G43500
AT2G44430	MYB_related	AT2G44430
AT2G44730	Trihelix	AT2G44730
AT2G44745	WRKY	AT2G44745
AT2G44840	ERF	AT2G44840
AT2G44910	HD-ZIP	AT2G44910
AT2G44940	ERF	AT2G44940
AT2G45050	GATA	AT2G45050
AT2G45120	C2H2	AT2G45120
AT2G45160	GRAS	AT2G45160
AT2G45190	YABBY	AT2G45190
AT2G45410	LBD	AT2G45410
AT2G45420	LBD	AT2G45420
AT2G45480	GRF	AT2G45480
AT2G45650	MIKC_MADS	AT2G45650
AT2G45660	MIKC_MADS	AT2G45660
AT2G45680	TCP	AT2G45680
AT2G45880	BES1	AT2G45880
AT2G46130	WRKY	AT2G46130
AT2G46270	bZIP	AT2G46270
AT2G46310	ERF	AT2G46310
AT2G46400	WRKY	AT2G46400
AT2G46410	MYB_related	AT2G46410
AT2G46510	bHLH	AT2G46510
AT2G46530	ARF	AT2G46530
AT2G46590	Dof	AT2G46590
AT2G46680	HD-ZIP	AT2G46680
AT2G46770	NAC	AT2G46770
AT2G46810	bHLH	AT2G46810
AT2G46830	MYB_related	AT2G46830
AT2G46870	B3	AT2G46870
AT2G46970	bHLH	AT2G46970
AT2G47070	SBP	AT2G47070
AT2G47190	MYB	AT2G47190
AT2G47210	MYB_related	AT2G47210
AT2G47260	WRKY	AT2G47260
AT2G47460	MYB	AT2G47460
AT2G47520	ERF	AT2G47520
AT2G47810	NF-YB	AT2G47810
AT2G47850	C3H	AT2G47850
AT2G47890	CO-like	AT2G47890
AT3G01080	WRKY	AT3G01080
AT3G01140	MYB	AT3G01140
AT3G01220	HD-ZIP	AT3G01220
AT3G01330	E2F/DP	AT3G01330
AT3G01470	HD-ZIP	AT3G01470
AT3G01530	MYB	AT3G01530
AT3G01600	NAC	AT3G01600
AT3G01970	WRKY	AT3G01970
AT3G02150	TCP	AT3G02150
AT3G02310	MIKC_MADS	AT3G02310
AT3G02380	CO-like	AT3G02380
AT3G02550	LBD	AT3G02550
AT3G02830	C3H	AT3G02830
AT3G02940	MYB	AT3G02940
AT3G02990	HSF	AT3G02990
AT3G03200	NAC	AT3G03200
AT3G03260	HD-ZIP	AT3G03260
AT3G03450	GRAS	AT3G03450
AT3G03660	WOX	AT3G03660
AT3G03760	LBD	AT3G03760
AT3G04030	G2-like	AT3G04030
AT3G04060	NAC	AT3G04060
AT3G04070	NAC	AT3G04070
AT3G04100	M-type_MADS	AT3G04100
AT3G04410	NAC	AT3G04410
AT3G04420	NAC	AT3G04420
AT3G04430	NAC	AT3G04430
AT3G04450	G2-like	AT3G04450
AT3G04670	WRKY	AT3G04670
AT3G04850	CPP	AT3G04850
AT3G04930	GeBP	AT3G04930
AT3G05690	NF-YA	AT3G05690
AT3G05860	M-type_MADS	AT3G05860
AT3G06120	bHLH	AT3G06120
AT3G06160	B3	AT3G06160
AT3G06220	B3	AT3G06220
AT3G06250	FAR1	AT3G06250
AT3G06410	C3H	AT3G06410
AT3G06490	MYB	AT3G06490
AT3G06590	bHLH	AT3G06590
AT3G06740	GATA	AT3G06740
AT3G07340	bHLH	AT3G07340
AT3G07500	FAR1	AT3G07500
AT3G07650	CO-like	AT3G07650
AT3G08500	MYB	AT3G08500
AT3G08505	C3H	AT3G08505
AT3G09230	MYB	AT3G09230
AT3G09370	MYB	AT3G09370
AT3G09600	MYB_related	AT3G09600
AT3G09735	S1Fa-like	AT3G09735
AT3G10000	Trihelix	AT3G10000
AT3G10030	Trihelix	AT3G10030
AT3G10040	Trihelix	AT3G10040
AT3G10113	MYB_related	AT3G10113
AT3G10470	C2H2	AT3G10470
AT3G10480	NAC	AT3G10480
AT3G10490	NAC	AT3G10490
AT3G10500	NAC	AT3G10500
AT3G10580	MYB_related	AT3G10580
AT3G10590	MYB_related	AT3G10590
AT3G10760	G2-like	AT3G10760
AT3G10800	bZIP	AT3G10800
AT3G11020	ERF	AT3G11020
AT3G11090	LBD	AT3G11090
AT3G11100	Trihelix	AT3G11100
AT3G11260	WOX	AT3G11260
AT3G11280	MYB	AT3G11280
AT3G11440	MYB	AT3G11440
AT3G11450	MYB	AT3G11450
AT3G11580	B3	AT3G11580
AT3G12130	C3H	AT3G12130
AT3G12250	bZIP	AT3G12250
AT3G12480	NF-YC	AT3G12480
AT3G12680	C3H	AT3G12680
AT3G12720	MYB	AT3G12720
AT3G12730	G2-like	AT3G12730
AT3G12820	MYB	AT3G12820
AT3G12910	NAC	AT3G12910
AT3G12977	NAC	AT3G12977
AT3G13040	G2-like	AT3G13040
AT3G13540	MYB	AT3G13540
AT3G13810	C2H2	AT3G13810
AT3G13840	GRAS	AT3G13840
AT3G13850	LBD	AT3G13850
AT3G13890	MYB	AT3G13890
AT3G13960	GRF	AT3G13960
AT3G14020	NF-YA	AT3G14020
AT3G14180	Trihelix	AT3G14180
AT3G14230	ERF	AT3G14230
AT3G15030	TCP	AT3G15030
AT3G15170	NAC	AT3G15170
AT3G15210	ERF	AT3G15210
AT3G15270	SBP	AT3G15270
AT3G15500	NAC	AT3G15500
AT3G15510	NAC	AT3G15510
AT3G16160	CPP	AT3G16160
AT3G16280	ERF	AT3G16280
AT3G16350	MYB_related	AT3G16350
AT3G16770	ERF	AT3G16770
AT3G16857	ARR-B	AT3G16857
AT3G16870	GATA	AT3G16870
AT3G16940	CAMTA	AT3G16940
AT3G17010	B3	AT3G17010
AT3G17609	bZIP	AT3G17609
AT3G17730	NAC	AT3G17730
AT3G18010	WOX	AT3G18010
AT3G18100	MYB	AT3G18100
AT3G18380	HB-other	AT3G18380
AT3G18400	NAC	AT3G18400
AT3G18550	TCP	AT3G18550
AT3G18650	M-type_MADS	AT3G18650
AT3G18960	B3	AT3G18960
AT3G18990	B3	AT3G18990
AT3G19070	G2-like	AT3G19070
AT3G19184	B3	AT3G19184
AT3G19290	bZIP	AT3G19290
AT3G19360	C3H	AT3G19360
AT3G19500	bHLH	AT3G19500
AT3G19510	HB-PHD	AT3G19510
AT3G19580	C2H2	AT3G19580
AT3G19860	bHLH	AT3G19860
AT3G20310	ERF	AT3G20310
AT3G20640	bHLH	AT3G20640
AT3G20750	GATA	AT3G20750
AT3G20770	EIL	AT3G20770
AT3G20840	AP2	AT3G20840
AT3G20880	C2H2	AT3G20880
AT3G20910	NF-YA	AT3G20910
AT3G21175	GATA	AT3G21175
AT3G21270	Dof	AT3G21270
AT3G21330	bHLH	AT3G21330
AT3G21430	MYB_related	AT3G21430
AT3G21810	C3H	AT3G21810
AT3G21880	CO-like	AT3G21880
AT3G22100	bHLH	AT3G22100
AT3G22170	FAR1	AT3G22170
AT3G22760	CPP	AT3G22760
AT3G22780	CPP	AT3G22780
AT3G22830	HSF	AT3G22830
AT3G23130	C2H2	AT3G23130
AT3G23210	bHLH	AT3G23210
AT3G23220	ERF	AT3G23220
AT3G23230	ERF	AT3G23230
AT3G23240	ERF	AT3G23240
AT3G23250	MYB_related	AT3G23250
AT3G23690	bHLH	AT3G23690
AT3G24050	GATA	AT3G24050
AT3G24120	G2-like	AT3G24120
AT3G24140	bHLH	AT3G24140
AT3G24310	MYB	AT3G24310
AT3G24490	Trihelix	AT3G24490
AT3G24520	HSF	AT3G24520
AT3G24650	B3	AT3G24650
AT3G24860	Trihelix	AT3G24860
AT3G25710	bHLH	AT3G25710
AT3G25730	RAV	AT3G25730
AT3G25790	G2-like	AT3G25790
AT3G25890	ERF	AT3G25890
AT3G25990	Trihelix	AT3G25990
AT3G26620	LBD	AT3G26620
AT3G26660	LBD	AT3G26660
AT3G26744	bHLH	AT3G26744
AT3G26790	B3	AT3G26790
AT3G27010	TCP	AT3G27010
AT3G27650	LBD	AT3G27650
AT3G27785	MYB	AT3G27785
AT3G27810	MYB	AT3G27810
AT3G27920	MYB	AT3G27920
AT3G27940	LBD	AT3G27940
AT3G28470	MYB	AT3G28470
AT3G28857	bHLH	AT3G28857
AT3G28910	MYB	AT3G28910
AT3G28917	ZF-HD	AT3G28917
AT3G28920	ZF-HD	AT3G28920
AT3G29020	MYB	AT3G29020
AT3G29035	NAC	AT3G29035
AT3G29340	C2H2	AT3G29340
AT3G30210	MYB	AT3G30210
AT3G30260	MIKC_MADS	AT3G30260
AT3G30530	bZIP	AT3G30530
AT3G44290	NAC	AT3G44290
AT3G44350	NAC	AT3G44350
AT3G44460	bZIP	AT3G44460
AT3G44750	C2H2	AT3G44750
AT3G44785	C3H	AT3G44785
AT3G45150	TCP	AT3G45150
AT3G45170	GATA	AT3G45170
AT3G45260	C2H2	AT3G45260
AT3G45610	Dof	AT3G45610
AT3G46070	C2H2	AT3G46070
AT3G46080	C2H2	AT3G46080
AT3G46090	C2H2	AT3G46090
AT3G46130	MYB_related	AT3G46130
AT3G46600	GRAS	AT3G46600
AT3G46640	G2-like	AT3G46640
AT3G46770	B3	AT3G46770
AT3G47500	Dof	AT3G47500
AT3G47600	MYB	AT3G47600
AT3G47620	TCP	AT3G47620
AT3G47640	bHLH	AT3G47640
AT3G47710	bHLH	AT3G47710
AT3G47870	LBD	AT3G47870
AT3G48160	E2F/DP	AT3G48160
AT3G48430	C2H2	AT3G48430
AT3G48440	C3H	AT3G48440
AT3G48590	NF-YC	AT3G48590
AT3G48920	MYB	AT3G48920
AT3G49530	NAC	AT3G49530
AT3G49690	MYB	AT3G49690
AT3G49760	bZIP	AT3G49760
AT3G49850	MYB_related	AT3G49850
AT3G49930	C2H2	AT3G49930
AT3G49940	LBD	AT3G49940
AT3G49950	GRAS	AT3G49950
AT3G50060	MYB	AT3G50060
AT3G50260	ERF	AT3G50260
AT3G50330	bHLH	AT3G50330
AT3G50410	Dof	AT3G50410
AT3G50510	LBD	AT3G50510
AT3G50650	GRAS	AT3G50650
AT3G50700	C2H2	AT3G50700
AT3G50750	BES1	AT3G50750
AT3G50870	GATA	AT3G50870
AT3G50890	ZF-HD	AT3G50890
AT3G51060	SRS	AT3G51060
AT3G51080	GATA	AT3G51080
AT3G51120	C3H	AT3G51120
AT3G51910	HSF	AT3G51910
AT3G51960	bZIP	AT3G51960
AT3G52250	MYB	AT3G52250
AT3G52440	Dof	AT3G52440
AT3G52910	GRF	AT3G52910
AT3G53200	MYB	AT3G53200
AT3G53310	B3	AT3G53310
AT3G53340	NF-YB	AT3G53340
AT3G53370	S1Fa-like	AT3G53370
AT3G53600	C2H2	AT3G53600
AT3G53790	MYB_related	AT3G53790
AT3G53820	C2H2	AT3G53820
AT3G54220	GRAS	AT3G54220
AT3G54320	ERF	AT3G54320
AT3G54340	MIKC_MADS	AT3G54340
AT3G54390	Trihelix	AT3G54390
AT3G54430	SRS	AT3G54430
AT3G54620	bZIP	AT3G54620
AT3G54810	GATA	AT3G54810
AT3G54990	AP2	AT3G54990
AT3G55210	NAC	AT3G55210
AT3G55370	Dof	AT3G55370
AT3G55730	MYB	AT3G55730
AT3G55980	C3H	AT3G55980
AT3G56400	WRKY	AT3G56400
AT3G56520	NAC	AT3G56520
AT3G56530	NAC	AT3G56530
AT3G56560	NAC	AT3G56560
AT3G56660	bZIP	AT3G56660
AT3G56770	bHLH	AT3G56770
AT3G56850	bZIP	AT3G56850
AT3G56970	bHLH	AT3G56970
AT3G56980	bHLH	AT3G56980
AT3G57230	MIKC_MADS	AT3G57230
AT3G57390	MIKC_MADS	AT3G57390
AT3G57480	C2H2	AT3G57480
AT3G57600	ERF	AT3G57600
AT3G57670	C2H2	AT3G57670
AT3G57800	bHLH	AT3G57800
AT3G57920	SBP	AT3G57920
AT3G57980	MYB_related	AT3G57980
AT3G58070	C2H2	AT3G58070
AT3G58120	bZIP	AT3G58120
AT3G58190	LBD	AT3G58190
AT3G58630	Trihelix	AT3G58630
AT3G58710	WRKY	AT3G58710
AT3G58780	MIKC_MADS	AT3G58780
AT3G59060	bHLH	AT3G59060
AT3G59470	FAR1	AT3G59470
AT3G59580	Nin-like	AT3G59580
AT3G60030	SBP	AT3G60030
AT3G60110	MYB_related	AT3G60110
AT3G60390	HD-ZIP	AT3G60390
AT3G60460	MYB	AT3G60460
AT3G60490	ERF	AT3G60490
AT3G60530	GATA	AT3G60530
AT3G60580	C2H2	AT3G60580
AT3G60630	GRAS	AT3G60630
AT3G61120	MIKC_MADS	AT3G61120
AT3G61150	HD-ZIP	AT3G61150
AT3G61250	MYB	AT3G61250
AT3G61630	ERF	AT3G61630
AT3G61830	ARF	AT3G61830
AT3G61850	Dof	AT3G61850
AT3G61890	HD-ZIP	AT3G61890
AT3G61910	NAC	AT3G61910
AT3G61950	bHLH	AT3G61950
AT3G61970	B3	AT3G61970
AT3G62090	bHLH	AT3G62090
AT3G62340	WRKY	AT3G62340
AT3G62420	bZIP	AT3G62420
AT3G62610	MYB	AT3G62610
AT3G62670	ARR-B	AT3G62670
AT3G63350	HSF	AT3G63350
AT3G66656	M-type_MADS	AT3G66656
AT4G00050	bHLH	AT4G00050
AT4G00120	bHLH	AT4G00120
AT4G00130	GeBP	AT4G00130
AT4G00150	GRAS	AT4G00150
AT4G00180	YABBY	AT4G00180
AT4G00210	LBD	AT4G00210
AT4G00220	LBD	AT4G00220
AT4G00232	GeBP	AT4G00232
AT4G00238	GeBP	AT4G00238
AT4G00250	GeBP	AT4G00250
AT4G00260	B3	AT4G00260
AT4G00270	GeBP	AT4G00270
AT4G00390	GeBP	AT4G00390
AT4G00480	bHLH	AT4G00480
AT4G00540	MYB	AT4G00540
AT4G00610	GeBP	AT4G00610
AT4G00730	HD-ZIP	AT4G00730
AT4G00870	bHLH	AT4G00870
AT4G00940	Dof	AT4G00940
AT4G01060	MYB_related	AT4G01060
AT4G01120	bZIP	AT4G01120
AT4G01250	WRKY	AT4G01250
AT4G01260	GeBP	AT4G01260
AT4G01280	MYB_related	AT4G01280
AT4G01460	bHLH	AT4G01460
AT4G01500	B3	AT4G01500
AT4G01520	NAC	AT4G01520
AT4G01540	NAC	AT4G01540
AT4G01550	NAC	AT4G01550
AT4G01580	B3	AT4G01580
AT4G01680	MYB	AT4G01680
AT4G01720	WRKY	AT4G01720
AT4G02235	M-type_MADS	AT4G02235
AT4G02560	HB-other	AT4G02560
AT4G02590	bHLH	AT4G02590
AT4G02640	bZIP	AT4G02640
AT4G02670	C2H2	AT4G02670
AT4G03170	B3	AT4G03170
AT4G03250	HB-other	AT4G03250
AT4G04450	WRKY	AT4G04450
AT4G04580	G2-like	AT4G04580
AT4G04890	HD-ZIP	AT4G04890
AT4G05100	MYB	AT4G05100
AT4G05170	bHLH	AT4G05170
AT4G06598	bZIP	AT4G06598
AT4G06634	C2H2	AT4G06634
AT4G06746	ERF	AT4G06746
AT4G08150	TALE	AT4G08150
AT4G08250	GRAS	AT4G08250
AT4G09180	bHLH	AT4G09180
AT4G09450	MYB_related	AT4G09450
AT4G09460	MYB	AT4G09460
AT4G09820	bHLH	AT4G09820
AT4G09960	MIKC_MADS	AT4G09960
AT4G10240	DBB	AT4G10240
AT4G10350	NAC	AT4G10350
AT4G11070	WRKY	AT4G11070
AT4G11140	ERF	AT4G11140
AT4G11250	M-type_MADS	AT4G11250
AT4G11660	HSF	AT4G11660
AT4G11880	MIKC_MADS	AT4G11880
AT4G12020	WRKY	AT4G12020
AT4G12240	C2H2	AT4G12240
AT4G12350	MYB	AT4G12350
AT4G12750	HB-other	AT4G12750
AT4G12850	FAR1	AT4G12850
AT4G13040	ERF	AT4G13040
AT4G13480	MYB	AT4G13480
AT4G13620	ERF	AT4G13620
AT4G13640	G2-like	AT4G13640
AT4G13980	HSF	AT4G13980
AT4G14410	bHLH	AT4G14410
AT4G14540	NF-YB	AT4G14540
AT4G14770	CPP	AT4G14770
AT4G15090	FAR1	AT4G15090
AT4G15250	CO-like	AT4G15250
AT4G16110	ARR-B	AT4G16110
AT4G16141	GATA	AT4G16141
AT4G16150	CAMTA	AT4G16150
AT4G16430	bHLH	AT4G16430
AT4G16610	C2H2	AT4G16610
AT4G16750	ERF	AT4G16750
AT4G16780	HD-ZIP	AT4G16780
AT4G17230	GRAS	AT4G17230
AT4G17460	HD-ZIP	AT4G17460
AT4G17490	ERF	AT4G17490
AT4G17500	ERF	AT4G17500
AT4G17570	GATA	AT4G17570
AT4G17695	G2-like	AT4G17695
AT4G17710	HD-ZIP	AT4G17710
AT4G17750	HSF	AT4G17750
AT4G17785	MYB	AT4G17785
AT4G17810	C2H2	AT4G17810
AT4G17880	bHLH	AT4G17880
AT4G17980	NAC	AT4G17980
AT4G18020	ARR-B	AT4G18020
AT4G18170	WRKY	AT4G18170
AT4G18390	TCP	AT4G18390
AT4G18450	ERF	AT4G18450
AT4G18770	MYB	AT4G18770
AT4G18870	HSF	AT4G18870
AT4G18880	HSF	AT4G18880
AT4G18890	BES1	AT4G18890
AT4G18960	MIKC_MADS	AT4G18960
AT4G19630	HSF	AT4G19630
AT4G19990	FAR1	AT4G19990
AT4G20380	LSD	AT4G20380
AT4G20970	bHLH	AT4G20970
AT4G21030	Dof	AT4G21030
AT4G21040	Dof	AT4G21040
AT4G21050	Dof	AT4G21050
AT4G21080	Dof	AT4G21080
AT4G21330	bHLH	AT4G21330
AT4G21340	bHLH	AT4G21340
AT4G21440	MYB	AT4G21440
AT4G21550	B3	AT4G21550
AT4G21610	LSD	AT4G21610
AT4G21750	HD-ZIP	AT4G21750
AT4G22070	WRKY	AT4G22070
AT4G22680	MYB	AT4G22680
AT4G22700	LBD	AT4G22700
AT4G22950	MIKC_MADS	AT4G22950
AT4G23550	WRKY	AT4G23550
AT4G23750	ERF	AT4G23750
AT4G23810	WRKY	AT4G23810
AT4G23980	ARF	AT4G23980
AT4G24020	Nin-like	AT4G24020
AT4G24060	Dof	AT4G24060
AT4G24150	GRF	AT4G24150
AT4G24240	WRKY	AT4G24240
AT4G24470	GATA	AT4G24470
AT4G24540	MIKC_MADS	AT4G24540
AT4G24660	ZF-HD	AT4G24660
AT4G25210	GeBP	AT4G25210
AT4G25400	bHLH	AT4G25400
AT4G25410	bHLH	AT4G25410
AT4G25440	C3H	AT4G25440
AT4G25470	ERF	AT4G25470
AT4G25480	ERF	AT4G25480
AT4G25490	ERF	AT4G25490
AT4G25530	HD-ZIP	AT4G25530
AT4G25560	MYB	AT4G25560
AT4G25610	C2H2	AT4G25610
AT4G26150	GATA	AT4G26150
AT4G26170	HRT-like	AT4G26170
AT4G26440	WRKY	AT4G26440
AT4G26640	WRKY	AT4G26640
AT4G26930	MYB	AT4G26930
AT4G27240	C2H2	AT4G27240
AT4G27330	NZZ/SPL	AT4G27330
AT4G27410	NAC	AT4G27410
AT4G27950	ERF	AT4G27950
AT4G28110	MYB	AT4G28110
AT4G28140	ERF	AT4G28140
AT4G28500	NAC	AT4G28500
AT4G28530	NAC	AT4G28530
AT4G28610	G2-like	AT4G28610
AT4G28790	bHLH	AT4G28790
AT4G28800	bHLH	AT4G28800
AT4G28811	bHLH	AT4G28811
AT4G28815	bHLH	AT4G28815
AT4G29000	CPP	AT4G29000
AT4G29100	bHLH	AT4G29100
AT4G29190	C3H	AT4G29190
AT4G29230	NAC	AT4G29230
AT4G29930	bHLH	AT4G29930
AT4G29940	HB-PHD	AT4G29940
AT4G30080	ARF	AT4G30080
AT4G30935	WRKY	AT4G30935
AT4G30980	bHLH	AT4G30980
AT4G31060	ERF	AT4G31060
AT4G31270	Trihelix	AT4G31270
AT4G31550	WRKY	AT4G31550
AT4G31610	B3	AT4G31610
AT4G31615	B3	AT4G31615
AT4G31620	B3	AT4G31620
AT4G31630	B3	AT4G31630
AT4G31640	B3	AT4G31640
AT4G31650	B3	AT4G31650
AT4G31660	B3	AT4G31660
AT4G31680	B3	AT4G31680
AT4G31690	B3	AT4G31690
AT4G31800	WRKY	AT4G31800
AT4G31920	ARR-B	AT4G31920
AT4G32010	B3	AT4G32010
AT4G32040	TALE	AT4G32040
AT4G32730	MYB	AT4G32730
AT4G32800	ERF	AT4G32800
AT4G32880	HD-ZIP	AT4G32880
AT4G32890	GATA	AT4G32890
AT4G32980	TALE	AT4G32980
AT4G33280	B3	AT4G33280
AT4G33450	MYB	AT4G33450
AT4G33880	bHLH	AT4G33880
AT4G34000	bZIP	AT4G34000
AT4G34400	B3	AT4G34400
AT4G34410	ERF	AT4G34410
AT4G34530	bHLH	AT4G34530
AT4G34590	bZIP	AT4G34590
AT4G34610	TALE	AT4G34610
AT4G34680	GATA	AT4G34680
AT4G34990	MYB	AT4G34990
AT4G35040	bZIP	AT4G35040
AT4G35270	Nin-like	AT4G35270
AT4G35280	C2H2	AT4G35280
AT4G35550	WOX	AT4G35550
AT4G35580	NAC	AT4G35580
AT4G35590	Nin-like	AT4G35590
AT4G35610	C2H2	AT4G35610
AT4G35700	C2H2	AT4G35700
AT4G35900	bZIP	AT4G35900
AT4G36060	bHLH	AT4G36060
AT4G36160	NAC	AT4G36160
AT4G36240	GATA	AT4G36240
AT4G36260	SRS	AT4G36260
AT4G36540	bHLH	AT4G36540
AT4G36570	MYB_related	AT4G36570
AT4G36590	M-type_MADS	AT4G36590
AT4G36620	GATA	AT4G36620
AT4G36710	GRAS	AT4G36710
AT4G36730	bZIP	AT4G36730
AT4G36740	HD-ZIP	AT4G36740
AT4G36780	BES1	AT4G36780
AT4G36870	TALE	AT4G36870
AT4G36900	ERF	AT4G36900
AT4G36920	AP2	AT4G36920
AT4G36930	bHLH	AT4G36930
AT4G36990	HSF	AT4G36990
AT4G37180	G2-like	AT4G37180
AT4G37260	MYB	AT4G37260
AT4G37540	LBD	AT4G37540
AT4G37650	GRAS	AT4G37650
AT4G37730	bZIP	AT4G37730
AT4G37740	GRF	AT4G37740
AT4G37750	AP2	AT4G37750
AT4G37780	MYB	AT4G37780
AT4G37790	HD-ZIP	AT4G37790
AT4G37850	bHLH	AT4G37850
AT4G37940	MIKC_MADS	AT4G37940
AT4G38000	Dof	AT4G38000
AT4G38070	bHLH	AT4G38070
AT4G38180	FAR1	AT4G38180
AT4G38340	Nin-like	AT4G38340
AT4G38620	MYB	AT4G38620
AT4G38900	bZIP	AT4G38900
AT4G38910	BBR-BPC	AT4G38910
AT4G38960	DBB	AT4G38960
AT4G39070	DBB	AT4G39070
AT4G39160	MYB_related	AT4G39160
AT4G39250	MYB_related	AT4G39250
AT4G39410	WRKY	AT4G39410
AT4G39780	ERF	AT4G39780
AT4G40060	HD-ZIP	AT4G40060
AT5G01200	MYB	AT5G01200
AT5G01310	bHLH	AT5G01310
AT5G01380	Trihelix	AT5G01380
AT5G01860	C2H2	AT5G01860
AT5G01900	WRKY	AT5G01900
AT5G02030	TALE	AT5G02030
AT5G02320	MYB	AT5G02320
AT5G02460	Dof	AT5G02460
AT5G02470	E2F/DP	AT5G02470
AT5G02840	MYB_related	AT5G02840
AT5G03150	C2H2	AT5G03150
AT5G03415	E2F/DP	AT5G03415
AT5G03510	C2H2	AT5G03510
AT5G03680	Trihelix	AT5G03680
AT5G03720	HSF	AT5G03720
AT5G03740	C2H2	AT5G03740
AT5G03790	HD-ZIP	AT5G03790
AT5G04150	bHLH	AT5G04150
AT5G04240	C2H2	AT5G04240
AT5G04340	C2H2	AT5G04340
AT5G04390	C2H2	AT5G04390
AT5G04400	NAC	AT5G04400
AT5G04410	NAC	AT5G04410
AT5G04640	M-type_MADS	AT5G04640
AT5G04760	MYB	AT5G04760
AT5G05090	G2-like	AT5G05090
AT5G05120	C2H2	AT5G05120
AT5G05410	ERF	AT5G05410
AT5G05550	Trihelix	AT5G05550
AT5G05660	NF-X1	AT5G05660
AT5G05770	WOX	AT5G05770
AT5G05790	MYB	AT5G05790
AT5G06070	C2H2	AT5G06070
AT5G06080	LBD	AT5G06080
AT5G06100	MYB	AT5G06100
AT5G06110	MYB	AT5G06110
AT5G06250	B3	AT5G06250
AT5G06420	C3H	AT5G06420
AT5G06500	M-type_MADS	AT5G06500
AT5G06510	NF-YA	AT5G06510
AT5G06650	C2H2	AT5G06650
AT5G06710	HD-ZIP	AT5G06710
AT5G06770	C3H	AT5G06770
AT5G06800	G2-like	AT5G06800
AT5G06839	bZIP	AT5G06839
AT5G06950	bZIP	AT5G06950
AT5G06960	bZIP	AT5G06960
AT5G07100	WRKY	AT5G07100
AT5G07160	bZIP	AT5G07160
AT5G07210	ARR-B	AT5G07210
AT5G07310	ERF	AT5G07310
AT5G07500	C3H	AT5G07500
AT5G07580	ERF	AT5G07580
AT5G07680	NAC	AT5G07680
AT5G07690	MYB	AT5G07690
AT5G07700	MYB	AT5G07700
AT5G08070	TCP	AT5G08070
AT5G08130	bHLH	AT5G08130
AT5G08141	bZIP	AT5G08141
AT5G08190	NF-YB	AT5G08190
AT5G08330	TCP	AT5G08330
AT5G08520	MYB	AT5G08520
AT5G08790	NAC	AT5G08790
AT5G09330	NAC	AT5G09330
AT5G09410	CAMTA	AT5G09410
AT5G09750	bHLH	AT5G09750
AT5G09780	B3	AT5G09780
AT5G10030	bZIP	AT5G10030
AT5G10120	EIL	AT5G10120
AT5G10140	MIKC_MADS	AT5G10140
AT5G10280	MYB	AT5G10280
AT5G10510	AP2	AT5G10510
AT5G10570	bHLH	AT5G10570
AT5G10970	C2H2	AT5G10970
AT5G11050	MYB	AT5G11050
AT5G11060	TALE	AT5G11060
AT5G11190	ERF	AT5G11190
AT5G11260	bZIP	AT5G11260
AT5G11270	HB-other	AT5G11270
AT5G11510	MYB	AT5G11510
AT5G11590	ERF	AT5G11590
AT5G12330	SRS	AT5G12330
AT5G12840	NF-YA	AT5G12840
AT5G12850	C3H	AT5G12850
AT5G12870	MYB	AT5G12870
AT5G13080	WRKY	AT5G13080
AT5G13180	NAC	AT5G13180
AT5G13330	ERF	AT5G13330
AT5G13790	MIKC_MADS	AT5G13790
AT5G13910	ERF	AT5G13910
AT5G14000	NAC	AT5G14000
AT5G14010	C2H2	AT5G14010
AT5G14140	C2H2	AT5G14140
AT5G14280	GeBP	AT5G14280
AT5G14340	MYB	AT5G14340
AT5G14490	NAC	AT5G14490
AT5G14750	MYB	AT5G14750
AT5G14960	E2F/DP	AT5G14960
AT5G15060	LBD	AT5G15060
AT5G15130	WRKY	AT5G15130
AT5G15150	HD-ZIP	AT5G15150
AT5G15160	bHLH	AT5G15160
AT5G15210	ZF-HD	AT5G15210
AT5G15310	MYB	AT5G15310
AT5G15480	C2H2	AT5G15480
AT5G15800	MIKC_MADS	AT5G15800
AT5G15830	bZIP	AT5G15830
AT5G15840	CO-like	AT5G15840
AT5G15850	CO-like	AT5G15850
AT5G16540	C3H	AT5G16540
AT5G16560	G2-like	AT5G16560
AT5G16600	MYB	AT5G16600
AT5G16770	MYB	AT5G16770
AT5G16820	HSF	AT5G16820
AT5G17260	NAC	AT5G17260
AT5G17300	MYB_related	AT5G17300
AT5G17320	HD-ZIP	AT5G17320
AT5G17430	AP2	AT5G17430
AT5G17490	GRAS	AT5G17490
AT5G17800	MYB	AT5G17800
AT5G17810	WOX	AT5G17810
AT5G18000	B3	AT5G18000
AT5G18037	NAC	AT5G18037
AT5G18090	B3	AT5G18090
AT5G18240	G2-like	AT5G18240
AT5G18270	NAC	AT5G18270
AT5G18300	NAC	AT5G18300
AT5G18450	ERF	AT5G18450
AT5G18550	C3H	AT5G18550
AT5G18560	ERF	AT5G18560
AT5G18830	SBP	AT5G18830
AT5G18960	FAR1	AT5G18960
AT5G19490	NF-YC	AT5G19490
AT5G19790	ERF	AT5G19790
AT5G20240	MIKC_MADS	AT5G20240
AT5G20730	ARF	AT5G20730
AT5G21120	EIL	AT5G21120
AT5G21960	ERF	AT5G21960
AT5G22220	E2F/DP	AT5G22220
AT5G22290	NAC	AT5G22290
AT5G22380	NAC	AT5G22380
AT5G22570	WRKY	AT5G22570
AT5G22890	C2H2	AT5G22890
AT5G22990	C2H2	AT5G22990
AT5G23000	MYB	AT5G23000
AT5G23090	NF-YB	AT5G23090
AT5G23260	MIKC_MADS	AT5G23260
AT5G23280	TCP	AT5G23280
AT5G23650	MYB	AT5G23650
AT5G24110	WRKY	AT5G24110
AT5G24590	NAC	AT5G24590
AT5G24800	bZIP	AT5G24800
AT5G24930	CO-like	AT5G24930
AT5G25160	C2H2	AT5G25160
AT5G25190	ERF	AT5G25190
AT5G25220	TALE	AT5G25220
AT5G25390	ERF	AT5G25390
AT5G25470	B3	AT5G25470
AT5G25475	B3	AT5G25475
AT5G25790	CPP	AT5G25790
AT5G25810	ERF	AT5G25810
AT5G25830	GATA	AT5G25830
AT5G26170	WRKY	AT5G26170
AT5G26580	M-type_MADS	AT5G26580
AT5G26630	M-type_MADS	AT5G26630
AT5G26650	M-type_MADS	AT5G26650
AT5G26660	MYB	AT5G26660
AT5G26749	C3H	AT5G26749
AT5G26880	M-type_MADS	AT5G26880
AT5G26930	GATA	AT5G26930
AT5G26950	M-type_MADS	AT5G26950
AT5G27050	M-type_MADS	AT5G27050
AT5G27070	M-type_MADS	AT5G27070
AT5G27090	M-type_MADS	AT5G27090
AT5G27130	M-type_MADS	AT5G27130
AT5G27580	M-type_MADS	AT5G27580
AT5G27810	M-type_MADS	AT5G27810
AT5G27880	C2H2	AT5G27880
AT5G27910	NF-YC	AT5G27910
AT5G27944	M-type_MADS	AT5G27944
AT5G27960	M-type_MADS	AT5G27960
AT5G28040	GeBP	AT5G28040
AT5G28300	Trihelix	AT5G28300
AT5G28530	FAR1	AT5G28530
AT5G28650	WRKY	AT5G28650
AT5G28770	bZIP	AT5G28770
AT5G29000	G2-like	AT5G29000
AT5G32460	B3	AT5G32460
AT5G33210	SRS	AT5G33210
AT5G35550	MYB	AT5G35550
AT5G35770	SAP	AT5G35770
AT5G35900	LBD	AT5G35900
AT5G37020	ARF	AT5G37020
AT5G37260	MYB_related	AT5G37260
AT5G37415	M-type_MADS	AT5G37415
AT5G37800	bHLH	AT5G37800
AT5G38140	NF-YC	AT5G38140
AT5G38620	M-type_MADS	AT5G38620
AT5G38740	M-type_MADS	AT5G38740
AT5G38800	bZIP	AT5G38800
AT5G38860	bHLH	AT5G38860
AT5G39610	NAC	AT5G39610
AT5G39660	Dof	AT5G39660
AT5G39690	NAC	AT5G39690
AT5G39700	MYB	AT5G39700
AT5G39750	M-type_MADS	AT5G39750
AT5G39760	ZF-HD	AT5G39760
AT5G39810	M-type_MADS	AT5G39810
AT5G39820	NAC	AT5G39820
AT5G39860	bHLH	AT5G39860
AT5G40120	M-type_MADS	AT5G40120
AT5G40220	M-type_MADS	AT5G40220
AT5G40330	MYB	AT5G40330
AT5G40350	MYB	AT5G40350
AT5G40360	MYB	AT5G40360
AT5G40430	MYB	AT5G40430
AT5G40880	C3H	AT5G40880
AT5G41020	MYB_related	AT5G41020
AT5G41030	TCP	AT5G41030
AT5G41090	NAC	AT5G41090
AT5G41200	M-type_MADS	AT5G41200
AT5G41315	bHLH	AT5G41315
AT5G41410	TALE	AT5G41410
AT5G41570	WRKY	AT5G41570
AT5G41765	GeBP	AT5G41765
AT5G41920	GRAS	AT5G41920
AT5G42520	BBR-BPC	AT5G42520
AT5G42630	G2-like	AT5G42630
AT5G42640	C2H2	AT5G42640
AT5G42700	B3	AT5G42700
AT5G42780	ZF-HD	AT5G42780
AT5G42910	bZIP	AT5G42910
AT5G43170	C2H2	AT5G43170
AT5G43175	bHLH	AT5G43175
AT5G43250	NF-YC	AT5G43250
AT5G43270	SBP	AT5G43270
AT5G43290	WRKY	AT5G43290
AT5G43410	ERF	AT5G43410
AT5G43540	C2H2	AT5G43540
AT5G43650	bHLH	AT5G43650
AT5G43840	HSF	AT5G43840
AT5G44080	bZIP	AT5G44080
AT5G44160	C2H2	AT5G44160
AT5G44180	HB-other	AT5G44180
AT5G44190	G2-like	AT5G44190
AT5G44210	ERF	AT5G44210
AT5G44260	C3H	AT5G44260
AT5G45050	WRKY	AT5G45050
AT5G45260	WRKY	AT5G45260
AT5G45300	BES1	AT5G45300
AT5G45420	MYB_related	AT5G45420
AT5G45580	G2-like	AT5G45580
AT5G45710	HSF	AT5G45710
AT5G45980	WOX	AT5G45980
AT5G46010	WOX	AT5G46010
AT5G46350	WRKY	AT5G46350
AT5G46590	NAC	AT5G46590
AT5G46690	bHLH	AT5G46690
AT5G46760	bHLH	AT5G46760
AT5G46830	bHLH	AT5G46830
AT5G46880	HD-ZIP	AT5G46880
AT5G47140	GATA	AT5G47140
AT5G47220	ERF	AT5G47220
AT5G47230	ERF	AT5G47230
AT5G47370	HD-ZIP	AT5G47370
AT5G47390	MYB_related	AT5G47390
AT5G47640	NF-YB	AT5G47640
AT5G47660	Trihelix	AT5G47660
AT5G47670	NF-YB	AT5G47670
AT5G48150	GRAS	AT5G48150
AT5G48250	CO-like	AT5G48250
AT5G48560	bHLH	AT5G48560
AT5G48670	M-type_MADS	AT5G48670
AT5G49200	C3H	AT5G49200
AT5G49240	ARR-B	AT5G49240
AT5G49300	GATA	AT5G49300
AT5G49330	MYB	AT5G49330
AT5G49420	M-type_MADS	AT5G49420
AT5G49450	bZIP	AT5G49450
AT5G49490	M-type_MADS	AT5G49490
AT5G49520	WRKY	AT5G49520
AT5G49620	MYB	AT5G49620
AT5G50080	ERF	AT5G50080
AT5G50470	NF-YC	AT5G50470
AT5G50480	NF-YC	AT5G50480
AT5G50490	NF-YC	AT5G50490
AT5G50570	SBP	AT5G50570
AT5G50670	SBP	AT5G50670
AT5G50820	NAC	AT5G50820
AT5G50915	bHLH	AT5G50915
AT5G51190	ERF	AT5G51190
AT5G51780	bHLH	AT5G51780
AT5G51790	bHLH	AT5G51790
AT5G51860	MIKC_MADS	AT5G51860
AT5G51870	MIKC_MADS	AT5G51870
AT5G51910	TCP	AT5G51910
AT5G51980	C3H	AT5G51980
AT5G51990	ERF	AT5G51990
AT5G52010	C2H2	AT5G52010
AT5G52020	ERF	AT5G52020
AT5G52170	HD-ZIP	AT5G52170
AT5G52260	MYB	AT5G52260
AT5G52510	GRAS	AT5G52510
AT5G52600	MYB	AT5G52600
AT5G52660	MYB_related	AT5G52660
AT5G52830	WRKY	AT5G52830
AT5G53040	Nin-like	AT5G53040
AT5G53200	MYB_related	AT5G53200
AT5G53210	bHLH	AT5G53210
AT5G53290	ERF	AT5G53290
AT5G53660	GRF	AT5G53660
AT5G53950	NAC	AT5G53950
AT5G53980	HD-ZIP	AT5G53980
AT5G54070	HSF	AT5G54070
AT5G54230	MYB	AT5G54230
AT5G54680	bHLH	AT5G54680
AT5G55020	MYB	AT5G55020
AT5G55690	M-type_MADS	AT5G55690
AT5G56110	MYB	AT5G56110
AT5G56200	C2H2	AT5G56200
AT5G56270	WRKY	AT5G56270
AT5G56620	NAC	AT5G56620
AT5G56780	HRT-like	AT5G56780
AT5G56840	MYB_related	AT5G56840
AT5G56860	GATA	AT5G56860
AT5G56960	bHLH	AT5G56960
AT5G57150	bHLH	AT5G57150
AT5G57390	AP2	AT5G57390
AT5G57520	C2H2	AT5G57520
AT5G57620	MYB	AT5G57620
AT5G57660	CO-like	AT5G57660
AT5G57720	B3	AT5G57720
AT5G58010	bHLH	AT5G58010
AT5G58080	ARR-B	AT5G58080
AT5G58280	B3	AT5G58280
AT5G58340	MYB_related	AT5G58340
AT5G58620	C3H	AT5G58620
AT5G58850	MYB	AT5G58850
AT5G58890	M-type_MADS	AT5G58890
AT5G58900	MYB_related	AT5G58900
AT5G59340	WOX	AT5G59340
AT5G59450	GRAS	AT5G59450
AT5G59570	G2-like	AT5G59570
AT5G59780	MYB_related	AT5G59780
AT5G59820	C2H2	AT5G59820
AT5G60120	AP2	AT5G60120
AT5G60130	B3	AT5G60130
AT5G60140	B3	AT5G60140
AT5G60142	B3	AT5G60142
AT5G60200	Dof	AT5G60200
AT5G60440	M-type_MADS	AT5G60440
AT5G60450	ARF	AT5G60450
AT5G60470	C2H2	AT5G60470
AT5G60480	ZF-HD	AT5G60480
AT5G60690	HD-ZIP	AT5G60690
AT5G60830	bZIP	AT5G60830
AT5G60850	Dof	AT5G60850
AT5G60890	MYB	AT5G60890
AT5G60910	MIKC_MADS	AT5G60910
AT5G60970	TCP	AT5G60970
AT5G61270	bHLH	AT5G61270
AT5G61420	MYB_related	AT5G61420
AT5G61430	NAC	AT5G61430
AT5G61470	C2H2	AT5G61470
AT5G61590	ERF	AT5G61590
AT5G61600	ERF	AT5G61600
AT5G61620	MYB_related	AT5G61620
AT5G61850	LFY	AT5G61850
AT5G61890	ERF	AT5G61890
AT5G62000	ARF	AT5G62000
AT5G62020	HSF	AT5G62020
AT5G62110	G2-like	AT5G62110
AT5G62165	MIKC_MADS	AT5G62165
AT5G62320	MYB	AT5G62320
AT5G62380	NAC	AT5G62380
AT5G62430	Dof	AT5G62430
AT5G62470	MYB	AT5G62470
AT5G62610	bHLH	AT5G62610
AT5G62940	Dof	AT5G62940
AT5G63090	LBD	AT5G63090
AT5G63260	C3H	AT5G63260
AT5G63280	C2H2	AT5G63280
AT5G63420	Trihelix	AT5G63420
AT5G63470	NF-YC	AT5G63470
AT5G63790	NAC	AT5G63790
AT5G64060	NAC	AT5G64060
AT5G64220	CAMTA	AT5G64220
AT5G64530	NAC	AT5G64530
AT5G64750	ERF	AT5G64750
AT5G64810	WRKY	AT5G64810
AT5G65050	MIKC_MADS	AT5G65050
AT5G65060	MIKC_MADS	AT5G65060
AT5G65070	MIKC_MADS	AT5G65070
AT5G65080	MIKC_MADS	AT5G65080
AT5G65100	EIL	AT5G65100
AT5G65130	ERF	AT5G65130
AT5G65210	bZIP	AT5G65210
AT5G65230	MYB	AT5G65230
AT5G65310	HD-ZIP	AT5G65310
AT5G65320	bHLH	AT5G65320
AT5G65330	M-type_MADS	AT5G65330
AT5G65410	ZF-HD	AT5G65410
AT5G65510	AP2	AT5G65510
AT5G65590	Dof	AT5G65590
AT5G65640	bHLH	AT5G65640
AT5G65790	MYB	AT5G65790
AT5G66300	NAC	AT5G66300
AT5G66320	GATA	AT5G66320
AT5G66350	SRS	AT5G66350
AT5G66700	HD-ZIP	AT5G66700
AT5G66730	C2H2	AT5G66730
AT5G66770	GRAS	AT5G66770
AT5G66870	LBD	AT5G66870
AT5G66940	Dof	AT5G66940
AT5G66980	B3	AT5G66980
AT5G66990	Nin-like	AT5G66990
AT5G67000	ERF	AT5G67000
AT5G67010	ERF	AT5G67010
AT5G67060	bHLH	AT5G67060
AT5G67110	bHLH	AT5G67110
AT5G67180	AP2	AT5G67180
AT5G67190	ERF	AT5G67190
AT5G67300	MYB	AT5G67300
AT5G67411	GRAS	AT5G67411
AT5G67420	LBD	AT5G67420
AT5G67450	C2H2	AT5G67450
AT5G67580	MYB_related	AT5G67580
