gene	node	trajectory
AT1G01180	9	0,-0.0606285,-1.2538,0.00382774
AT1G01580	57	0,0.163101,0.0417034,-1.07882
AT1G02060	9	0,-0.0606285,-1.2538,0.00382774
AT1G02730	9	0,-0.0606285,-1.2538,0.00382774
AT1G03090	9	0,-0.0606285,-1.2538,0.00382774
AT1G03410	57	0,0.163101,0.0417034,-1.07882
AT1G03620	27	0,-1.2747,0.0662563,-0.120547
AT1G03630	27	0,-1.2747,0.0662563,-0.120547
AT1G03820	27	0,-1.2747,0.0662563,-0.120547
AT1G03850	54	0,0.163101,0.0417034,0.766731
AT1G03870	0	0,-0.0606285,1.14487,0.0313974
AT1G04220	27	0,-1.2747,0.0662563,-0.120547
AT1G04240	0	0,-0.0606285,1.14487,0.0313974
AT1G04503	54	0,0.163101,0.0417034,0.766731
AT1G04770	57	0,0.163101,0.0417034,-1.07882
AT1G05010	18	0,-0.0606285,1.63183,0.0357698
AT1G05370	27	0,-1.2747,0.0662563,-0.120547
AT1G05575	54	0,0.163101,0.0417034,0.766731
AT1G06000	27	0,-1.2747,0.0662563,-0.120547
AT1G06040	27	0,-1.2747,0.0662563,-0.120547
AT1G06080	57	0,0.163101,0.0417034,-1.07882
AT1G06160	54	0,0.163101,0.0417034,0.766731
AT1G06350	0	0,-0.0606285,1.14487,0.0313974
AT1G06475	18	0,-0.0606285,1.63183,0.0357698
AT1G06570	9	0,-0.0606285,-1.2538,0.00382774
AT1G06830	18	0,-0.0606285,1.63183,0.0357698
AT1G07150	18	0,-0.0606285,1.63183,0.0357698
AT1G07367	0	0,-0.0606285,1.14487,0.0313974
AT1G07373	54	0,0.163101,0.0417034,0.766731
AT1G07730	27	0,-1.2747,0.0662563,-0.120547
AT1G07737	9	0,-0.0606285,-1.2538,0.00382774
AT1G07750	0	0,-0.0606285,1.14487,0.0313974
AT1G07880	27	0,-1.2747,0.0662563,-0.120547
AT1G08430	27	0,-1.2747,0.0662563,-0.120547
AT1G08477	57	0,0.163101,0.0417034,-1.07882
AT1G08550	9	0,-0.0606285,-1.2538,0.00382774
AT1G08560	9	0,-0.0606285,-1.2538,0.00382774
AT1G08570	9	0,-0.0606285,-1.2538,0.00382774
AT1G08930	18	0,-0.0606285,1.63183,0.0357698
AT1G09310	57	0,0.163101,0.0417034,-1.07882
AT1G09390	0	0,-0.0606285,1.14487,0.0313974
AT1G09530	18	0,-0.0606285,1.63183,0.0357698
AT1G09750	9	0,-0.0606285,-1.2538,0.00382774
AT1G09780	0	0,-0.0606285,1.14487,0.0313974
AT1G10370	27	0,-1.2747,0.0662563,-0.120547
AT1G10550	54	0,0.163101,0.0417034,0.766731
AT1G10640	27	0,-1.2747,0.0662563,-0.120547
AT1G10660	9	0,-0.0606285,-1.2538,0.00382774
AT1G11175	54	0,0.163101,0.0417034,0.766731
AT1G11185	54	0,0.163101,0.0417034,0.766731
AT1G11260	9	0,-0.0606285,-1.2538,0.00382774
AT1G11330	0	0,-0.0606285,1.14487,0.0313974
AT1G11545	18	0,-0.0606285,1.63183,0.0357698
AT1G11700	18	0,-0.0606285,1.63183,0.0357698
AT1G12090	0	0,-0.0606285,1.14487,0.0313974
AT1G12110	0	0,-0.0606285,1.14487,0.0313974
AT1G13260	54	0,0.163101,0.0417034,0.766731
AT1G14120	54	0,0.163101,0.0417034,0.766731
AT1G14210	0	0,-0.0606285,1.14487,0.0313974
AT1G14730	27	0,-1.2747,0.0662563,-0.120547
AT1G15040	54	0,0.163101,0.0417034,0.766731
AT1G15410	18	0,-0.0606285,1.63183,0.0357698
AT1G15550	18	0,-0.0606285,1.63183,0.0357698
AT1G16130	18	0,-0.0606285,1.63183,0.0357698
AT1G16500	27	0,-1.2747,0.0662563,-0.120547
AT1G16510	0	0,-0.0606285,1.14487,0.0313974
AT1G17345	54	0,0.163101,0.0417034,0.766731
AT1G17830	0	0,-0.0606285,1.14487,0.0313974
AT1G17980	0	0,-0.0606285,1.14487,0.0313974
AT1G18000	54	0,0.163101,0.0417034,0.766731
AT1G18010	57	0,0.163101,0.0417034,-1.07882
AT1G18020	18	0,-0.0606285,1.63183,0.0357698
AT1G18100	18	0,-0.0606285,1.63183,0.0357698
AT1G18140	27	0,-1.2747,0.0662563,-0.120547
AT1G18290	0	0,-0.0606285,1.14487,0.0313974
AT1G18330	57	0,0.163101,0.0417034,-1.07882
AT1G18400	18	0,-0.0606285,1.63183,0.0357698
AT1G18870	54	0,0.163101,0.0417034,0.766731
AT1G19050	0	0,-0.0606285,1.14487,0.0313974
AT1G19180	18	0,-0.0606285,1.63183,0.0357698
AT1G19340	0	0,-0.0606285,1.14487,0.0313974
AT1G19450	0	0,-0.0606285,1.14487,0.0313974
AT1G19530	54	0,0.163101,0.0417034,0.766731
AT1G19960	54	0,0.163101,0.0417034,0.766731
AT1G20190	18	0,-0.0606285,1.63183,0.0357698
AT1G20630	9	0,-0.0606285,-1.2538,0.00382774
AT1G20900	0	0,-0.0606285,1.14487,0.0313974
AT1G21110	27	0,-1.2747,0.0662563,-0.120547
AT1G21130	54	0,0.163101,0.0417034,0.766731
AT1G21270	0	0,-0.0606285,1.14487,0.0313974
AT1G21326	54	0,0.163101,0.0417034,0.766731
AT1G21680	54	0,0.163101,0.0417034,0.766731
AT1G21910	0	0,-0.0606285,1.14487,0.0313974
AT1G22150	57	0,0.163101,0.0417034,-1.07882
AT1G22180	0	0,-0.0606285,1.14487,0.0313974
AT1G22610	57	0,0.163101,0.0417034,-1.07882
AT1G22640	9	0,-0.0606285,-1.2538,0.00382774
AT1G22650	27	0,-1.2747,0.0662563,-0.120547
AT1G22770	57	0,0.163101,0.0417034,-1.07882
AT1G22890	9	0,-0.0606285,-1.2538,0.00382774
AT1G23020	0	0,-0.0606285,1.14487,0.0313974
AT1G23080	18	0,-0.0606285,1.63183,0.0357698
AT1G23390	54	0,0.163101,0.0417034,0.766731
AT1G23730	54	0,0.163101,0.0417034,0.766731
AT1G24530	18	0,-0.0606285,1.63183,0.0357698
AT1G25145	54	0,0.163101,0.0417034,0.766731
AT1G25230	0	0,-0.0606285,1.14487,0.0313974
AT1G25520	0	0,-0.0606285,1.14487,0.0313974
AT1G26665	9	0,-0.0606285,-1.2538,0.00382774
AT1G26730	18	0,-0.0606285,1.63183,0.0357698
AT1G26800	54	0,0.163101,0.0417034,0.766731
AT1G27020	18	0,-0.0606285,1.63183,0.0357698
AT1G27030	18	0,-0.0606285,1.63183,0.0357698
AT1G27980	0	0,-0.0606285,1.14487,0.0313974
AT1G28330	54	0,0.163101,0.0417034,0.766731
AT1G28370	0	0,-0.0606285,1.14487,0.0313974
AT1G28660	0	0,-0.0606285,1.14487,0.0313974
AT1G29090	57	0,0.163101,0.0417034,-1.07882
AT1G29640	57	0,0.163101,0.0417034,-1.07882
AT1G30210	54	0,0.163101,0.0417034,0.766731
AT1G30280	18	0,-0.0606285,1.63183,0.0357698
AT1G30750	27	0,-1.2747,0.0662563,-0.120547
AT1G30840	27	0,-1.2747,0.0662563,-0.120547
AT1G31335	9	0,-0.0606285,-1.2538,0.00382774
AT1G32190	0	0,-0.0606285,1.14487,0.0313974
AT1G33055	54	0,0.163101,0.0417034,0.766731
AT1G33170	27	0,-1.2747,0.0662563,-0.120547
AT1G33260	27	0,-1.2747,0.0662563,-0.120547
AT1G33790	0	0,-0.0606285,1.14487,0.0313974
AT1G33800	0	0,-0.0606285,1.14487,0.0313974
AT1G34355	9	0,-0.0606285,-1.2538,0.00382774
AT1G35250	27	0,-1.2747,0.0662563,-0.120547
AT1G35290	57	0,0.163101,0.0417034,-1.07882
AT1G35320	0	0,-0.0606285,1.14487,0.0313974
AT1G35420	9	0,-0.0606285,-1.2538,0.00382774
AT1G36280	0	0,-0.0606285,1.14487,0.0313974
AT1G41830	0	0,-0.0606285,1.14487,0.0313974
AT1G43160	54	0,0.163101,0.0417034,0.766731
AT1G43800	54	0,0.163101,0.0417034,0.766731
AT1G43910	18	0,-0.0606285,1.63183,0.0357698
AT1G44100	18	0,-0.0606285,1.63183,0.0357698
AT1G44800	0	0,-0.0606285,1.14487,0.0313974
AT1G46480	27	0,-1.2747,0.0662563,-0.120547
AT1G47395	18	0,-0.0606285,1.63183,0.0357698
AT1G48100	9	0,-0.0606285,-1.2538,0.00382774
AT1G49010	9	0,-0.0606285,-1.2538,0.00382774
AT1G49032	9	0,-0.0606285,-1.2538,0.00382774
AT1G49200	54	0,0.163101,0.0417034,0.766731
AT1G49230	0	0,-0.0606285,1.14487,0.0313974
AT1G49570	54	0,0.163101,0.0417034,0.766731
AT1G49620	0	0,-0.0606285,1.14487,0.0313974
AT1G49660	18	0,-0.0606285,1.63183,0.0357698
AT1G49720	9	0,-0.0606285,-1.2538,0.00382774
AT1G52280	0	0,-0.0606285,1.14487,0.0313974
AT1G52342	54	0,0.163101,0.0417034,0.766731
AT1G52820	54	0,0.163101,0.0417034,0.766731
AT1G52870	9	0,-0.0606285,-1.2538,0.00382774
AT1G53140	9	0,-0.0606285,-1.2538,0.00382774
AT1G53180	54	0,0.163101,0.0417034,0.766731
AT1G53440	0	0,-0.0606285,1.14487,0.0313974
AT1G53490	0	0,-0.0606285,1.14487,0.0313974
AT1G53500	0	0,-0.0606285,1.14487,0.0313974
AT1G54540	27	0,-1.2747,0.0662563,-0.120547
AT1G54740	9	0,-0.0606285,-1.2538,0.00382774
AT1G55000	9	0,-0.0606285,-1.2538,0.00382774
AT1G55120	0	0,-0.0606285,1.14487,0.0313974
AT1G55960	9	0,-0.0606285,-1.2538,0.00382774
AT1G56170	0	0,-0.0606285,1.14487,0.0313974
AT1G56660	18	0,-0.0606285,1.63183,0.0357698
AT1G58290	9	0,-0.0606285,-1.2538,0.00382774
AT1G60010	54	0,0.163101,0.0417034,0.766731
AT1G60140	9	0,-0.0606285,-1.2538,0.00382774
AT1G60270	27	0,-1.2747,0.0662563,-0.120547
AT1G61260	18	0,-0.0606285,1.63183,0.0357698
AT1G61820	9	0,-0.0606285,-1.2538,0.00382774
AT1G62290	57	0,0.163101,0.0417034,-1.07882
AT1G62380	18	0,-0.0606285,1.63183,0.0357698
AT1G62420	54	0,0.163101,0.0417034,0.766731
AT1G62560	27	0,-1.2747,0.0662563,-0.120547
AT1G62790	18	0,-0.0606285,1.63183,0.0357698
AT1G62870	27	0,-1.2747,0.0662563,-0.120547
AT1G62975	57	0,0.163101,0.0417034,-1.07882
AT1G63940	0	0,-0.0606285,1.14487,0.0313974
AT1G64370	54	0,0.163101,0.0417034,0.766731
AT1G64390	0	0,-0.0606285,1.14487,0.0313974
AT1G64500	57	0,0.163101,0.0417034,-1.07882
AT1G64590	27	0,-1.2747,0.0662563,-0.120547
AT1G64640	18	0,-0.0606285,1.63183,0.0357698
AT1G64660	54	0,0.163101,0.0417034,0.766731
AT1G64780	27	0,-1.2747,0.0662563,-0.120547
AT1G64900	9	0,-0.0606285,-1.2538,0.00382774
AT1G64980	0	0,-0.0606285,1.14487,0.0313974
AT1G65310	18	0,-0.0606285,1.63183,0.0357698
AT1G65490	27	0,-1.2747,0.0662563,-0.120547
AT1G65710	9	0,-0.0606285,-1.2538,0.00382774
AT1G65840	0	0,-0.0606285,1.14487,0.0313974
AT1G65900	27	0,-1.2747,0.0662563,-0.120547
AT1G65970	54	0,0.163101,0.0417034,0.766731
AT1G66160	0	0,-0.0606285,1.14487,0.0313974
AT1G67360	0	0,-0.0606285,1.14487,0.0313974
AT1G67830	27	0,-1.2747,0.0662563,-0.120547
AT1G67900	27	0,-1.2747,0.0662563,-0.120547
AT1G67910	54	0,0.163101,0.0417034,0.766731
AT1G68330	0	0,-0.0606285,1.14487,0.0313974
AT1G68530	57	0,0.163101,0.0417034,-1.07882
AT1G68650	9	0,-0.0606285,-1.2538,0.00382774
AT1G68850	27	0,-1.2747,0.0662563,-0.120547
AT1G69030	0	0,-0.0606285,1.14487,0.0313974
AT1G69230	54	0,0.163101,0.0417034,0.766731
AT1G69520	0	0,-0.0606285,1.14487,0.0313974
AT1G69530	0	0,-0.0606285,1.14487,0.0313974
AT1G69870	27	0,-1.2747,0.0662563,-0.120547
AT1G69880	54	0,0.163101,0.0417034,0.766731
AT1G70290	54	0,0.163101,0.0417034,0.766731
AT1G70700	9	0,-0.0606285,-1.2538,0.00382774
AT1G70830	57	0,0.163101,0.0417034,-1.07882
AT1G70850	9	0,-0.0606285,-1.2538,0.00382774
AT1G71880	18	0,-0.0606285,1.63183,0.0357698
AT1G72030	9	0,-0.0606285,-1.2538,0.00382774
AT1G72060	54	0,0.163101,0.0417034,0.766731
AT1G72240	57	0,0.163101,0.0417034,-1.07882
AT1G72360	18	0,-0.0606285,1.63183,0.0357698
AT1G72416	18	0,-0.0606285,1.63183,0.0357698
AT1G72450	0	0,-0.0606285,1.14487,0.0313974
AT1G72610	54	0,0.163101,0.0417034,0.766731
AT1G72770	9	0,-0.0606285,-1.2538,0.00382774
AT1G72790	0	0,-0.0606285,1.14487,0.0313974
AT1G73120	57	0,0.163101,0.0417034,-1.07882
AT1G73260	9	0,-0.0606285,-1.2538,0.00382774
AT1G73330	54	0,0.163101,0.0417034,0.766731
AT1G73600	27	0,-1.2747,0.0662563,-0.120547
AT1G73630	27	0,-1.2747,0.0662563,-0.120547
AT1G74310	0	0,-0.0606285,1.14487,0.0313974
AT1G74460	27	0,-1.2747,0.0662563,-0.120547
AT1G74670	54	0,0.163101,0.0417034,0.766731
AT1G74890	54	0,0.163101,0.0417034,0.766731
AT1G75750	57	0,0.163101,0.0417034,-1.07882
AT1G75785	0	0,-0.0606285,1.14487,0.0313974
AT1G76040	0	0,-0.0606285,1.14487,0.0313974
AT1G76410	54	0,0.163101,0.0417034,0.766731
AT1G76590	54	0,0.163101,0.0417034,0.766731
AT1G77120	54	0,0.163101,0.0417034,0.766731
AT1G77450	9	0,-0.0606285,-1.2538,0.00382774
AT1G77520	54	0,0.163101,0.0417034,0.766731
AT1G77530	54	0,0.163101,0.0417034,0.766731
AT1G77760	27	0,-1.2747,0.0662563,-0.120547
AT1G78070	27	0,-1.2747,0.0662563,-0.120547
AT1G78270	57	0,0.163101,0.0417034,-1.07882
AT1G78340	57	0,0.163101,0.0417034,-1.07882
AT1G78450	9	0,-0.0606285,-1.2538,0.00382774
AT1G78530	27	0,-1.2747,0.0662563,-0.120547
AT1G78990	27	0,-1.2747,0.0662563,-0.120547
AT1G80160	54	0,0.163101,0.0417034,0.766731
AT1G80310	57	0,0.163101,0.0417034,-1.07882
AT1G80320	27	0,-1.2747,0.0662563,-0.120547
AT1G80380	54	0,0.163101,0.0417034,0.766731
AT1G80440	54	0,0.163101,0.0417034,0.766731
AT1G80920	54	0,0.163101,0.0417034,0.766731
AT2G01010	54	0,0.163101,0.0417034,0.766731
AT2G01180	0	0,-0.0606285,1.14487,0.0313974
AT2G01520	54	0,0.163101,0.0417034,0.766731
AT2G01610	54	0,0.163101,0.0417034,0.766731
AT2G01890	0	0,-0.0606285,1.14487,0.0313974
AT2G02170	0	0,-0.0606285,1.14487,0.0313974
AT2G02710	9	0,-0.0606285,-1.2538,0.00382774
AT2G03090	27	0,-1.2747,0.0662563,-0.120547
AT2G03200	27	0,-1.2747,0.0662563,-0.120547
AT2G03590	0	0,-0.0606285,1.14487,0.0313974
AT2G04040	54	0,0.163101,0.0417034,0.766731
AT2G05070	57	0,0.163101,0.0417034,-1.07882
AT2G05100	57	0,0.163101,0.0417034,-1.07882
AT2G05230	54	0,0.163101,0.0417034,0.766731
AT2G05250	9	0,-0.0606285,-1.2538,0.00382774
AT2G05380	57	0,0.163101,0.0417034,-1.07882
AT2G05440	27	0,-1.2747,0.0662563,-0.120547
AT2G05510	54	0,0.163101,0.0417034,0.766731
AT2G05520	57	0,0.163101,0.0417034,-1.07882
AT2G05540	57	0,0.163101,0.0417034,-1.07882
AT2G07180	9	0,-0.0606285,-1.2538,0.00382774
AT2G08650	9	0,-0.0606285,-1.2538,0.00382774
AT2G08665	57	0,0.163101,0.0417034,-1.07882
AT2G14247	18	0,-0.0606285,1.63183,0.0357698
AT2G14890	0	0,-0.0606285,1.14487,0.0313974
AT2G15570	0	0,-0.0606285,1.14487,0.0313974
AT2G15880	54	0,0.163101,0.0417034,0.766731
AT2G15890	54	0,0.163101,0.0417034,0.766731
AT2G15960	9	0,-0.0606285,-1.2538,0.00382774
AT2G15970	57	0,0.163101,0.0417034,-1.07882
AT2G16060	54	0,0.163101,0.0417034,0.766731
AT2G16890	57	0,0.163101,0.0417034,-1.07882
AT2G17450	54	0,0.163101,0.0417034,0.766731
AT2G17760	27	0,-1.2747,0.0662563,-0.120547
AT2G18150	54	0,0.163101,0.0417034,0.766731
AT2G18230	0	0,-0.0606285,1.14487,0.0313974
AT2G18328	27	0,-1.2747,0.0662563,-0.120547
AT2G18700	54	0,0.163101,0.0417034,0.766731
AT2G18910	0	0,-0.0606285,1.14487,0.0313974
AT2G19572	54	0,0.163101,0.0417034,0.766731
AT2G19800	9	0,-0.0606285,-1.2538,0.00382774
AT2G19810	9	0,-0.0606285,-1.2538,0.00382774
AT2G20340	27	0,-1.2747,0.0662563,-0.120547
AT2G20635	9	0,-0.0606285,-1.2538,0.00382774
AT2G20670	54	0,0.163101,0.0417034,0.766731
AT2G20750	18	0,-0.0606285,1.63183,0.0357698
AT2G21100	27	0,-1.2747,0.0662563,-0.120547
AT2G21185	9	0,-0.0606285,-1.2538,0.00382774
AT2G21590	18	0,-0.0606285,1.63183,0.0357698
AT2G22240	27	0,-1.2747,0.0662563,-0.120547
AT2G22450	9	0,-0.0606285,-1.2538,0.00382774
AT2G22470	0	0,-0.0606285,1.14487,0.0313974
AT2G22500	18	0,-0.0606285,1.63183,0.0357698
AT2G22510	27	0,-1.2747,0.0662563,-0.120547
AT2G22540	27	0,-1.2747,0.0662563,-0.120547
AT2G22590	57	0,0.163101,0.0417034,-1.07882
AT2G22860	54	0,0.163101,0.0417034,0.766731
AT2G23010	54	0,0.163101,0.0417034,0.766731
AT2G23540	27	0,-1.2747,0.0662563,-0.120547
AT2G23910	27	0,-1.2747,0.0662563,-0.120547
AT2G24545	9	0,-0.0606285,-1.2538,0.00382774
AT2G24762	18	0,-0.0606285,1.63183,0.0357698
AT2G25000	0	0,-0.0606285,1.14487,0.0313974
AT2G25090	9	0,-0.0606285,-1.2538,0.00382774
AT2G25450	9	0,-0.0606285,-1.2538,0.00382774
AT2G25510	57	0,0.163101,0.0417034,-1.07882
AT2G25530	27	0,-1.2747,0.0662563,-0.120547
AT2G25900	54	0,0.163101,0.0417034,0.766731
AT2G26500	9	0,-0.0606285,-1.2538,0.00382774
AT2G26760	9	0,-0.0606285,-1.2538,0.00382774
AT2G27402	54	0,0.163101,0.0417034,0.766731
AT2G27690	18	0,-0.0606285,1.63183,0.0357698
AT2G28140	27	0,-1.2747,0.0662563,-0.120547
AT2G28260	0	0,-0.0606285,1.14487,0.0313974
AT2G28470	27	0,-1.2747,0.0662563,-0.120547
AT2G28570	54	0,0.163101,0.0417034,0.766731
AT2G28671	27	0,-1.2747,0.0662563,-0.120547
AT2G28780	18	0,-0.0606285,1.63183,0.0357698
AT2G28950	27	0,-1.2747,0.0662563,-0.120547
AT2G29060	0	0,-0.0606285,1.14487,0.0313974
AT2G29630	9	0,-0.0606285,-1.2538,0.00382774
AT2G29730	0	0,-0.0606285,1.14487,0.0313974
AT2G29740	0	0,-0.0606285,1.14487,0.0313974
AT2G29750	18	0,-0.0606285,1.63183,0.0357698
AT2G30210	27	0,-1.2747,0.0662563,-0.120547
AT2G30600	9	0,-0.0606285,-1.2538,0.00382774
AT2G30766	54	0,0.163101,0.0417034,0.766731
AT2G30820	9	0,-0.0606285,-1.2538,0.00382774
AT2G30870	0	0,-0.0606285,1.14487,0.0313974
AT2G31110	0	0,-0.0606285,1.14487,0.0313974
AT2G31380	27	0,-1.2747,0.0662563,-0.120547
AT2G31390	0	0,-0.0606285,1.14487,0.0313974
AT2G31680	0	0,-0.0606285,1.14487,0.0313974
AT2G31810	9	0,-0.0606285,-1.2538,0.00382774
AT2G31980	18	0,-0.0606285,1.63183,0.0357698
AT2G32150	9	0,-0.0606285,-1.2538,0.00382774
AT2G32300	27	0,-1.2747,0.0662563,-0.120547
AT2G32550	0	0,-0.0606285,1.14487,0.0313974
AT2G33770	27	0,-1.2747,0.0662563,-0.120547
AT2G33830	54	0,0.163101,0.0417034,0.766731
AT2G33850	54	0,0.163101,0.0417034,0.766731
AT2G34180	54	0,0.163101,0.0417034,0.766731
AT2G34420	54	0,0.163101,0.0417034,0.766731
AT2G34600	9	0,-0.0606285,-1.2538,0.00382774
AT2G34810	57	0,0.163101,0.0417034,-1.07882
AT2G35290	18	0,-0.0606285,1.63183,0.0357698
AT2G35380	27	0,-1.2747,0.0662563,-0.120547
AT2G35760	18	0,-0.0606285,1.63183,0.0357698
AT2G36100	27	0,-1.2747,0.0662563,-0.120547
AT2G36430	9	0,-0.0606285,-1.2538,0.00382774
AT2G36490	9	0,-0.0606285,-1.2538,0.00382774
AT2G36570	27	0,-1.2747,0.0662563,-0.120547
AT2G36870	27	0,-1.2747,0.0662563,-0.120547
AT2G36885	9	0,-0.0606285,-1.2538,0.00382774
AT2G37180	57	0,0.163101,0.0417034,-1.07882
AT2G37870	54	0,0.163101,0.0417034,0.766731
AT2G38110	27	0,-1.2747,0.0662563,-0.120547
AT2G38180	0	0,-0.0606285,1.14487,0.0313974
AT2G38210	9	0,-0.0606285,-1.2538,0.00382774
AT2G38230	9	0,-0.0606285,-1.2538,0.00382774
AT2G38280	0	0,-0.0606285,1.14487,0.0313974
AT2G38310	0	0,-0.0606285,1.14487,0.0313974
AT2G38380	27	0,-1.2747,0.0662563,-0.120547
AT2G38530	57	0,0.163101,0.0417034,-1.07882
AT2G38640	18	0,-0.0606285,1.63183,0.0357698
AT2G38800	9	0,-0.0606285,-1.2538,0.00382774
AT2G38820	9	0,-0.0606285,-1.2538,0.00382774
AT2G38870	57	0,0.163101,0.0417034,-1.07882
AT2G39000	9	0,-0.0606285,-1.2538,0.00382774
AT2G39130	18	0,-0.0606285,1.63183,0.0357698
AT2G39180	18	0,-0.0606285,1.63183,0.0357698
AT2G39220	27	0,-1.2747,0.0662563,-0.120547
AT2G39310	9	0,-0.0606285,-1.2538,0.00382774
AT2G39400	54	0,0.163101,0.0417034,0.766731
AT2G39430	27	0,-1.2747,0.0662563,-0.120547
AT2G39510	0	0,-0.0606285,1.14487,0.0313974
AT2G39570	54	0,0.163101,0.0417034,0.766731
AT2G39650	0	0,-0.0606285,1.14487,0.0313974
AT2G39980	54	0,0.163101,0.0417034,0.766731
AT2G40130	54	0,0.163101,0.0417034,0.766731
AT2G40300	54	0,0.163101,0.0417034,0.766731
AT2G40370	27	0,-1.2747,0.0662563,-0.120547
AT2G40460	27	0,-1.2747,0.0662563,-0.120547
AT2G40610	0	0,-0.0606285,1.14487,0.0313974
AT2G40940	0	0,-0.0606285,1.14487,0.0313974
AT2G41190	18	0,-0.0606285,1.63183,0.0357698
AT2G41230	18	0,-0.0606285,1.63183,0.0357698
AT2G41240	54	0,0.163101,0.0417034,0.766731
AT2G41410	0	0,-0.0606285,1.14487,0.0313974
AT2G41480	27	0,-1.2747,0.0662563,-0.120547
AT2G41990	0	0,-0.0606285,1.14487,0.0313974
AT2G42247	27	0,-1.2747,0.0662563,-0.120547
AT2G42320	0	0,-0.0606285,1.14487,0.0313974
AT2G42610	27	0,-1.2747,0.0662563,-0.120547
AT2G42870	0	0,-0.0606285,1.14487,0.0313974
AT2G43100	9	0,-0.0606285,-1.2538,0.00382774
AT2G43120	18	0,-0.0606285,1.63183,0.0357698
AT2G43140	54	0,0.163101,0.0417034,0.766731
AT2G43510	57	0,0.163101,0.0417034,-1.07882
AT2G43535	54	0,0.163101,0.0417034,0.766731
AT2G43540	9	0,-0.0606285,-1.2538,0.00382774
AT2G43590	27	0,-1.2747,0.0662563,-0.120547
AT2G44080	54	0,0.163101,0.0417034,0.766731
AT2G44230	27	0,-1.2747,0.0662563,-0.120547
AT2G44300	0	0,-0.0606285,1.14487,0.0313974
AT2G44940	27	0,-1.2747,0.0662563,-0.120547
AT2G45210	0	0,-0.0606285,1.14487,0.0313974
AT2G45220	9	0,-0.0606285,-1.2538,0.00382774
AT2G45560	9	0,-0.0606285,-1.2538,0.00382774
AT2G45660	54	0,0.163101,0.0417034,0.766731
AT2G45680	57	0,0.163101,0.0417034,-1.07882
AT2G45685	0	0,-0.0606285,1.14487,0.0313974
AT2G46630	18	0,-0.0606285,1.63183,0.0357698
AT2G46790	57	0,0.163101,0.0417034,-1.07882
AT2G46830	27	0,-1.2747,0.0662563,-0.120547
AT2G47000	0	0,-0.0606285,1.14487,0.0313974
AT2G47010	27	0,-1.2747,0.0662563,-0.120547
AT2G47180	27	0,-1.2747,0.0662563,-0.120547
AT2G47460	57	0,0.163101,0.0417034,-1.07882
AT2G47560	27	0,-1.2747,0.0662563,-0.120547
AT2G47890	9	0,-0.0606285,-1.2538,0.00382774
AT2G48130	27	0,-1.2747,0.0662563,-0.120547
AT2G48140	27	0,-1.2747,0.0662563,-0.120547
AT3G01205	57	0,0.163101,0.0417034,-1.07882
AT3G01310	9	0,-0.0606285,-1.2538,0.00382774
AT3G01420	57	0,0.163101,0.0417034,-1.07882
AT3G01680	27	0,-1.2747,0.0662563,-0.120547
AT3G01770	9	0,-0.0606285,-1.2538,0.00382774
AT3G01970	54	0,0.163101,0.0417034,0.766731
AT3G02230	0	0,-0.0606285,1.14487,0.0313974
AT3G02410	0	0,-0.0606285,1.14487,0.0313974
AT3G02480	0	0,-0.0606285,1.14487,0.0313974
AT3G02550	18	0,-0.0606285,1.63183,0.0357698
AT3G02790	54	0,0.163101,0.0417034,0.766731
AT3G02870	18	0,-0.0606285,1.63183,0.0357698
AT3G02910	57	0,0.163101,0.0417034,-1.07882
AT3G04140	27	0,-1.2747,0.0662563,-0.120547
AT3G05150	0	0,-0.0606285,1.14487,0.0313974
AT3G05630	18	0,-0.0606285,1.63183,0.0357698
AT3G05640	0	0,-0.0606285,1.14487,0.0313974
AT3G06390	27	0,-1.2747,0.0662563,-0.120547
AT3G07350	54	0,0.163101,0.0417034,0.766731
AT3G07650	9	0,-0.0606285,-1.2538,0.00382774
AT3G07870	9	0,-0.0606285,-1.2538,0.00382774
AT3G07990	0	0,-0.0606285,1.14487,0.0313974
AT3G08860	18	0,-0.0606285,1.63183,0.0357698
AT3G09220	9	0,-0.0606285,-1.2538,0.00382774
AT3G09440	0	0,-0.0606285,1.14487,0.0313974
AT3G10020	9	0,-0.0606285,-1.2538,0.00382774
AT3G10040	0	0,-0.0606285,1.14487,0.0313974
AT3G10520	18	0,-0.0606285,1.63183,0.0357698
AT3G11280	0	0,-0.0606285,1.14487,0.0313974
AT3G11430	27	0,-1.2747,0.0662563,-0.120547
AT3G11580	0	0,-0.0606285,1.14487,0.0313974
AT3G11600	9	0,-0.0606285,-1.2538,0.00382774
AT3G12320	27	0,-1.2747,0.0662563,-0.120547
AT3G12500	27	0,-1.2747,0.0662563,-0.120547
AT3G12580	18	0,-0.0606285,1.63183,0.0357698
AT3G12610	0	0,-0.0606285,1.14487,0.0313974
AT3G12710	18	0,-0.0606285,1.63183,0.0357698
AT3G12920	0	0,-0.0606285,1.14487,0.0313974
AT3G13700	54	0,0.163101,0.0417034,0.766731
AT3G13710	57	0,0.163101,0.0417034,-1.07882
AT3G13784	27	0,-1.2747,0.0662563,-0.120547
AT3G14200	0	0,-0.0606285,1.14487,0.0313974
AT3G14230	18	0,-0.0606285,1.63183,0.0357698
AT3G14420	57	0,0.163101,0.0417034,-1.07882
AT3G14590	0	0,-0.0606285,1.14487,0.0313974
AT3G14810	27	0,-1.2747,0.0662563,-0.120547
AT3G15030	27	0,-1.2747,0.0662563,-0.120547
AT3G15353	9	0,-0.0606285,-1.2538,0.00382774
AT3G15450	54	0,0.163101,0.0417034,0.766731
AT3G15540	0	0,-0.0606285,1.14487,0.0313974
AT3G15550	9	0,-0.0606285,-1.2538,0.00382774
AT3G15620	54	0,0.163101,0.0417034,0.766731
AT3G15630	54	0,0.163101,0.0417034,0.766731
AT3G16400	27	0,-1.2747,0.0662563,-0.120547
AT3G16450	9	0,-0.0606285,-1.2538,0.00382774
AT3G16690	9	0,-0.0606285,-1.2538,0.00382774
AT3G16770	18	0,-0.0606285,1.63183,0.0357698
AT3G17390	0	0,-0.0606285,1.14487,0.0313974
AT3G17580	0	0,-0.0606285,1.14487,0.0313974
AT3G17790	0	0,-0.0606285,1.14487,0.0313974
AT3G18050	9	0,-0.0606285,-1.2538,0.00382774
AT3G18080	27	0,-1.2747,0.0662563,-0.120547
AT3G18280	0	0,-0.0606285,1.14487,0.0313974
AT3G18780	9	0,-0.0606285,-1.2538,0.00382774
AT3G18900	27	0,-1.2747,0.0662563,-0.120547
AT3G19050	9	0,-0.0606285,-1.2538,0.00382774
AT3G19150	18	0,-0.0606285,1.63183,0.0357698
AT3G19200	54	0,0.163101,0.0417034,0.766731
AT3G19680	18	0,-0.0606285,1.63183,0.0357698
AT3G19710	9	0,-0.0606285,-1.2538,0.00382774
AT3G20370	9	0,-0.0606285,-1.2538,0.00382774
AT3G20810	9	0,-0.0606285,-1.2538,0.00382774
AT3G21330	0	0,-0.0606285,1.14487,0.0313974
AT3G21560	57	0,0.163101,0.0417034,-1.07882
AT3G21690	27	0,-1.2747,0.0662563,-0.120547
AT3G21720	54	0,0.163101,0.0417034,0.766731
AT3G21770	27	0,-1.2747,0.0662563,-0.120547
AT3G21890	57	0,0.163101,0.0417034,-1.07882
AT3G22060	9	0,-0.0606285,-1.2538,0.00382774
AT3G22120	54	0,0.163101,0.0417034,0.766731
AT3G22550	0	0,-0.0606285,1.14487,0.0313974
AT3G22600	27	0,-1.2747,0.0662563,-0.120547
AT3G22620	27	0,-1.2747,0.0662563,-0.120547
AT3G22760	9	0,-0.0606285,-1.2538,0.00382774
AT3G22840	57	0,0.163101,0.0417034,-1.07882
AT3G22880	9	0,-0.0606285,-1.2538,0.00382774
AT3G22970	9	0,-0.0606285,-1.2538,0.00382774
AT3G23150	54	0,0.163101,0.0417034,0.766731
AT3G23290	54	0,0.163101,0.0417034,0.766731
AT3G23570	9	0,-0.0606285,-1.2538,0.00382774
AT3G23670	9	0,-0.0606285,-1.2538,0.00382774
AT3G23800	18	0,-0.0606285,1.63183,0.0357698
AT3G23880	54	0,0.163101,0.0417034,0.766731
AT3G23890	9	0,-0.0606285,-1.2538,0.00382774
AT3G24020	27	0,-1.2747,0.0662563,-0.120547
AT3G24460	9	0,-0.0606285,-1.2538,0.00382774
AT3G24520	27	0,-1.2747,0.0662563,-0.120547
AT3G25190	57	0,0.163101,0.0417034,-1.07882
AT3G25290	0	0,-0.0606285,1.14487,0.0313974
AT3G25640	27	0,-1.2747,0.0662563,-0.120547
AT3G25780	0	0,-0.0606285,1.14487,0.0313974
AT3G25820	27	0,-1.2747,0.0662563,-0.120547
AT3G26040	27	0,-1.2747,0.0662563,-0.120547
AT3G26460	54	0,0.163101,0.0417034,0.766731
AT3G26580	9	0,-0.0606285,-1.2538,0.00382774
AT3G26740	9	0,-0.0606285,-1.2538,0.00382774
AT3G26840	0	0,-0.0606285,1.14487,0.0313974
AT3G27400	27	0,-1.2747,0.0662563,-0.120547
AT3G28420	27	0,-1.2747,0.0662563,-0.120547
AT3G28740	9	0,-0.0606285,-1.2538,0.00382774
AT3G29360	0	0,-0.0606285,1.14487,0.0313974
AT3G29370	18	0,-0.0606285,1.63183,0.0357698
AT3G32980	27	0,-1.2747,0.0662563,-0.120547
AT3G43670	9	0,-0.0606285,-1.2538,0.00382774
AT3G43800	0	0,-0.0606285,1.14487,0.0313974
AT3G44260	18	0,-0.0606285,1.63183,0.0357698
AT3G44450	27	0,-1.2747,0.0662563,-0.120547
AT3G44540	27	0,-1.2747,0.0662563,-0.120547
AT3G44550	27	0,-1.2747,0.0662563,-0.120547
AT3G44940	27	0,-1.2747,0.0662563,-0.120547
AT3G44970	57	0,0.163101,0.0417034,-1.07882
AT3G44990	18	0,-0.0606285,1.63183,0.0357698
AT3G45680	54	0,0.163101,0.0417034,0.766731
AT3G45960	0	0,-0.0606285,1.14487,0.0313974
AT3G46110	0	0,-0.0606285,1.14487,0.0313974
AT3G47340	54	0,0.163101,0.0417034,0.766731
AT3G47500	27	0,-1.2747,0.0662563,-0.120547
AT3G47960	18	0,-0.0606285,1.63183,0.0357698
AT3G48100	0	0,-0.0606285,1.14487,0.0313974
AT3G48260	18	0,-0.0606285,1.63183,0.0357698
AT3G48350	27	0,-1.2747,0.0662563,-0.120547
AT3G48360	54	0,0.163101,0.0417034,0.766731
AT3G48690	9	0,-0.0606285,-1.2538,0.00382774
AT3G48740	27	0,-1.2747,0.0662563,-0.120547
AT3G49790	54	0,0.163101,0.0417034,0.766731
AT3G50340	0	0,-0.0606285,1.14487,0.0313974
AT3G50350	0	0,-0.0606285,1.14487,0.0313974
AT3G50400	27	0,-1.2747,0.0662563,-0.120547
AT3G51238	27	0,-1.2747,0.0662563,-0.120547
AT3G51330	9	0,-0.0606285,-1.2538,0.00382774
AT3G51600	54	0,0.163101,0.0417034,0.766731
AT3G52060	9	0,-0.0606285,-1.2538,0.00382774
AT3G52070	9	0,-0.0606285,-1.2538,0.00382774
AT3G52340	0	0,-0.0606285,1.14487,0.0313974
AT3G52540	9	0,-0.0606285,-1.2538,0.00382774
AT3G52740	27	0,-1.2747,0.0662563,-0.120547
AT3G52940	18	0,-0.0606285,1.63183,0.0357698
AT3G52950	0	0,-0.0606285,1.14487,0.0313974
AT3G53980	18	0,-0.0606285,1.63183,0.0357698
AT3G54000	18	0,-0.0606285,1.63183,0.0357698
AT3G54400	18	0,-0.0606285,1.63183,0.0357698
AT3G54820	27	0,-1.2747,0.0662563,-0.120547
AT3G54880	9	0,-0.0606285,-1.2538,0.00382774
AT3G54990	57	0,0.163101,0.0417034,-1.07882
AT3G55120	27	0,-1.2747,0.0662563,-0.120547
AT3G55230	27	0,-1.2747,0.0662563,-0.120547
AT3G55660	9	0,-0.0606285,-1.2538,0.00382774
AT3G55980	0	0,-0.0606285,1.14487,0.0313974
AT3G56240	0	0,-0.0606285,1.14487,0.0313974
AT3G56290	27	0,-1.2747,0.0662563,-0.120547
AT3G56380	54	0,0.163101,0.0417034,0.766731
AT3G56400	54	0,0.163101,0.0417034,0.766731
AT3G56730	27	0,-1.2747,0.0662563,-0.120547
AT3G56970	54	0,0.163101,0.0417034,0.766731
AT3G56980	54	0,0.163101,0.0417034,0.766731
AT3G57020	9	0,-0.0606285,-1.2538,0.00382774
AT3G57520	54	0,0.163101,0.0417034,0.766731
AT3G57540	27	0,-1.2747,0.0662563,-0.120547
AT3G57860	9	0,-0.0606285,-1.2538,0.00382774
AT3G58650	9	0,-0.0606285,-1.2538,0.00382774
AT3G59310	0	0,-0.0606285,1.14487,0.0313974
AT3G59340	9	0,-0.0606285,-1.2538,0.00382774
AT3G59900	54	0,0.163101,0.0417034,0.766731
AT3G59940	54	0,0.163101,0.0417034,0.766731
AT3G60440	0	0,-0.0606285,1.14487,0.0313974
AT3G60450	0	0,-0.0606285,1.14487,0.0313974
AT3G61060	54	0,0.163101,0.0417034,0.766731
AT3G61160	9	0,-0.0606285,-1.2538,0.00382774
AT3G61210	54	0,0.163101,0.0417034,0.766731
AT3G61380	0	0,-0.0606285,1.14487,0.0313974
AT3G61640	0	0,-0.0606285,1.14487,0.0313974
AT3G61920	27	0,-1.2747,0.0662563,-0.120547
AT3G62150	0	0,-0.0606285,1.14487,0.0313974
AT3G62410	9	0,-0.0606285,-1.2538,0.00382774
AT3G62570	18	0,-0.0606285,1.63183,0.0357698
AT3G62690	27	0,-1.2747,0.0662563,-0.120547
AT3G62740	54	0,0.163101,0.0417034,0.766731
AT3G62820	0	0,-0.0606285,1.14487,0.0313974
AT3G63210	9	0,-0.0606285,-1.2538,0.00382774
AT4G01060	57	0,0.163101,0.0417034,-1.07882
AT4G02290	27	0,-1.2747,0.0662563,-0.120547
AT4G02330	18	0,-0.0606285,1.63183,0.0357698
AT4G02700	18	0,-0.0606285,1.63183,0.0357698
AT4G02850	27	0,-1.2747,0.0662563,-0.120547
AT4G03100	9	0,-0.0606285,-1.2538,0.00382774
AT4G03140	0	0,-0.0606285,1.14487,0.0313974
AT4G03190	0	0,-0.0606285,1.14487,0.0313974
AT4G03270	27	0,-1.2747,0.0662563,-0.120547
AT4G03400	18	0,-0.0606285,1.63183,0.0357698
AT4G03510	9	0,-0.0606285,-1.2538,0.00382774
AT4G04020	18	0,-0.0606285,1.63183,0.0357698
AT4G04330	9	0,-0.0606285,-1.2538,0.00382774
AT4G04455	18	0,-0.0606285,1.63183,0.0357698
AT4G04630	9	0,-0.0606285,-1.2538,0.00382774
AT4G04750	27	0,-1.2747,0.0662563,-0.120547
AT4G04770	9	0,-0.0606285,-1.2538,0.00382774
AT4G04840	27	0,-1.2747,0.0662563,-0.120547
AT4G04955	18	0,-0.0606285,1.63183,0.0357698
AT4G05100	27	0,-1.2747,0.0662563,-0.120547
AT4G05150	9	0,-0.0606285,-1.2538,0.00382774
AT4G05190	9	0,-0.0606285,-1.2538,0.00382774
AT4G08390	9	0,-0.0606285,-1.2538,0.00382774
AT4G10270	54	0,0.163101,0.0417034,0.766731
AT4G10380	0	0,-0.0606285,1.14487,0.0313974
AT4G11190	27	0,-1.2747,0.0662563,-0.120547
AT4G11290	0	0,-0.0606285,1.14487,0.0313974
AT4G11320	54	0,0.163101,0.0417034,0.766731
AT4G11360	9	0,-0.0606285,-1.2538,0.00382774
AT4G12030	9	0,-0.0606285,-1.2538,0.00382774
AT4G12470	57	0,0.163101,0.0417034,-1.07882
AT4G13040	0	0,-0.0606285,1.14487,0.0313974
AT4G13250	54	0,0.163101,0.0417034,0.766731
AT4G13505	57	0,0.163101,0.0417034,-1.07882
AT4G13660	18	0,-0.0606285,1.63183,0.0357698
AT4G13770	54	0,0.163101,0.0417034,0.766731
AT4G14060	54	0,0.163101,0.0417034,0.766731
AT4G14465	18	0,-0.0606285,1.63183,0.0357698
AT4G14620	9	0,-0.0606285,-1.2538,0.00382774
AT4G14690	57	0,0.163101,0.0417034,-1.07882
AT4G15248	57	0,0.163101,0.0417034,-1.07882
AT4G15480	27	0,-1.2747,0.0662563,-0.120547
AT4G15760	9	0,-0.0606285,-1.2538,0.00382774
AT4G15765	9	0,-0.0606285,-1.2538,0.00382774
AT4G15990	54	0,0.163101,0.0417034,0.766731
AT4G16000	9	0,-0.0606285,-1.2538,0.00382774
AT4G16190	9	0,-0.0606285,-1.2538,0.00382774
AT4G16563	54	0,0.163101,0.0417034,0.766731
AT4G16670	0	0,-0.0606285,1.14487,0.0313974
AT4G16980	27	0,-1.2747,0.0662563,-0.120547
AT4G16983	27	0,-1.2747,0.0662563,-0.120547
AT4G17030	0	0,-0.0606285,1.14487,0.0313974
AT4G17090	9	0,-0.0606285,-1.2538,0.00382774
AT4G17670	18	0,-0.0606285,1.63183,0.0357698
AT4G18070	0	0,-0.0606285,1.14487,0.0313974
AT4G18390	54	0,0.163101,0.0417034,0.766731
AT4G18440	0	0,-0.0606285,1.14487,0.0313974
AT4G19120	18	0,-0.0606285,1.63183,0.0357698
AT4G19230	18	0,-0.0606285,1.63183,0.0357698
AT4G19520	0	0,-0.0606285,1.14487,0.0313974
AT4G19645	27	0,-1.2747,0.0662563,-0.120547
AT4G19810	0	0,-0.0606285,1.14487,0.0313974
AT4G20240	0	0,-0.0606285,1.14487,0.0313974
AT4G20390	27	0,-1.2747,0.0662563,-0.120547
AT4G21400	18	0,-0.0606285,1.63183,0.0357698
AT4G21410	18	0,-0.0606285,1.63183,0.0357698
AT4G21680	57	0,0.163101,0.0417034,-1.07882
AT4G21870	18	0,-0.0606285,1.63183,0.0357698
AT4G22590	0	0,-0.0606285,1.14487,0.0313974
AT4G22730	27	0,-1.2747,0.0662563,-0.120547
AT4G23670	54	0,0.163101,0.0417034,0.766731
AT4G23680	54	0,0.163101,0.0417034,0.766731
AT4G23750	18	0,-0.0606285,1.63183,0.0357698
AT4G24015	54	0,0.163101,0.0417034,0.766731
AT4G24130	27	0,-1.2747,0.0662563,-0.120547
AT4G24140	27	0,-1.2747,0.0662563,-0.120547
AT4G24230	9	0,-0.0606285,-1.2538,0.00382774
AT4G24275	18	0,-0.0606285,1.63183,0.0357698
AT4G24350	54	0,0.163101,0.0417034,0.766731
AT4G24570	0	0,-0.0606285,1.14487,0.0313974
AT4G25100	18	0,-0.0606285,1.63183,0.0357698
AT4G25260	0	0,-0.0606285,1.14487,0.0313974
AT4G25640	27	0,-1.2747,0.0662563,-0.120547
AT4G25700	27	0,-1.2747,0.0662563,-0.120547
AT4G26488	18	0,-0.0606285,1.63183,0.0357698
AT4G26790	27	0,-1.2747,0.0662563,-0.120547
AT4G26890	18	0,-0.0606285,1.63183,0.0357698
AT4G27280	0	0,-0.0606285,1.14487,0.0313974
AT4G27310	57	0,0.163101,0.0417034,-1.07882
AT4G27450	54	0,0.163101,0.0417034,0.766731
AT4G27520	27	0,-1.2747,0.0662563,-0.120547
AT4G27900	18	0,-0.0606285,1.63183,0.0357698
AT4G27970	18	0,-0.0606285,1.63183,0.0357698
AT4G28270	54	0,0.163101,0.0417034,0.766731
AT4G29190	9	0,-0.0606285,-1.2538,0.00382774
AT4G29310	18	0,-0.0606285,1.63183,0.0357698
AT4G29780	0	0,-0.0606285,1.14487,0.0313974
AT4G29905	9	0,-0.0606285,-1.2538,0.00382774
AT4G30060	18	0,-0.0606285,1.63183,0.0357698
AT4G30140	9	0,-0.0606285,-1.2538,0.00382774
AT4G30170	0	0,-0.0606285,1.14487,0.0313974
AT4G30270	9	0,-0.0606285,-1.2538,0.00382774
AT4G30280	0	0,-0.0606285,1.14487,0.0313974
AT4G30290	54	0,0.163101,0.0417034,0.766731
AT4G30490	18	0,-0.0606285,1.63183,0.0357698
AT4G31290	9	0,-0.0606285,-1.2538,0.00382774
AT4G31550	0	0,-0.0606285,1.14487,0.0313974
AT4G31800	54	0,0.163101,0.0417034,0.766731
AT4G32340	9	0,-0.0606285,-1.2538,0.00382774
AT4G32460	0	0,-0.0606285,1.14487,0.0313974
AT4G32480	54	0,0.163101,0.0417034,0.766731
AT4G32810	54	0,0.163101,0.0417034,0.766731
AT4G33070	27	0,-1.2747,0.0662563,-0.120547
AT4G33220	0	0,-0.0606285,1.14487,0.0313974
AT4G33550	57	0,0.163101,0.0417034,-1.07882
AT4G33560	27	0,-1.2747,0.0662563,-0.120547
AT4G33610	27	0,-1.2747,0.0662563,-0.120547
AT4G33666	9	0,-0.0606285,-1.2538,0.00382774
AT4G34138	9	0,-0.0606285,-1.2538,0.00382774
AT4G34770	54	0,0.163101,0.0417034,0.766731
AT4G35160	54	0,0.163101,0.0417034,0.766731
AT4G35190	0	0,-0.0606285,1.14487,0.0313974
AT4G35420	27	0,-1.2747,0.0662563,-0.120547
AT4G35720	18	0,-0.0606285,1.63183,0.0357698
AT4G35770	54	0,0.163101,0.0417034,0.766731
AT4G36010	18	0,-0.0606285,1.63183,0.0357698
AT4G36030	9	0,-0.0606285,-1.2538,0.00382774
AT4G36040	54	0,0.163101,0.0417034,0.766731
AT4G36050	9	0,-0.0606285,-1.2538,0.00382774
AT4G36410	54	0,0.163101,0.0417034,0.766731
AT4G36610	27	0,-1.2747,0.0662563,-0.120547
AT4G36648	0	0,-0.0606285,1.14487,0.0313974
AT4G36670	57	0,0.163101,0.0417034,-1.07882
AT4G36810	54	0,0.163101,0.0417034,0.766731
AT4G37220	57	0,0.163101,0.0417034,-1.07882
AT4G37410	54	0,0.163101,0.0417034,0.766731
AT4G37450	0	0,-0.0606285,1.14487,0.0313974
AT4G37610	54	0,0.163101,0.0417034,0.766731
AT4G37760	9	0,-0.0606285,-1.2538,0.00382774
AT4G37800	54	0,0.163101,0.0417034,0.766731
AT4G37810	27	0,-1.2747,0.0662563,-0.120547
AT4G38062	9	0,-0.0606285,-1.2538,0.00382774
AT4G38080	27	0,-1.2747,0.0662563,-0.120547
AT4G38250	54	0,0.163101,0.0417034,0.766731
AT4G38400	0	0,-0.0606285,1.14487,0.0313974
AT4G38410	54	0,0.163101,0.0417034,0.766731
AT4G38620	27	0,-1.2747,0.0662563,-0.120547
AT4G38770	27	0,-1.2747,0.0662563,-0.120547
AT4G38932	9	0,-0.0606285,-1.2538,0.00382774
AT4G39030	0	0,-0.0606285,1.14487,0.0313974
AT4G39210	18	0,-0.0606285,1.63183,0.0357698
AT4G39260	0	0,-0.0606285,1.14487,0.0313974
AT4G39320	27	0,-1.2747,0.0662563,-0.120547
AT4G39510	27	0,-1.2747,0.0662563,-0.120547
AT4G39770	27	0,-1.2747,0.0662563,-0.120547
AT4G39800	54	0,0.163101,0.0417034,0.766731
AT4G39838	54	0,0.163101,0.0417034,0.766731
AT4G39840	57	0,0.163101,0.0417034,-1.07882
AT4G39950	27	0,-1.2747,0.0662563,-0.120547
AT4G39955	0	0,-0.0606285,1.14487,0.0313974
AT5G01210	54	0,0.163101,0.0417034,0.766731
AT5G01215	54	0,0.163101,0.0417034,0.766731
AT5G01600	9	0,-0.0606285,-1.2538,0.00382774
AT5G01810	18	0,-0.0606285,1.63183,0.0357698
AT5G02020	54	0,0.163101,0.0417034,0.766731
AT5G02200	0	0,-0.0606285,1.14487,0.0313974
AT5G02260	0	0,-0.0606285,1.14487,0.0313974
AT5G02750	18	0,-0.0606285,1.63183,0.0357698
AT5G02810	9	0,-0.0606285,-1.2538,0.00382774
AT5G02840	9	0,-0.0606285,-1.2538,0.00382774
AT5G03190	27	0,-1.2747,0.0662563,-0.120547
AT5G03230	9	0,-0.0606285,-1.2538,0.00382774
AT5G03240	57	0,0.163101,0.0417034,-1.07882
AT5G03545	9	0,-0.0606285,-1.2538,0.00382774
AT5G03680	27	0,-1.2747,0.0662563,-0.120547
AT5G03760	18	0,-0.0606285,1.63183,0.0357698
AT5G04220	27	0,-1.2747,0.0662563,-0.120547
AT5G04810	9	0,-0.0606285,-1.2538,0.00382774
AT5G05270	0	0,-0.0606285,1.14487,0.0313974
AT5G05365	18	0,-0.0606285,1.63183,0.0357698
AT5G05440	18	0,-0.0606285,1.63183,0.0357698
AT5G06980	27	0,-1.2747,0.0662563,-0.120547
AT5G07010	18	0,-0.0606285,1.63183,0.0357698
AT5G07030	27	0,-1.2747,0.0662563,-0.120547
AT5G07110	0	0,-0.0606285,1.14487,0.0313974
AT5G07130	27	0,-1.2747,0.0662563,-0.120547
AT5G07990	27	0,-1.2747,0.0662563,-0.120547
AT5G09480	27	0,-1.2747,0.0662563,-0.120547
AT5G09520	54	0,0.163101,0.0417034,0.766731
AT5G09530	54	0,0.163101,0.0417034,0.766731
AT5G09595	27	0,-1.2747,0.0662563,-0.120547
AT5G10100	57	0,0.163101,0.0417034,-1.07882
AT5G10430	18	0,-0.0606285,1.63183,0.0357698
AT5G10970	27	0,-1.2747,0.0662563,-0.120547
AT5G11975	0	0,-0.0606285,1.14487,0.0313974
AT5G12420	27	0,-1.2747,0.0662563,-0.120547
AT5G12940	18	0,-0.0606285,1.63183,0.0357698
AT5G13170	18	0,-0.0606285,1.63183,0.0357698
AT5G13190	0	0,-0.0606285,1.14487,0.0313974
AT5G13330	54	0,0.163101,0.0417034,0.766731
AT5G13370	54	0,0.163101,0.0417034,0.766731
AT5G13580	27	0,-1.2747,0.0662563,-0.120547
AT5G13790	0	0,-0.0606285,1.14487,0.0313974
AT5G13820	0	0,-0.0606285,1.14487,0.0313974
AT5G13900	27	0,-1.2747,0.0662563,-0.120547
AT5G14000	0	0,-0.0606285,1.14487,0.0313974
AT5G14360	54	0,0.163101,0.0417034,0.766731
AT5G14760	18	0,-0.0606285,1.63183,0.0357698
AT5G14920	54	0,0.163101,0.0417034,0.766731
AT5G14930	18	0,-0.0606285,1.63183,0.0357698
AT5G15120	54	0,0.163101,0.0417034,0.766731
AT5G15150	0	0,-0.0606285,1.14487,0.0313974
AT5G15790	0	0,-0.0606285,1.14487,0.0313974
AT5G15840	0	0,-0.0606285,1.14487,0.0313974
AT5G15950	57	0,0.163101,0.0417034,-1.07882
AT5G15960	57	0,0.163101,0.0417034,-1.07882
AT5G15970	27	0,-1.2747,0.0662563,-0.120547
AT5G16110	9	0,-0.0606285,-1.2538,0.00382774
AT5G16250	9	0,-0.0606285,-1.2538,0.00382774
AT5G17170	9	0,-0.0606285,-1.2538,0.00382774
AT5G17230	27	0,-1.2747,0.0662563,-0.120547
AT5G17300	9	0,-0.0606285,-1.2538,0.00382774
AT5G17450	0	0,-0.0606285,1.14487,0.0313974
AT5G17700	27	0,-1.2747,0.0662563,-0.120547
AT5G18140	9	0,-0.0606285,-1.2538,0.00382774
AT5G18310	0	0,-0.0606285,1.14487,0.0313974
AT5G19120	54	0,0.163101,0.0417034,0.766731
AT5G19340	0	0,-0.0606285,1.14487,0.0313974
AT5G19600	54	0,0.163101,0.0417034,0.766731
AT5G19770	0	0,-0.0606285,1.14487,0.0313974
AT5G20190	0	0,-0.0606285,1.14487,0.0313974
AT5G20230	9	0,-0.0606285,-1.2538,0.00382774
AT5G20250	54	0,0.163101,0.0417034,0.766731
AT5G20270	27	0,-1.2747,0.0662563,-0.120547
AT5G20520	9	0,-0.0606285,-1.2538,0.00382774
AT5G20790	57	0,0.163101,0.0417034,-1.07882
AT5G21170	9	0,-0.0606285,-1.2538,0.00382774
AT5G21482	27	0,-1.2747,0.0662563,-0.120547
AT5G21940	54	0,0.163101,0.0417034,0.766731
AT5G22300	54	0,0.163101,0.0417034,0.766731
AT5G22310	18	0,-0.0606285,1.63183,0.0357698
AT5G22580	18	0,-0.0606285,1.63183,0.0357698
AT5G22920	54	0,0.163101,0.0417034,0.766731
AT5G23010	54	0,0.163101,0.0417034,0.766731
AT5G23050	9	0,-0.0606285,-1.2538,0.00382774
AT5G23190	27	0,-1.2747,0.0662563,-0.120547
AT5G23210	0	0,-0.0606285,1.14487,0.0313974
AT5G23530	27	0,-1.2747,0.0662563,-0.120547
AT5G23870	18	0,-0.0606285,1.63183,0.0357698
AT5G23910	9	0,-0.0606285,-1.2538,0.00382774
AT5G24030	18	0,-0.0606285,1.63183,0.0357698
AT5G24120	57	0,0.163101,0.0417034,-1.07882
AT5G24380	18	0,-0.0606285,1.63183,0.0357698
AT5G24770	54	0,0.163101,0.0417034,0.766731
AT5G24780	54	0,0.163101,0.0417034,0.766731
AT5G24800	9	0,-0.0606285,-1.2538,0.00382774
AT5G25120	9	0,-0.0606285,-1.2538,0.00382774
AT5G25130	9	0,-0.0606285,-1.2538,0.00382774
AT5G25140	9	0,-0.0606285,-1.2538,0.00382774
AT5G25170	0	0,-0.0606285,1.14487,0.0313974
AT5G25190	18	0,-0.0606285,1.63183,0.0357698
AT5G25350	54	0,0.163101,0.0417034,0.766731
AT5G25460	18	0,-0.0606285,1.63183,0.0357698
AT5G25610	57	0,0.163101,0.0417034,-1.07882
AT5G25830	0	0,-0.0606285,1.14487,0.0313974
AT5G26220	0	0,-0.0606285,1.14487,0.0313974
AT5G26280	9	0,-0.0606285,-1.2538,0.00382774
AT5G27400	9	0,-0.0606285,-1.2538,0.00382774
AT5G28300	0	0,-0.0606285,1.14487,0.0313974
AT5G35732	0	0,-0.0606285,1.14487,0.0313974
AT5G36710	9	0,-0.0606285,-1.2538,0.00382774
AT5G37260	9	0,-0.0606285,-1.2538,0.00382774
AT5G37500	0	0,-0.0606285,1.14487,0.0313974
AT5G37600	18	0,-0.0606285,1.63183,0.0357698
AT5G37690	27	0,-1.2747,0.0662563,-0.120547
AT5G37990	54	0,0.163101,0.0417034,0.766731
AT5G38000	54	0,0.163101,0.0417034,0.766731
AT5G38020	54	0,0.163101,0.0417034,0.766731
AT5G38410	57	0,0.163101,0.0417034,-1.07882
AT5G38420	57	0,0.163101,0.0417034,-1.07882
AT5G38430	57	0,0.163101,0.0417034,-1.07882
AT5G38940	54	0,0.163101,0.0417034,0.766731
AT5G39610	0	0,-0.0606285,1.14487,0.0313974
AT5G39890	0	0,-0.0606285,1.14487,0.0313974
AT5G39970	0	0,-0.0606285,1.14487,0.0313974
AT5G41040	27	0,-1.2747,0.0662563,-0.120547
AT5G42092	18	0,-0.0606285,1.63183,0.0357698
AT5G42180	27	0,-1.2747,0.0662563,-0.120547
AT5G42530	54	0,0.163101,0.0417034,0.766731
AT5G42900	54	0,0.163101,0.0417034,0.766731
AT5G43170	18	0,-0.0606285,1.63183,0.0357698
AT5G43330	0	0,-0.0606285,1.14487,0.0313974
AT5G43380	18	0,-0.0606285,1.63183,0.0357698
AT5G43580	57	0,0.163101,0.0417034,-1.07882
AT5G43890	18	0,-0.0606285,1.63183,0.0357698
AT5G44400	54	0,0.163101,0.0417034,0.766731
AT5G44550	27	0,-1.2747,0.0662563,-0.120547
AT5G44580	0	0,-0.0606285,1.14487,0.0313974
AT5G45280	18	0,-0.0606285,1.63183,0.0357698
AT5G45340	18	0,-0.0606285,1.63183,0.0357698
AT5G45410	9	0,-0.0606285,-1.2538,0.00382774
AT5G45720	0	0,-0.0606285,1.14487,0.0313974
AT5G48430	0	0,-0.0606285,1.14487,0.0313974
AT5G48485	54	0,0.163101,0.0417034,0.766731
AT5G48570	54	0,0.163101,0.0417034,0.766731
AT5G48900	18	0,-0.0606285,1.63183,0.0357698
AT5G49360	9	0,-0.0606285,-1.2538,0.00382774
AT5G49450	54	0,0.163101,0.0417034,0.766731
AT5G49645	54	0,0.163101,0.0417034,0.766731
AT5G49700	54	0,0.163101,0.0417034,0.766731
AT5G49730	9	0,-0.0606285,-1.2538,0.00382774
AT5G50130	27	0,-1.2747,0.0662563,-0.120547
AT5G50200	57	0,0.163101,0.0417034,-1.07882
AT5G50670	18	0,-0.0606285,1.63183,0.0357698
AT5G50680	18	0,-0.0606285,1.63183,0.0357698
AT5G51390	54	0,0.163101,0.0417034,0.766731
AT5G53250	0	0,-0.0606285,1.14487,0.0313974
AT5G53420	18	0,-0.0606285,1.63183,0.0357698
AT5G53450	18	0,-0.0606285,1.63183,0.0357698
AT5G53750	0	0,-0.0606285,1.14487,0.0313974
AT5G53980	54	0,0.163101,0.0417034,0.766731
AT5G54080	9	0,-0.0606285,-1.2538,0.00382774
AT5G54470	57	0,0.163101,0.0417034,-1.07882
AT5G54490	54	0,0.163101,0.0417034,0.766731
AT5G54585	9	0,-0.0606285,-1.2538,0.00382774
AT5G54940	0	0,-0.0606285,1.14487,0.0313974
AT5G55180	27	0,-1.2747,0.0662563,-0.120547
AT5G55250	57	0,0.163101,0.0417034,-1.07882
AT5G55520	9	0,-0.0606285,-1.2538,0.00382774
AT5G55620	54	0,0.163101,0.0417034,0.766731
AT5G56100	54	0,0.163101,0.0417034,0.766731
AT5G56220	0	0,-0.0606285,1.14487,0.0313974
AT5G56230	18	0,-0.0606285,1.63183,0.0357698
AT5G56320	0	0,-0.0606285,1.14487,0.0313974
AT5G56350	0	0,-0.0606285,1.14487,0.0313974
AT5G56550	54	0,0.163101,0.0417034,0.766731
AT5G56750	9	0,-0.0606285,-1.2538,0.00382774
AT5G56980	27	0,-1.2747,0.0662563,-0.120547
AT5G57180	27	0,-1.2747,0.0662563,-0.120547
AT5G57190	0	0,-0.0606285,1.14487,0.0313974
AT5G57660	27	0,-1.2747,0.0662563,-0.120547
AT5G57760	54	0,0.163101,0.0417034,0.766731
AT5G57770	18	0,-0.0606285,1.63183,0.0357698
AT5G57785	9	0,-0.0606285,-1.2538,0.00382774
AT5G58860	27	0,-1.2747,0.0662563,-0.120547
AT5G58900	18	0,-0.0606285,1.63183,0.0357698
AT5G59220	9	0,-0.0606285,-1.2538,0.00382774
AT5G59320	54	0,0.163101,0.0417034,0.766731
AT5G59510	9	0,-0.0606285,-1.2538,0.00382774
AT5G59570	9	0,-0.0606285,-1.2538,0.00382774
AT5G59730	54	0,0.163101,0.0417034,0.766731
AT5G59732	9	0,-0.0606285,-1.2538,0.00382774
AT5G60680	54	0,0.163101,0.0417034,0.766731
AT5G60850	27	0,-1.2747,0.0662563,-0.120547
AT5G61350	9	0,-0.0606285,-1.2538,0.00382774
AT5G61570	18	0,-0.0606285,1.63183,0.0357698
AT5G61590	54	0,0.163101,0.0417034,0.766731
AT5G61650	0	0,-0.0606285,1.14487,0.0313974
AT5G61820	9	0,-0.0606285,-1.2538,0.00382774
AT5G62220	27	0,-1.2747,0.0662563,-0.120547
AT5G62280	18	0,-0.0606285,1.63183,0.0357698
AT5G62920	18	0,-0.0606285,1.63183,0.0357698
AT5G63060	0	0,-0.0606285,1.14487,0.0313974
AT5G63160	54	0,0.163101,0.0417034,0.766731
AT5G63190	9	0,-0.0606285,-1.2538,0.00382774
AT5G63560	27	0,-1.2747,0.0662563,-0.120547
AT5G63600	9	0,-0.0606285,-1.2538,0.00382774
AT5G63850	18	0,-0.0606285,1.63183,0.0357698
AT5G64170	57	0,0.163101,0.0417034,-1.07882
AT5G64330	0	0,-0.0606285,1.14487,0.0313974
AT5G64700	27	0,-1.2747,0.0662563,-0.120547
AT5G64750	18	0,-0.0606285,1.63183,0.0357698
AT5G65207	54	0,0.163101,0.0417034,0.766731
AT5G65230	27	0,-1.2747,0.0662563,-0.120547
AT5G65390	18	0,-0.0606285,1.63183,0.0357698
AT5G65590	27	0,-1.2747,0.0662563,-0.120547
AT5G65790	27	0,-1.2747,0.0662563,-0.120547
AT5G65810	0	0,-0.0606285,1.14487,0.0313974
AT5G65900	0	0,-0.0606285,1.14487,0.0313974
AT5G66052	9	0,-0.0606285,-1.2538,0.00382774
AT5G66170	54	0,0.163101,0.0417034,0.766731
AT5G66310	0	0,-0.0606285,1.14487,0.0313974
AT5G66390	27	0,-1.2747,0.0662563,-0.120547
AT5G67190	54	0,0.163101,0.0417034,0.766731
AT5G67300	27	0,-1.2747,0.0662563,-0.120547
AT5G67370	18	0,-0.0606285,1.63183,0.0357698
AT5G67450	18	0,-0.0606285,1.63183,0.0357698
AT5G67520	54	0,0.163101,0.0417034,0.766731
ATCG00270	18	0,-0.0606285,1.63183,0.0357698
ATCG00420	0	0,-0.0606285,1.14487,0.0313974
ATCG00430	18	0,-0.0606285,1.63183,0.0357698
ATCG00440	18	0,-0.0606285,1.63183,0.0357698
ATCG00470	18	0,-0.0606285,1.63183,0.0357698
ATCG00480	18	0,-0.0606285,1.63183,0.0357698
ATCG00650	0	0,-0.0606285,1.14487,0.0313974
ATCG00740	18	0,-0.0606285,1.63183,0.0357698
ATCG00750	0	0,-0.0606285,1.14487,0.0313974
ATCG00770	0	0,-0.0606285,1.14487,0.0313974
ATCG00780	18	0,-0.0606285,1.63183,0.0357698
ATCG00790	18	0,-0.0606285,1.63183,0.0357698
ATCG00800	18	0,-0.0606285,1.63183,0.0357698
ATCG00810	18	0,-0.0606285,1.63183,0.0357698
ATCG00820	0	0,-0.0606285,1.14487,0.0313974
ATCG00830	0	0,-0.0606285,1.14487,0.0313974
ATCG00890	18	0,-0.0606285,1.63183,0.0357698
ATCG00900	18	0,-0.0606285,1.63183,0.0357698
ATCG01110	18	0,-0.0606285,1.63183,0.0357698
ATCG01130	54	0,0.163101,0.0417034,0.766731
ATCG01230	0	0,-0.0606285,1.14487,0.0313974
ATCG01240	18	0,-0.0606285,1.63183,0.0357698
ATCG01310	54	0,0.163101,0.0417034,0.766731
